"","soil_name","horizon","ca_mqevL","ca_ppm","bulk_density","bulk_density_sd","n","sand","silt","clay","frag","ca_g_cm3","ca_Mg_horizon","ca_Mg_ha"
"1","acadia","0_10",0.88,176,1.4,0.246635757280942,1,58.5,36.4,5.1,2,0.000241472,2.41472e-05,0.241472
"2","acadia","10_20",1.06,212,1.5096443452381,0.210069553241103,0,46.7895312870223,30.4653139464118,15.1362533561418,2.95214027796427,0.000310596435611283,3.10596435611283e-05,0.310596435611283
"3","acadia","20_40",1.24,248,1.62,0.215883238671701,1,40.9,37.5,21.6,2,0.0003937248,7.874496e-05,0.7874496
"4","acadia","40_100",1.88333333333333,376.666666666667,1.81,0.05,3,35.8333333333333,33.0333333333333,31.1333333333333,1.66666666666667,0.000670403888888889,0.000402242333333333,4.02242333333333
"5","albany","0_10",0.648333333333333,129.666666666667,1.6,0.246635757280942,1,46.4333333333333,7.40555555555556,2.86666666666667,0.0555555555555556,0.000207351407407407,2.07351407407407e-05,0.207351407407407
"6","albany","10_20",0.59,118,1.5096443452381,0.210069553241103,0,45.6285714285714,5.97142857142857,2.24285714285714,0,0.000178138032738096,1.78138032738096e-05,0.178138032738096
"7","albany","20_40",0.0977777777777778,19.5555555555556,1.69,0.014142135623731,2,57.1647058823529,7.74444444444444,2.60555555555556,0.0555555555555556,3.30305283950617e-05,6.60610567901235e-06,0.0660610567901235
"8","albany","40_100",0.0849056603773585,16.9811320754717,1.74666666666667,0.0956382071489562,6,53.5452830188679,6.73962264150943,2.40754716981132,0.0754716981132075,2.96379921680314e-05,1.77827953008188e-05,0.177827953008188
"9","allanton","0_10",0.09,18,1.3509262485482,0.246635757280942,0,21.2,6.2,7.8,0,2.43166724738676e-05,2.43166724738676e-06,0.0243166724738676
"10","allanton","10_20",0.03,6,1.5096443452381,0.210069553241103,0,95.2,6.5,2,0,9.0578660714286e-06,9.0578660714286e-07,0.0090578660714286
"11","allanton","20_40",0.02,4,1.50104635443921,0.215883238671701,0,17.25,8.15,3.05,0,6.00418541775684e-06,1.20083708355137e-06,0.0120083708355137
"12","allanton","40_100",0.024,4.8,1.59451747615447,0.19649269329816,0,68.1,7,2.68,0,7.65368388554146e-06,4.59221033132487e-06,0.0459221033132487
"13","angelina","0_10",8.42,1684,1.53,0.246635757280942,1,30.2,40.5,29.3,0,0.00257652,0.000257652,2.57652
"14","angelina","10_20",9.385,1877,1.5096443452381,0.210069553241103,0,46.7895312870223,30.4653139464118,15.1362533561418,2.95214027796427,0.00274995051718103,0.000274995051718103,2.74995051718103
"15","angelina","20_40",10.35,2070,1.81,0.215883238671701,1,16.6,42.1,41.3,0,0.0037467,0.00074934,7.4934
"16","angelina","40_100",5.61,1122,1.69666666666667,0.0550757054728611,3,52.5333333333333,22.9666666666667,24.5,0,0.00190366,0.001142196,11.42196
"17","appling","0_10",0.345,69,1.3509262485482,0.246635757280942,0,65.0666666666667,21.1333333333333,12.6,4,8.94853547038328e-05,8.94853547038328e-06,0.0894853547038328
"18","appling","10_20",2.89,578,1.5096443452381,0.210069553241103,0,31.175,38.425,15.125,0,0.000872574431547622,8.72574431547622e-05,0.872574431547622
"19","appling","20_40",0.05,10,1.50104635443921,0.215883238671701,0,36.8,20.6,42.6,0,1.50104635443921e-05,3.00209270887842e-06,0.0300209270887842
"20","appling","40_100",0.15625,31.25,1.31,0.19649269329816,1,42.0181818181818,25.5,32.9090909090909,2.72727272727273,3.98210227272727e-05,2.38926136363636e-05,0.238926136363636
"21","arkana","0_10",8.625,1725,1.3509262485482,0.246635757280942,0,26.26875,54.1375,19.6,0,0.00233034777874565,0.000233034777874565,2.33034777874565
"22","arkana","10_20",9.34285714285714,1868.57142857143,1.5096443452381,0.210069553241103,0,26.5285714285714,49.4571428571429,24.0142857142857,0,0.00282087829081634,0.000282087829081634,2.82087829081634
"23","arkana","20_40",10.7842105263158,2156.84210526316,1.50104635443921,0.215883238671701,0,19.9578947368421,39.3421052631579,40.6947368421053,0,0.00323751997920625,0.000647503995841251,6.47503995841251
"24","arkana","40_100",16.8837837837838,3376.75675675676,1.59451747615447,0.19649269329816,0,11.5108108108108,26.2378378378378,62.2378378378378,0,0.00538429766137134,0.0032305785968228,32.305785968228
"25","ashe","0_10",5.39,1078,1.26,0.246635757280942,1,48.7666666666667,35.2333333333333,16,6.33333333333333,0.0012722556,0.00012722556,1.2722556
"26","ashe","10_20",0.795,159,1.5096443452381,0.210069553241103,0,49.2,36.75,14.05,2,0.000235232781875001,2.35232781875001e-05,0.235232781875001
"27","ashe","20_40",0.2,40,1.58,0.215883238671701,1,63.5,22.7,13.8,1,6.2568e-05,1.25136e-05,0.125136
"28","ashe","40_100",0.81,162,1.79,0.19649269329816,1,59.06,27.64,13.3,8,0.0002667816,0.00016006896,1.6006896
"29","ashlar","0_10",0.33,66,1.3509262485482,0.246635757280942,0,48.2886660985049,31.5216808172776,14.2365984772959,2.55253239021966,8.68852656200779e-05,8.68852656200779e-06,0.0868852656200779
"30","ashlar","10_20",0.33,66,1.5096443452381,0.210069553241103,0,46.7895312870223,30.4653139464118,15.1362533561418,2.95214027796427,9.66951167469089e-05,9.66951167469089e-06,0.0966951167469089
"31","ashlar","20_40",0.33,66,1.57,0.215883238671701,1,74.2,20.1,5.7,14,8.91132e-05,1.782264e-05,0.1782264
"32","ashlar","40_100",0.615,123,1.55,0.19649269329816,1,75.2,19.4,5.4,30,0.000133455,8.0073e-05,0.80073
"33","attoyac","0_10",1.45666666666667,291.333333333333,1.63,0.226274169979695,2,64.0333333333333,31.7333333333333,4.23333333333333,0.333333333333333,0.000473290422222222,4.73290422222222e-05,0.473290422222222
"34","attoyac","10_20",1.545,309,1.585,0.134350288425444,2,72.75,24.25,3,1,0.00048486735,4.8486735e-05,0.48486735
"35","attoyac","20_40",2.09833333333333,419.666666666667,1.648,0.122351951353462,5,61.2333333333333,30.45,8.31666666666667,0.333333333333333,0.000689305297777778,0.000137861059555556,1.37861059555556
"36","attoyac","40_100",2.75181818181818,550.363636363636,1.7775,0.0337003603202442,8,49.0545454545455,26.5636363636364,24.3818181818182,0.181818181818182,0.000976492688429752,0.000585895613057851,5.85895613057851
"37","bayboro","0_10",8.4,1680,1.3509262485482,0.246635757280942,0,44.8,20.4,34.8,0,0.00226955609756098,0.000226955609756098,2.26955609756098
"38","bayboro","10_20",4.7,940,1.5096443452381,0.210069553241103,0,36,31.2666666666667,32.7333333333333,0,0.00141906568452381,0.000141906568452381,1.41906568452381
"39","bayboro","20_40",1,200,1.50104635443921,0.215883238671701,0,31.95,32.85,35.2,0,0.000300209270887842,6.00418541775684e-05,0.600418541775684
"40","bayboro","40_100",8.04444444444444,1608.88888888889,1.59451747615447,0.19649269329816,0,26.6666666666667,24.5,48.8333333333333,0,0.00256540145052408,0.00153924087031445,15.3924087031445
"41","beauregard","0_10",2.74833333333333,549.666666666667,1.39,0.246635757280942,1,39.1833333333333,55.1333333333333,5.68333333333333,1.16666666666667,0.000755122905555555,7.55122905555555e-05,0.755122905555556
"42","beauregard","10_20",0.711666666666667,142.333333333333,1.6,0.210069553241103,1,36.0666666666667,54.7,9.23333333333333,1,0.000225456,2.25456e-05,0.225456
"43","beauregard","20_40",0.465,93,1.62,0.215883238671701,1,30.8166666666667,52.3666666666667,16.8166666666667,1,0.0001491534,2.983068e-05,0.2983068
"44","beauregard","40_100",0.519285714285714,103.857142857143,1.70666666666667,0.0850490054811538,3,27.90625,52.375,19.71875,1.25,0.000175033904761905,0.000105020342857143,1.05020342857143
"45","benndale","0_10",1.045,209,1.53,0.246635757280942,1,71.4,18.95,9.65,0.5,0.00031817115,3.1817115e-05,0.31817115
"46","benndale","10_20",0.77,154,1.5096443452381,0.210069553241103,0,46.7895312870223,30.4653139464118,15.1362533561418,2.95214027796427,0.000225621939076121,2.25621939076121e-05,0.225621939076121
"47","benndale","20_40",0.495,99,1.63,0.215883238671701,1,64.15,20.1,15.75,0,0.00016137,3.2274e-05,0.32274
"48","benndale","40_100",0.312,62.4,1.69,0.0173205080756888,3,69.12,17.16,13.72,0.6,0.000104823264,6.28939584e-05,0.628939584
"49","bernaldo","0_10",4.35333333333333,870.666666666667,1.3509262485482,0.246635757280942,0,62.0666666666667,35.5,2.43333333333333,0,0.00117620645373597,0.000117620645373597,1.17620645373597
"50","bernaldo","10_20",1.3,260,1.44,0.210069553241103,1,52.3,42.1,5.6,0,0.0003744,3.744e-05,0.3744
"51","bernaldo","20_40",1.0675,213.5,1.51,0.0800000000000001,3,56.625,37.875,5.5,0,0.000322385,6.4477e-05,0.64477
"52","bernaldo","40_100",2.93571428571429,587.142857142857,1.67142857142857,0.0817370930542087,7,41.4857142857143,32.4428571428571,26.0714285714286,0.142857142857143,0.000979965393586005,0.000587979236151603,5.87979236151603
"53","besner","0_10",0.7,140,1.24,0.246635757280942,1,66,31.2,2.8,0,0.0001736,1.736e-05,0.1736
"54","besner","10_20",0.6,120,1.5096443452381,0.210069553241103,0,46.7895312870223,30.4653139464118,15.1362533561418,2.95214027796427,0.000175809303176198,1.75809303176198e-05,0.175809303176198
"55","besner","20_40",0.5,100,1.47,0.014142135623731,2,65.45,31.85,2.7,0,0.000147,2.94e-05,0.294
"56","besner","40_100",0.14,28,1.688,0.148895936814945,5,61.6,35.62,2.78,0,4.7264e-05,2.83584e-05,0.283584
"57","bethera","0_10",3.955,791,1.27,0.246635757280942,1,48.9,54.65,31.7,0,0.00100457,0.000100457,1.00457
"58","bethera","10_20",0.46,92,1.5096443452381,0.210069553241103,0,6.8,51.5,24.3,0,0.000138887279761905,1.38887279761905e-05,0.138887279761905
"59","bethera","20_40",3.86,772,1.34,0.215883238671701,1,46.1,49.95,38.55,0,0.00103448,0.000206896,2.06896
"60","bethera","40_100",4.77,954,1.74,0.19649269329816,1,15.5666666666667,30.1,53.9,0,0.00165996,0.000995976,9.95976
"61","betis","0_10",1.185,237,1.3509262485482,0.246635757280942,0,48.2886660985049,31.5216808172776,14.2365984772959,2.55253239021966,0.000311997090181189,3.11997090181189e-05,0.311997090181189
"62","betis","10_20",1.185,237,1.5096443452381,0.210069553241103,0,90.85,7.35,1.8,0,0.00035778570982143,3.5778570982143e-05,0.35778570982143
"63","betis","20_40",0.29,58,1.50104635443921,0.215883238671701,0,84.3,13.1,2.6,0,8.70606885574742e-05,1.74121377114948e-05,0.174121377114948
"64","betis","40_100",0.426,85.2,1.72,0.19649269329816,1,86.76,9.2,4.04,0,0.000146544,8.79264e-05,0.879264
"65","bibb","0_10",1.1725,234.5,1.3509262485482,0.246635757280942,0,70.375,21.9,7.725,0,0.000316792205284553,3.16792205284553e-05,0.316792205284553
"66","bibb","10_20",0.35,70,1.5096443452381,0.210069553241103,0,48.3,37.55,14.05,0,0.000105675104166667,1.05675104166667e-05,0.105675104166667
"67","bibb","20_40",0.214,42.8,1.14,0.215883238671701,1,61.52,27.56,10.88,0,4.8792e-05,9.7584e-06,0.097584
"68","bibb","40_100",0.16,32,1.38,0.127279220613579,2,76.28,15.69,7.99,0.2,4.407168e-05,2.6443008e-05,0.26443008
"69","blanton","0_10",0.807894736842105,161.578947368421,1.45,0.246635757280942,1,54.0944444444444,6.24736842105263,2.58947368421053,0,0.000234289473684211,2.34289473684211e-05,0.23428947368421
"70","blanton","10_20",0.74125,148.25,1.5096443452381,0.210069553241103,0,64.475,8.375,2.9875,0,0.000223804774181548,2.23804774181548e-05,0.223804774181548
"71","blanton","20_40",0.257857142857143,51.5714285714286,1.50104635443921,0.215883238671701,0,51.1769230769231,7.76428571428571,3.35714285714286,0,7.7411104850365e-05,1.5482220970073e-05,0.15482220970073
"72","blanton","40_100",0.132083333333333,26.4166666666667,1.57,0.0264575131106459,3,58.4387755102041,6.66734693877551,2.73877551020408,0,4.14741666666667e-05,2.48845e-05,0.248845
"73","bonneau","0_10",2.63090909090909,526.181818181818,1.66,0.246635757280942,1,76.54,11.3454545454545,4.59090909090909,1.81818181818182,0.000857580694214876,8.57580694214876e-05,0.857580694214876
"74","bonneau","10_20",1.4,280,1.81,0.210069553241103,1,75.9833333333333,8.43333333333333,2.73333333333333,4.16666666666667,0.000485683333333333,4.85683333333333e-05,0.485683333333333
"75","bonneau","20_40",0.836923076923077,167.384615384615,1.50104635443921,0.215883238671701,0,65.4692307692308,11.6076923076923,6.16923076923077,1.46153846153846,0.000247579921121876,4.95159842243752e-05,0.495159842243752
"76","bonneau","40_100",0.966296296296296,193.259259259259,1.64,0.0299999999999999,3,55.8648148148148,9.37592592592593,18.2851851851852,1.18518518518519,0.000313188797805213,0.000187913278683128,1.87913278683128
"77","boulogne","0_10",0.283333333333333,56.6666666666667,1.3509262485482,0.246635757280942,0,59.3333333333333,4.66666666666667,1.86666666666667,0,7.65524874177313e-05,7.65524874177314e-06,0.0765524874177314
"78","boulogne","10_20",0.185666666666667,37.1333333333333,1.5096443452381,0.210069553241103,0,46.7895312870223,30.4653139464118,15.1362533561418,2.95214027796427,5.44032121495235e-05,5.44032121495235e-06,0.0544032121495235
"79","boulogne","20_40",0.088,17.6,1.50104635443921,0.215883238671701,0,33.675,5.22,2.54,0,2.64184158381301e-05,5.28368316762602e-06,0.0528368316762602
"80","boulogne","40_100",0.044,8.8,1.59451747615447,0.19649269329816,0,67.5444444444445,4.33,2.65,0,1.40317537901593e-05,8.4190522740956e-06,0.084190522740956
"81","bude","0_10",2.75,550,1.54,0.127279220613579,2,24.4,65.55,10.05,0,0.000847,8.47e-05,0.847
"82","bude","10_20",2.2,440,1.5096443452381,0.210069553241103,0,46.7895312870223,30.4653139464118,15.1362533561418,2.95214027796427,0.000644634111646059,6.44634111646059e-05,0.644634111646059
"83","bude","20_40",1.65,330,1.50104635443921,0.215883238671701,0,16.15,64.55,19.3,0,0.000495345296964939,9.90690593929879e-05,0.990690593929879
"84","bude","40_100",1.38888888888889,277.777777777778,1.675,0.124766448481419,4,14.8888888888889,61.2222222222222,23.8888888888889,0,0.000465277777777778,0.000279166666666667,2.79166666666667
"85","burton","0_10",0.72125,144.25,0.7225,0.12737739202857,4,55.0444444444444,29.3111111111111,20.5125,11.7777777777778,9.19457513888889e-05,9.19457513888889e-06,0.0919457513888889
"86","burton","10_20",0.2,40,0.935,0.275771644662753,2,55.35,28.125,16.525,5.25,3.54365e-05,3.54365e-06,0.0354365
"87","burton","20_40",0.0675,13.5,1.046,0.114367827643966,5,54.7625,30.6875,14.55,15.75,1.18969425e-05,2.3793885e-06,0.023793885
"88","burton","40_100",0.0972727272727273,19.4545454545455,1.27166666666667,0.0847152091815081,6,56.1636363636364,30.5181818181818,13.3181818181818,10.7272727272727,2.20858022038568e-05,1.32514813223141e-05,0.132514813223141
"89","caddo","0_10",0.6,120,1.465,0.0494974746830584,2,24.4285714285714,69.4571428571429,6.11428571428571,0.714285714285714,0.000174544285714286,1.74544285714286e-05,0.174544285714286
"90","caddo","10_20",0.42,84,1.6,0.210069553241103,1,19.1,69.575,11.325,0.5,0.000133728,1.33728e-05,0.133728
"91","caddo","20_40",0.26625,53.25,1.685,0.0212132034355964,2,21.4,66.675,11.925,0.25,8.9501934375e-05,1.7900386875e-05,0.17900386875
"92","caddo","40_100",0.74375,148.75,1.7075,0.0713559154286921,4,18.26875,63.74375,17.9875,0.3125,0.000253196904296875,0.000151918142578125,1.51918142578125
"93","cahaba","0_10",4.38916666666667,877.833333333333,1.4,0.0556776436283002,3,51.35,34.175,14.4666666666667,0,0.00122896666666667,0.000122896666666667,1.22896666666667
"94","cahaba","10_20",2.88714285714286,577.428571428571,1.37,0.210069553241103,1,51.3,31.5,17.2,0,0.000791077142857143,7.91077142857143e-05,0.791077142857143
"95","cahaba","20_40",3.12133333333333,624.266666666667,1.47333333333333,0.0757187779440037,3,47.9466666666667,32.9,19.14,0,0.000919752888888887,0.000183950577777777,1.83950577777777
"96","cahaba","40_100",2.53757575757576,507.515151515152,1.526,0.0439317652729776,5,46.1545454545455,28.3606060606061,25.469696969697,0,0.000774468121212121,0.000464680872727273,4.64680872727273
"97","carnasaw","0_10",5.45,1090,1.5,0.325269119345812,2,27.6,61.4,10.975,8.25,0.0015001125,0.00015001125,1.5001125
"98","carnasaw","10_20",2.1425,428.5,1.59,0.0565685424949237,2,29.775,56.975,14.3,9.75,0.0006148867875,6.148867875e-05,0.6148867875
"99","carnasaw","20_40",0.923333333333333,184.666666666667,1.43333333333333,0.155349069303081,3,11.4333333333333,36.4666666666667,52.0666666666667,4.66666666666667,0.00025233674074074,5.0467348148148e-05,0.50467348148148
"100","carnasaw","40_100",0.404615384615385,80.9230769230769,1.55142857142857,0.110064915910047,7,15.6923076923077,33.7153846153846,51.8769230769231,5.61538461538461,0.000118496461876585,7.10978771259509e-05,0.710978771259509
"101","cartecay","0_10",2.67,534,1.3509262485482,0.246635757280942,0,53.1,26,20.9,0,0.000721394616724739,7.21394616724739e-05,0.721394616724739
"102","cartecay","10_20",1.755,351,1.5096443452381,0.210069553241103,0,46.7895312870223,30.4653139464118,15.1362533561418,2.95214027796427,0.000514242211790379,5.14242211790379e-05,0.514242211790379
"103","cartecay","20_40",0.84,168,1.50104635443921,0.215883238671701,0,71.2,16.3,12.5,0,0.000252175787545787,5.04351575091575e-05,0.504351575091575
"104","cartecay","40_100",1.585,317,1.59451747615447,0.19649269329816,0,69,18.8,12.2,0,0.000505462039940967,0.00030327722396458,3.0327722396458
"105","cashiers","0_10",0.74,148,1.3509262485482,0.246635757280942,0,54.6,25.6,19.8,8,0.000183942118002323,1.83942118002323e-05,0.183942118002323
"106","cashiers","10_20",0.595,119,1.5096443452381,0.210069553241103,0,46.7895312870223,30.4653139464118,15.1362533561418,2.95214027796427,0.00017434422564973,1.7434422564973e-05,0.17434422564973
"107","cashiers","20_40",0.45,90,1.04,0.215883238671701,1,59.3,23,17.7,9,8.5176e-05,1.70352e-05,0.170352
"108","cashiers","40_100",0.5,100,1.31,0.0989949493661166,2,66.4,18.5,15.1,7.5,0.000121175,7.2705e-05,0.72705
"109","cataula","0_10",3,600,1.39,0.246635757280942,1,66.2,18.5,15.3,4,0.00080064,8.0064e-05,0.80064
"110","cataula","10_20",1.34,268,1.72,0.210069553241103,1,68,18,14,11,0.0004102544,4.102544e-05,0.4102544
"111","cataula","20_40",2.34,468,1.51,0.215883238671701,1,36.7,13.5,49.8,4,0.0006784128,0.00013568256,1.3568256
"112","cataula","40_100",2.66,532,1.505,0.120208152801713,2,32.0333333333333,15.6,52.3666666666667,2.66666666666667,0.000779309066666667,0.00046758544,4.6758544
"113","cecil","0_10",3.46030303030303,692.060606060606,1.58571428571429,0.13226956602045,7,58.4710526315789,21.9894736842105,21.9684210526316,6.13157894736842,0.00103012180519481,0.000103012180519481,1.03012180519481
"114","cecil","10_20",2.41722222222222,483.444444444444,1.64666666666667,0.102143689640297,3,53.74,20.095,29.655,5.6,0.00075149182814815,7.5149182814815e-05,0.75149182814815
"115","cecil","20_40",1.47363636363636,294.727272727273,1.59083333333333,0.124568953766275,12,46.504347826087,20.4652173913043,36.6217391304348,5.21739130434783,0.000444399606060605,8.88799212121211e-05,0.888799212121211
"116","cecil","40_100",1.03283582089552,206.567164179104,1.498,0.097689087900015,20,35.9277777777778,21.0986111111111,42.8472222222222,2.30555555555556,0.00030230335588723,0.000181382013532338,1.81382013532338
"117","chandler","0_10",0.91,182,1.3509262485482,0.246635757280942,0,40.35,22.05,29.3,22,0.000191777490243902,1.91777490243903e-05,0.191777490243903
"118","chandler","10_20",0.19,38,1.62,0.210069553241103,1,65,22,13,47,3.26268e-05,3.26268e-06,0.0326268
"119","chandler","20_40",0.55,110,1.50104635443921,0.215883238671701,0,44.2,18.4,37.4,10,0.000148603589089482,2.97207178178964e-05,0.297207178178964
"120","chandler","40_100",0.475,95,2.07666666666667,0.271538824725551,3,80.75,10.1,9.15,21.75,0.000154374208333334,9.26245250000002e-05,0.926245250000001
"121","chestnut","0_10",23.8133333333333,4762.66666666667,1.3509262485482,0.246635757280942,0,34.7,48.6,14.6333333333333,3,0.00624099107069299,0.000624099107069299,6.24099107069299
"122","chestnut","10_20",11.9791666666667,2395.83333333333,1.5096443452381,0.210069553241103,0,46.7895312870223,30.4653139464118,15.1362533561418,2.95214027796427,0.00351008157383034,0.000351008157383034,3.51008157383034
"123","chestnut","20_40",0.145,29,1.13,0.215883238671701,1,42.05,37.05,20.9,10,2.9493e-05,5.8986e-06,0.058986
"124","chestnut","40_100",0.106666666666667,21.3333333333333,1.45,0.0989949493661167,2,65,29.3,5.7,1.66666666666667,3.04177777777778e-05,1.82506666666667e-05,0.182506666666667
"125","chewacla","0_10",6.82857142857143,1365.71428571429,1.355,0.190918830920368,2,13.0714285714286,48.3571428571429,38.5714285714286,1.28571428571429,0.00182675016326531,0.000182675016326531,1.82675016326531
"126","chewacla","10_20",4.49,898,1.5096443452381,0.210069553241103,0,12.45,41,46.55,0.5,0.00134888231891369,0.000134888231891369,1.34888231891369
"127","chewacla","20_40",1.66,332,1.48,0.0692820323027551,3,11.45,48.925,39.625,3.5,0.0004741624,9.483248e-05,0.9483248
"128","chewacla","40_100",2.79285714285714,558.571428571429,1.53333333333333,0.118462370959446,3,15.65,46.3285714285714,38.0214285714286,0.5,0.000852193809523808,0.000511316285714285,5.11316285714285
"129","clarksville","0_10",4.21360946745562,842.721893491124,1.3509262485482,0.246635757280942,0,26.5863905325444,63.2307692307692,10.1786982248521,0.93491124260355,0.00112781158117709,0.000112781158117709,1.12781158117709
"130","clarksville","10_20",1.13617647058824,227.235294117647,1.5096443452381,0.210069553241103,0,24.1833333333333,65.2088235294118,10.6098039215686,0.235294117647059,0.000342237313328391,3.42237313328391e-05,0.342237313328391
"131","clarksville","20_40",1.09945355191257,219.890710382514,1.50104635443921,0.215883238671701,0,24.6770491803279,62.575956284153,12.7448087431694,1.2568306010929,0.000325917776827792,6.51835553655584e-05,0.651835553655584
"132","clarksville","40_100",1.55720703125,311.44140625,2.04,0.0916515138991169,3,26.1935546875,46.393359375,27.41328125,1.05078125,0.000628664430230713,0.000377198658138428,3.77198658138428
"133","clebit","0_10",4.86,972,1.48,0.246635757280942,1,57.1,28.5,14.4,10,0.001294704,0.0001294704,1.294704
"134","clebit","10_20",3.61,722,1.5096443452381,0.210069553241103,0,46.7895312870223,30.4653139464118,15.1362533561418,2.95214027796427,0.00105778597411012,0.000105778597411012,1.05778597411012
"135","clebit","20_40",2.36,472,1.51,0.215883238671701,1,56.5,30,13.5,14,0.0006129392,0.00012258784,1.2258784
"136","clebit","40_100",2.36,472,1.59451747615447,0.19649269329816,0,47.1527031434407,24.7802985973975,23.2730709428291,3.29052854268621,0.000727847327884206,0.000436708396730524,4.36708396730524
"137","clifton","0_10",4.83125,966.25,1.29857142857143,0.108386433872598,7,36.05,35.75,28.2,11.375,0.00111201743973214,0.000111201743973214,1.11201743973214
"138","clifton","10_20",4.33,866,1.53,0.0916515138991168,3,27.4666666666667,37.0666666666667,35.4666666666667,2,0.0012984804,0.00012984804,1.2984804
"139","clifton","20_40",1.61125,322.25,1.47166666666667,0.0820771994324043,6,28.0125,31.425,40.5625,5.75,0.000446975519791668,8.93951039583336e-05,0.893951039583336
"140","clifton","40_100",1.38,276,1.3935,0.106389304963076,20,38.1909090909091,27.1363636363636,34.6727272727273,5.45454545454545,0.000363627490909091,0.000218176494545455,2.18176494545455
"141","congaree","0_10",0.42,84,1.3509262485482,0.246635757280942,0,48.2886660985049,31.5216808172776,14.2365984772959,2.55253239021966,0.000110581247152826,1.10581247152826e-05,0.110581247152826
"142","congaree","10_20",0.42,84,1.5096443452381,0.210069553241103,0,53.2,29,17.8,0,0.000126810125,1.26810125e-05,0.126810125
"143","congaree","20_40",2.05375,410.75,1.50104635443921,0.215883238671701,0,44.6474010593,29.3694540148412,19.535668248824,2.4242495503916,0.00060160796335933,0.000120321592671866,1.20321592671866
"144","congaree","40_100",3.6875,737.5,1.59451747615447,0.19649269329816,0,43.05,35.725,21.225,0,0.00117595663866392,0.000705573983198353,7.05573983198353
"145","cowarts","0_10",1.98583333333333,397.166666666667,1.525,0.088881944173156,4,73.7916666666667,9.60833333333333,8.75,3.83333333333333,0.000582461465277778,5.82461465277778e-05,0.582461465277778
"146","cowarts","10_20",0.516,103.2,1.65,0.0282842712474619,2,79.2,10.26,10.54,3.4,0.00016449048,1.6449048e-05,0.16449048
"147","cowarts","20_40",0.647857142857143,129.571428571429,1.66333333333333,0.091796877216312,6,65.7857142857143,8.22857142857143,23.6357142857143,5.42857142857143,0.000203820793197279,4.07641586394557e-05,0.407641586394557
"148","cowarts","40_100",0.571621621621622,114.324324324324,1.70055555555556,0.108653373420044,18,61.2027777777778,6.44864864864865,31.6567567567568,2.75675675675676,0.000189055319941564,0.000113433191964938,1.13433191964938
"149","cowee","0_10",0.12,24,1.33,0.246635757280942,1,67.2,20.6,12.2,20,2.5536e-05,2.5536e-06,0.025536
"150","cowee","10_20",0.12,24,1.5096443452381,0.210069553241103,0,46.7895312870223,30.4653139464118,15.1362533561418,2.95214027796427,3.51618606352396e-05,3.51618606352396e-06,0.0351618606352396
"151","cowee","20_40",0.12,24,1.64,0.215883238671701,1,62.8,18.6,18.6,17,3.26688e-05,6.53376e-06,0.0653376
"152","cowee","40_100",0.103333333333333,20.6666666666667,1.83,0.395979797464466,2,78.9666666666667,9.6,11.4333333333333,18.3333333333333,3.08863333333333e-05,1.85318e-05,0.185318
"153","craggey","0_10",1.9,380,0.76,0.10816653826392,3,60.075,33.2,23.625,6.75,0.000269306,2.69306e-05,0.269306
"154","craggey","10_20",1.225,245,1.04,0.210069553241103,1,71.85,20.6,7.55,21,0.000201292,2.01292e-05,0.201292
"155","craggey","20_40",0,0,0.97,0.215883238671701,1,79.6666666666667,16.9,3.43333333333333,20.3333333333333,0,0,0
"156","craggey","40_100",0,0,1.59451747615447,0.19649269329816,0,68.1,23.5,8.4,20,0,0,0
"157","craven","0_10",2.215,443,1.45,0.014142135623731,2,23.3,67.2,9.5,0,0.00064235,6.4235e-05,0.64235
"158","craven","10_20",0.07,14,1.62,0.210069553241103,1,25.9,63.9,10.2,0,2.268e-05,2.268e-06,0.02268
"159","craven","20_40",0.82,164,1.58333333333333,0.153079500042734,3,15.0666666666667,57.7666666666667,27.1666666666667,0,0.000259666666666666,5.19333333333332e-05,0.519333333333332
"160","craven","40_100",0.346,69.2,1.588,0.0402492235949962,5,15.24,38.26,46.5,0,0.0001098896,6.593376e-05,0.6593376
"161","cullasaja","0_10",5.295,1059,0.925,0.0353553390593273,2,58.7,29,12.3,57,0.00042121725,4.2121725e-05,0.42121725
"162","cullasaja","10_20",3.99,798,0.84,0.210069553241103,1,55.3,23.7,21,51,0.0003284568,3.284568e-05,0.3284568
"163","cullasaja","20_40",0.893333333333333,178.666666666667,1.32666666666667,0.319426569548204,3,58.0666666666667,28.8,13.1333333333333,46.6666666666667,0.000126416592592593,2.52833185185186e-05,0.252833185185186
"164","cullasaja","40_100",0.912857142857143,182.571428571429,1.54666666666667,0.185022521151706,3,63.9428571428571,23.8571428571429,12.2,58.8571428571429,0.000116178024489796,6.97068146938776e-05,0.697068146938776
"165","davidson","0_10",4.23428571428571,846.857142857143,1.59,0.12,3,47.1571428571429,23.3,29.5428571428571,1,0.00133303782857143,0.000133303782857143,1.33303782857143
"166","davidson","10_20",2.28,456,1.5096443452381,0.210069553241103,0,30.9333333333333,34.0333333333333,30.7,1.33333333333333,0.000679219183809526,6.79219183809526e-05,0.679219183809526
"167","davidson","20_40",2.195,439,1.5725,0.0206155281280883,4,40.1,20.9666666666667,38.9333333333333,0.666666666666667,0.000685725316666667,0.000137145063333333,1.37145063333333
"168","davidson","40_100",1.09714285714286,219.428571428571,1.57666666666667,0.104626319187223,6,27.2,16.3357142857143,56.4642857142857,0.785714285714286,0.000343247412244899,0.000205948447346939,2.05948447346939
"169","dorovan","0_10",0.1,20,1.3509262485482,0.246635757280942,0,48.2886660985049,31.5216808172776,14.2365984772959,2.55253239021966,2.63288683697206e-05,2.63288683697206e-06,0.0263288683697206
"170","dorovan","10_20",0.1,20,1.5096443452381,0.210069553241103,0,21,0.1,17.9,0,3.0192886904762e-05,3.0192886904762e-06,0.030192886904762
"171","dorovan","20_40",0.115,23,1.50104635443921,0.215883238671701,0,44.6474010593,29.3694540148412,19.535668248824,2.4242495503916,3.36871166336326e-05,6.73742332672652e-06,0.0673742332672652
"172","dorovan","40_100",0.13,26,1.59451747615447,0.19649269329816,0,65.3,0.8,22.2,0,4.14574543800162e-05,2.48744726280097e-05,0.248744726280097
"173","dothan","0_10",3.7735,754.7,1.405,0.346482322781408,2,74.3809523809524,14.13125,7.63125,1.8125,0.0010411345928125,0.00010411345928125,1.0411345928125
"174","dothan","10_20",1.43609756097561,287.219512195122,1.65666666666667,0.124525767079214,6,78.5595238095238,13.047619047619,7.08095238095238,2.19047619047619,0.00046540411490515,4.6540411490515e-05,0.46540411490515
"175","dothan","20_40",0.709830508474576,141.966101694915,1.778,0.0834865258589673,5,66.6610169491525,13.3305084745763,15.0779661016949,2.91525423728814,0.00024505716858374,4.90114337167481e-05,0.490114337167481
"176","dothan","40_100",0.767575757575758,153.515151515152,1.636,0.068677992593455,25,55.375,12.6240740740741,27.6231481481481,3.31481481481481,0.000242825604354658,0.000145695362612795,1.45695362612795
"177","duplin","0_10",0.715,143,1.3509262485482,0.246635757280942,0,37.2,23.2,9.4,0,0.000193182453542393,1.93182453542393e-05,0.193182453542393
"178","duplin","10_20",2.32,464,1.5096443452381,0.210069553241103,0,7.3,17.8,12,0,0.000700474976190478,7.00474976190478e-05,0.700474976190478
"179","duplin","20_40",0.803333333333333,160.666666666667,1.50104635443921,0.215883238671701,0,52.9333333333333,21.7666666666667,24.9333333333333,0,0.0002411681142799,4.823362285598e-05,0.4823362285598
"180","duplin","40_100",0.785714285714286,157.142857142857,1.59451747615447,0.19649269329816,0,38.5,18.2857142857143,49.5714285714286,0,0.000250567031967131,0.000150340219180279,1.50340219180279
"181","edneyville","0_10",0.3,60,0.82,0.246635757280942,1,32.7,38.7,28.6,5,4.674e-05,4.674e-06,0.04674
"182","edneyville","10_20",0.14,28,1.19,0.210069553241103,1,36.5,34.2,29.3,2,3.26536e-05,3.26536e-06,0.0326536
"183","edneyville","20_40",0.09,18,1.50104635443921,0.215883238671701,0,44.6474010593,29.3694540148412,19.535668248824,2.4242495503916,2.63638304089299e-05,5.27276608178598e-06,0.0527276608178598
"184","edneyville","40_100",0.04,8,1.075,0.0493288286231624,4,66.5,24.24,9.26,0.6,8.5484e-06,5.12904e-06,0.0512904
"185","enon","0_10",4.945,989,1.07,0.246635757280942,1,60.1,29.95,9.95,27.5,0.00076721675,7.6721675e-05,0.76721675
"186","enon","10_20",2.83,566,1.48,0.210069553241103,1,46.3,40.6,13.1,29,0.0005947528,5.947528e-05,0.5947528
"187","enon","20_40",5.295,1059,1.52,0.215883238671701,1,30.75,19.9,49.35,8,0.0014809056,0.00029618112,2.9618112
"188","enon","40_100",7.56,1512,1.76333333333333,0.0873689494805411,3,32.3857142857143,17.5285714285714,50.0857142857143,2.57142857142857,0.0025976016,0.00155856096,15.5856096
"189","escambia","0_10",0.0733333333333333,14.6666666666667,1.3509262485482,0.246635757280942,0,60.7333333333333,29.2666666666667,7.6,0,1.98135849787069e-05,1.98135849787069e-06,0.0198135849787069
"190","escambia","10_20",0.385,77,1.33,0.210069553241103,1,48.525,31.9,6.7,0.5,0.00010189795,1.0189795e-05,0.10189795
"191","escambia","20_40",0.27,54,1.7,0.215883238671701,1,49.56,29.92,9.44,0.6,9.12492e-05,1.824984e-05,0.1824984
"192","escambia","40_100",0.161538461538462,32.3076923076923,1.78,0.0282842712474619,2,57.0076923076923,29.0076923076923,15.3538461538462,0.615384615384615,5.7153798816568e-05,3.42922792899408e-05,0.342922792899408
"193","estate","0_10",5.625,1125,1.3509262485482,0.246635757280942,0,45.975,45.375,8.65,0,0.00151979202961673,0.000151979202961673,1.51979202961673
"194","estate","10_20",2.45,490,1.64,0.210069553241103,1,37.175,47.8,15.025,0,0.0008036,8.036e-05,0.8036
"195","estate","20_40",5.12,1024,1.50104635443921,0.215883238671701,0,23.96,49.14,26.9,0,0.00153707146694575,0.00030741429338915,3.0741429338915
"196","estate","40_100",5.57692307692308,1115.38461538462,1.74,0.19649269329816,1,29.3923076923077,30,40.6076923076923,0,0.00194076923076923,0.00116446153846154,11.6446153846154
"197","esto","0_10",1.12375,224.75,1.3509262485482,0.246635757280942,0,57.84,13.68,11.89,0,0.000303620674361208,3.03620674361208e-05,0.303620674361208
"198","esto","10_20",0.5225,104.5,1.5096443452381,0.210069553241103,0,38.78,18.04,21.58,0,0.000157757834077381,1.57757834077381e-05,0.157757834077382
"199","esto","20_40",0.756666666666667,151.333333333333,1.50104635443921,0.215883238671701,0,38.5363636363636,13.2272727272727,39.6,0,0.000227158348305134,4.54316696610268e-05,0.454316696610268
"200","esto","40_100",0.244117647058824,48.8235294117647,1.59451747615447,0.19649269329816,0,44.1565217391304,8.68695652173913,53.5130434782609,0,7.78499708946006e-05,4.67099825367604e-05,0.467099825367604
"201","evard","0_10",0.36,72,1.3509262485482,0.246635757280942,0,49.9,28.7,21.4,6,9.14306885017422e-05,9.14306885017422e-06,0.0914306885017422
"202","evard","10_20",0.425,85,1.5096443452381,0.210069553241103,0,46.7895312870223,30.4653139464118,15.1362533561418,2.95214027796427,0.000124531589749807,1.24531589749807e-05,0.124531589749807
"203","evard","20_40",0.49,98,1.49,0.215883238671701,1,40.6,32.8,26.6,4,0.0001401792,2.803584e-05,0.2803584
"204","evard","40_100",0.495,99,1.555,0.0636396103067893,2,42.05,26.35,31.6,4,0.0001477872,8.867232e-05,0.8867232
"205","evergreen","0_10",0.0766666666666667,15.3333333333333,1.3509262485482,0.246635757280942,0,48.2886660985049,31.5216808172776,14.2365984772959,2.55253239021966,2.01854657501191e-05,2.01854657501191e-06,0.0201854657501191
"206","evergreen","10_20",0.0766666666666667,15.3333333333333,1.5096443452381,0.210069553241103,0,46.7895312870223,30.4653139464118,15.1362533561418,2.95214027796427,2.24645220725142e-05,2.24645220725142e-06,0.0224645220725142
"207","evergreen","20_40",0.0766666666666667,15.3333333333333,1.50104635443921,0.215883238671701,0,56.1333333333333,4.9,4.2,0,2.30160441014012e-05,4.60320882028025e-06,0.0460320882028025
"208","evergreen","40_100",0.105,21,1.59451747615447,0.19649269329816,0,44.9,1.45,1.75,0,3.34848669992439e-05,2.00909201995463e-05,0.200909201995463
"209","fannin","0_10",7.12166666666667,1424.33333333333,1.19,0.212132034355964,2,40.3833333333333,29.0833333333333,21.1,4.5,0.00161868361666667,0.000161868361666667,1.61868361666667
"210","fannin","10_20",0.415,83,1.305,0.0212132034355964,2,61.55,18.7,19.75,13.5,9.3692475e-05,9.3692475e-06,0.093692475
"211","fannin","20_40",0.83,166,1.3075,0.0590903263374528,4,48.36,17.68,33.96,2.8,0.00021096774,4.2193548e-05,0.42193548
"212","fannin","40_100",0.3,60,1.35818181818182,0.124082084268292,11,62.5631578947368,17.3736842105263,20.0631578947368,9.05263157894737,7.41138373205743e-05,4.44683023923446e-05,0.444683023923445
"213","forestdale","0_10",9.04636363636364,1809.27272727273,1.595,0.141539158303748,4,14.2272727272727,52.6,33.1636363636364,0,0.00288579,0.000288579,2.88579
"214","forestdale","10_20",7.7,1540,1.5096443452381,0.210069553241103,0,12.8125,52.2875,34.9,0,0.00232485229166667,0.000232485229166667,2.32485229166667
"215","forestdale","20_40",7.35692307692308,1471.38461538462,1.686,0.133341666406266,5,9.60769230769231,52.8,37.5923076923077,0,0.00248075446153846,0.000496150892307692,4.96150892307692
"216","forestdale","40_100",8.81842105263158,1763.68421052632,1.70538461538462,0.08471672253412,13,12.1447368421053,44.3947368421053,43.4631578947368,0,0.00300775991902835,0.00180465595141701,18.0465595141701
"217","foxworth","0_10",0.210555555555556,42.1111111111111,1.3509262485482,0.246635757280942,0,44.8055555555556,3.75,1.8,0,5.68890053555298e-05,5.68890053555298e-06,0.0568890053555298
"218","foxworth","10_20",0.0475,9.5,1.5096443452381,0.210069553241103,0,78.3222222222222,3.52222222222222,1.74444444444444,0,1.4341621279762e-05,1.4341621279762e-06,0.014341621279762
"219","foxworth","20_40",0.09625,19.25,1.50104635443921,0.215883238671701,0,58.0875,4.1625,1.8125,0,2.88951423229548e-05,5.77902846459096e-06,0.0577902846459096
"220","foxworth","40_100",0.0376315789473684,7.52631578947368,1.795,0.00707106781186548,2,69.3025641025641,3.5325,2.055,0,1.35097368421053e-05,8.10584210526316e-06,0.0810584210526316
"221","fuquay","0_10",1.29380952380952,258.761904761905,1.43,0.246635757280942,1,75.1590909090909,12.25,4.24090909090909,3.04545454545455,0.000358760442857143,3.58760442857143e-05,0.358760442857143
"222","fuquay","10_20",0.51,102,1.805,0.106066017177982,2,77.2076923076923,9.32307692307692,3.96153846153846,5.69230769230769,0.000173629892307692,1.73629892307692e-05,0.173629892307692
"223","fuquay","20_40",0.29,58,1.69,0.215883238671701,1,65.6533333333333,11.1866666666667,5.38666666666667,7.2,9.096256e-05,1.8192512e-05,0.18192512
"224","fuquay","40_100",0.402352941176471,80.4705882352941,1.704,0.045752959831396,10,67.2641509433962,9.54339622641509,13.9320754716981,1.75471698113208,0.000134715781398446,8.08294688390677e-05,0.808294688390677
"225","glenmora","0_10",5.19,1038,1.42,0.246635757280942,1,43.3,50.9,5.8,0,0.00147396,0.000147396,1.47396
"226","glenmora","10_20",3.7,740,1.5096443452381,0.210069553241103,0,46.7895312870223,30.4653139464118,15.1362533561418,2.95214027796427,0.00108415736958655,0.000108415736958655,1.08415736958655
"227","glenmora","20_40",2.21,442,1.59,0.215883238671701,1,35.7,52.1,12.2,1,0.0006957522,0.00013915044,1.3915044
"228","glenmora","40_100",0.79,158,1.635,0.0353553390593273,2,30.15,51.2,18.65,2,0.0002531634,0.00015189804,1.5189804
"229","goldsboro","0_10",0.636666666666667,127.333333333333,1.38,0.246635757280942,1,64.5333333333333,28.7,10,0,0.00017572,1.7572e-05,0.17572
"230","goldsboro","10_20",1.084,216.8,1.5096443452381,0.210069553241103,0,74.78,18.88,6.34,0.2,0.000326636312259525,3.26636312259525e-05,0.326636312259525
"231","goldsboro","20_40",0.620833333333333,124.166666666667,1.55,0.062449979983984,3,61.5916666666667,26.8666666666667,11.5416666666667,0.166666666666667,0.000192137569444444,3.84275138888889e-05,0.384275138888889
"232","goldsboro","40_100",0.4372,87.44,1.668,0.0396232255123179,5,56.004,22.38,21.62,0.2,0.00014555822016,8.7334932096e-05,0.87334932096
"233","greenville","0_10",5.165,1033,1.765,0.109498858441538,6,64.2727272727273,17.5272727272727,20.4818181818182,0,0.001823245,0.0001823245,1.823245
"234","greenville","10_20",3.562,712.4,1.69,0.0707106781186548,2,51.3,24.32,24.38,0,0.001203956,0.0001203956,1.203956
"235","greenville","20_40",5.65571428571429,1131.14285714286,1.6375,0.0747854072854935,8,45.08,16.9333333333333,40.22,0,0.00185224642857143,0.000370449285714286,3.70449285714286
"236","greenville","40_100",7.30090909090909,1460.18181818182,1.62611111111111,0.0825433140406324,18,41.9485714285714,14.68,43.0828571428571,0,0.00237441787878788,0.00142465072727273,14.2465072727273
"237","guyton","0_10",4.29666666666667,859.333333333333,1.4525,0.097082439194738,4,29.45,54.3666666666667,15.9666666666667,0,0.00124818166666667,0.000124818166666667,1.24818166666667
"238","guyton","10_20",5.48,1096,1.655,0.120208152801713,2,20.65,59.5,19.85,0,0.00181388,0.000181388,1.81388
"239","guyton","20_40",1.992,398.4,1.58,0.0724568837309472,5,21.06,64.76,14.18,0,0.000629472,0.0001258944,1.258944
"240","guyton","40_100",2.35666666666667,471.333333333333,1.646,0.135088448391744,10,19.3916666666667,57.5333333333333,23.075,0.25,0.00077387513,0.000464325078,4.64325078
"241","gwinnett","0_10",5.86666666666667,1173.33333333333,1.3509262485482,0.246635757280942,0,48.6333333333333,31,20.3666666666667,0,0.00158508679829655,0.000158508679829655,1.58508679829655
"242","gwinnett","10_20",3.97833333333333,795.666666666667,1.5096443452381,0.210069553241103,0,46.7895312870223,30.4653139464118,15.1362533561418,2.95214027796427,0.00116571335189329,0.000116571335189329,1.16571335189329
"243","gwinnett","20_40",2.09,418,1.50104635443921,0.215883238671701,0,26,35.6,38.4,0,0.00062743737615559,0.000125487475231118,1.25487475231118
"244","gwinnett","40_100",1.045,209,1.59451747615447,0.19649269329816,0,37.55,20.75,41.7,0,0.000333254152516284,0.000199952491509771,1.99952491509771
"245","hard labor","0_10",1.39,278,1.3509262485482,0.246635757280942,0,75.3,17.9,6.8,0,0.0003755574970964,3.755574970964e-05,0.3755574970964
"246","hard labor","10_20",0.07,14,1.5096443452381,0.210069553241103,0,79.9,15.3,4.8,0,2.11350208333334e-05,2.11350208333334e-06,0.0211350208333334
"247","hard labor","20_40",0.13,26,1.50104635443921,0.215883238671701,0,75.9,18.1,6,0,3.90272052154195e-05,7.80544104308389e-06,0.0780544104308389
"248","hard labor","40_100",1.78,356,1.59451747615447,0.19649269329816,0,36.75,14,49.25,0,0.000567648221510991,0.000340588932906595,3.40588932906595
"249","harleston","0_10",0.99,198,1.28,0.246635757280942,1,67.8333333333333,27.5666666666667,4.6,0.333333333333333,0.0002525952,2.525952e-05,0.2525952
"250","harleston","10_20",0.02,4,1.49,0.210069553241103,1,44.5,45,10.5,2,5.8408e-06,5.8408e-07,0.0058408
"251","harleston","20_40",0.165,33,1.565,0.0494974746830584,2,53.45,34.9,11.65,0.25,5.15158875e-05,1.03031775e-05,0.103031775
"252","harleston","40_100",0.18375,36.75,1.7,0.03,3,55.775,27.2375,16.9875,0.375,6.224071875e-05,3.734443125e-05,0.3734443125
"253","helena","0_10",0.95,190,1.3509262485482,0.246635757280942,0,76.75,32.45,11.3,0,0.000256675987224158,2.56675987224158e-05,0.256675987224158
"254","helena","10_20",0.605,121,1.5096443452381,0.210069553241103,0,46.7895312870223,30.4653139464118,15.1362533561418,2.95214027796427,0.000177274380702666,1.77274380702666e-05,0.177274380702666
"255","helena","20_40",0.26,52,1.50104635443921,0.215883238671701,0,27.4,31.6,17.75,0,7.80544104308389e-05,1.56108820861678e-05,0.156108820861678
"256","helena","40_100",0.346666666666667,69.3333333333333,1.59451747615447,0.19649269329816,0,21.875,20.575,48.175,0,0.000110553211680043,6.6331927008026e-05,0.66331927008026
"257","hemphill","0_10",12.665,2533,1.3509262485482,0.246635757280942,0,48.2886660985049,31.5216808172776,14.2365984772959,2.55253239021966,0.00333455117902511,0.000333455117902511,3.33455117902511
"258","hemphill","10_20",12.665,2533,1.53,0.15556349186104,2,26.3,37.2,36.5,0,0.00387549,0.000387549,3.87549
"259","hemphill","20_40",13.91,2782,1.64,0.215883238671701,1,8.8,33.8,57.4,0,0.00456248,0.000912496,9.12496
"260","hemphill","40_100",5.26142857142857,1052.28571428571,1.45571428571429,0.11355720186425,7,35.5857142857143,35.3142857142857,29.1,0,0.00153182734693878,0.000919096408163268,9.19096408163268
"261","hiwassee","0_10",4.03333333333333,806.666666666667,1.60333333333333,0.159457413332421,6,31.3769230769231,29.2,39.4230769230769,1.46153846153846,0.00127445266666666,0.000127445266666666,1.27445266666666
"262","hiwassee","10_20",2.54,508,1.645,0.0881286937760152,4,57.1,22.525,20.375,3.25,0.00080850105,8.0850105e-05,0.80850105
"263","hiwassee","20_40",2.9,580,1.625,0.0808879295250975,8,23.7066666666667,22.0066666666667,54.2866666666667,1.13333333333333,0.000931818333333333,0.000186363666666667,1.86363666666667
"264","hiwassee","40_100",2.00055555555556,400.111111111111,1.56769230769231,0.0953199739608516,13,22.7269230769231,23.0730769230769,55.0192307692308,0.846153846153846,0.000621943601709403,0.000373166161025642,3.73166161025642
"265","hurricane","0_10",0.330526315789474,66.1052631578947,1.3509262485482,0.246635757280942,0,46.3666666666667,3.52631578947368,1.56315789473684,0,8.93033351671863e-05,8.93033351671863e-06,0.0893033351671863
"266","hurricane","10_20",0.0585714285714286,11.7142857142857,1.5096443452381,0.210069553241103,0,62.3428571428571,3.44285714285714,1.3,0,1.76844051870749e-05,1.76844051870749e-06,0.0176844051870749
"267","hurricane","20_40",0.0909090909090909,18.1818181818182,1.50104635443921,0.215883238671701,0,56.68,4.65454545454545,1.80909090909091,0,2.72917518988947e-05,5.45835037977895e-06,0.0545835037977895
"268","hurricane","40_100",0.0374418604651163,7.48837209302326,1.59451747615447,0.19649269329816,0,51.8738095238095,3.25581395348837,1.62790697674419,0,1.1940340170273e-05,7.16420410216381e-06,0.0716420410216381
"269","kingsferry","0_10",0.03,6,1.3509262485482,0.246635757280942,0,46.6,4.3,1.1,0,8.1055574912892e-06,8.1055574912892e-07,0.0081055574912892
"270","kingsferry","10_20",0.05,10,1.5096443452381,0.210069553241103,0,55.8,3.6,1.3,0,1.5096443452381e-05,1.5096443452381e-06,0.015096443452381
"271","kingsferry","20_40",0.06,12,1.50104635443921,0.215883238671701,0,32.4,5.5,1.4,0,1.80125562532705e-05,3.6025112506541e-06,0.0360251125065411
"272","kingsferry","40_100",0.028,5.6,1.59451747615447,0.19649269329816,0,67.22,4.6,2.52,0,8.92929786646503e-06,5.35757871987902e-06,0.0535757871987902
"273","kinston","0_10",6.55,1310,1.3509262485482,0.246635757280942,0,1.3,40.6,46.3,0,0.00176971338559814,0.000176971338559814,1.76971338559814
"274","kinston","10_20",8.1,1620,1.5096443452381,0.210069553241103,0,21.1,33.7,29.3,0,0.00244562383928572,0.000244562383928572,2.44562383928572
"275","kinston","20_40",7.8675,1573.5,1.50104635443921,0.215883238671701,0,44.6474010593,29.3694540148412,19.535668248824,2.4242495503916,0.00230463817491395,0.000460927634982791,4.60927634982791
"276","kinston","40_100",7.635,1527,1.59451747615447,0.19649269329816,0,41.05,34.15,32.7,0,0.00243482818608788,0.00146089691165273,14.6089691165273
"277","kolin","0_10",1.63333333333333,326.666666666667,1.435,0.0494974746830584,2,33.9333333333333,57.8666666666667,8.2,0,0.000468766666666667,4.68766666666667e-05,0.468766666666667
"278","kolin","10_20",2.495,499,1.53,0.210069553241103,1,23.1,64.6,12.3,0,0.00076347,7.6347e-05,0.76347
"279","kolin","20_40",2.30666666666667,461.333333333333,1.56,0.215883238671701,1,26.8666666666667,57.1333333333333,16,0.333333333333333,0.000717281066666667,0.000143456213333333,1.43456213333333
"280","kolin","40_100",3.14090909090909,628.181818181818,1.706,0.105261578935526,5,20.1545454545455,51.7818181818182,28.0636363636364,0.545454545454545,0.00106583266446281,0.000639499598677686,6.39499598677686
"281","lakeland","0_10",1.12157894736842,224.315789473684,1.3509262485482,0.246635757280942,0,65.7052631578947,4.18421052631579,2.32631578947368,0,0.000303034087963812,3.03034087963812e-05,0.303034087963812
"282","lakeland","10_20",0.262857142857143,52.5714285714286,1.5096443452381,0.210069553241103,0,42.3857142857143,5.55714285714286,2.45714285714286,0,7.93641598639458e-05,7.93641598639458e-06,0.0793641598639458
"283","lakeland","20_40",0.27875,55.75,1.50104635443921,0.215883238671701,0,63.5625,4.87777777777778,3.25555555555556,0,8.3683334259986e-05,1.67366668519972e-05,0.167366668519972
"284","lakeland","40_100",0.144117647058824,28.8235294117647,1.59451747615447,0.19649269329816,0,75.0088888888889,4.51333333333333,3.22888888888889,0,4.59596213715112e-05,2.75757728229067e-05,0.275757728229067
"285","latonia","0_10",2.26,452,1.51,0.246635757280942,1,58.7,36,5.3,1,0.0006756948,6.756948e-05,0.6756948
"286","latonia","10_20",2.225,445,1.5096443452381,0.210069553241103,0,46.7895312870223,30.4653139464118,15.1362533561418,2.95214027796427,0.000651959499278401,6.51959499278401e-05,0.651959499278401
"287","latonia","20_40",2.19,438,1.58,0,2,52.95,35.9,11.15,0,0.00069204,0.000138408,1.38408
"288","latonia","40_100",1.15666666666667,231.333333333333,1.65333333333333,0.0305505046330388,3,51.3666666666667,32.7333333333333,15.9,0.666666666666667,0.000379921303703703,0.000227952782222222,2.27952782222222
"289","leadvale","0_10",2.23230769230769,446.461538461538,1.3509262485482,0.246635757280942,0,23.6461538461538,63.9,12.4615384615385,0,0.000603136611274904,6.03136611274904e-05,0.603136611274904
"290","leadvale","10_20",1.21666666666667,243.333333333333,1.5096443452381,0.210069553241103,0,21.3333333333333,63.6666666666667,15,0,0.000367346790674604,3.67346790674605e-05,0.367346790674605
"291","leadvale","20_40",1.3275,265.5,1.50104635443921,0.215883238671701,0,15.575,62.75,21.6833333333333,0,0.00039852780710361,7.97055614207221e-05,0.797055614207221
"292","leadvale","40_100",0.892068965517241,178.413793103448,1.59451747615447,0.19649269329816,0,16.4655172413793,55.3344827586207,28.2034482758621,0,0.000284483911090456,0.000170690346654274,1.70690346654274
"293","leefield","0_10",0.768333333333333,153.666666666667,1.3509262485482,0.246635757280942,0,38.7666666666667,8.31666666666667,5.63333333333333,0,0.000207592333526907,2.07592333526907e-05,0.207592333526907
"294","leefield","10_20",2.27,454,1.5096443452381,0.210069553241103,0,56.58,7.98,5.02,0,0.000685378532738098,6.85378532738097e-05,0.685378532738097
"295","leefield","20_40",0.18,36,1.50104635443921,0.215883238671701,0,33.8571428571429,10.7875,5.25,0,5.40376687598116e-05,1.08075337519623e-05,0.108075337519623
"296","leefield","40_100",0.316111111111111,63.2222222222222,1.59451747615447,0.19649269329816,0,52.0571428571429,8.46111111111111,11.4777777777778,0,0.000100808938214655,6.04853629287929e-05,0.604853629287929
"297","lenoir","0_10",12.5233333333333,2504.66666666667,1.41,0,2,14.0333333333333,52.6333333333333,33.3333333333333,0,0.00353158,0.000353158,3.53158
"298","lenoir","10_20",20.57,4114,1.61,0.210069553241103,1,6,45.2,48.8,0,0.00662354,0.000662354,6.62354
"299","lenoir","20_40",8.625,1725,1.47,0.215883238671701,1,16.5,48.55,34.95,0,0.00253575,0.00050715,5.0715
"300","lenoir","40_100",8.73142857142857,1746.28571428571,1.486,0.0702139587261679,5,7.74285714285714,46.4714285714286,45.7857142857143,0,0.00259498057142857,0.00155698834285714,15.5698834285714
"301","leon","0_10",0.92875,185.75,1.05,0.29698484809835,2,50.95,8.12916666666667,1.325,0,0.0001950375,1.950375e-05,0.1950375
"302","leon","10_20",0.12625,25.25,1.5096443452381,0.210069553241103,0,68.85,4.9125,0.6125,0,3.8118519717262e-05,3.8118519717262e-06,0.038118519717262
"303","leon","20_40",0.0717857142857143,14.3571428571429,1.47666666666667,0.21594752448994,3,64.9035714285714,3.72142857142857,1.00357142857143,0,2.12007142857143e-05,4.24014285714287e-06,0.0424014285714287
"304","leon","40_100",0.0530864197530864,10.6172839506173,1.45,0.321403173599764,3,64.0475,4.40740740740741,2.3,0,1.53950617283951e-05,9.23703703703704e-06,0.0923703703703704
"305","lexington","0_10",3.498,699.6,1.3509262485482,0.246635757280942,0,19.16,67.86,12.98,0,0.000945108003484321,9.45108003484321e-05,0.945108003484321
"306","lexington","10_20",5.5,1100,1.5096443452381,0.210069553241103,0,6.45,65.45,28.1,0,0.00166060877976191,0.000166060877976191,1.66060877976191
"307","lexington","20_40",3.755,751,1.50104635443921,0.215883238671701,0,7.825,59.825,32.35,0,0.00112728581218385,0.000225457162436769,2.25457162436769
"308","lexington","40_100",2.10090909090909,420.181818181818,1.59451747615447,0.19649269329816,0,24.5272727272727,52.9818181818182,22.4909090909091,0,0.000669987252253269,0.000401992351351962,4.01992351351961
"309","lily","0_10",6.37326086956522,1274.65217391304,1.39333333333333,0.300222139978605,3,43.6695652173913,43.9326086956522,11.1130434782609,1.1304347826087,0.00175593866691871,0.000175593866691871,1.75593866691871
"310","lily","10_20",1.66738095238095,333.47619047619,1.35833333333333,0.128127540625217,6,43.1093023255814,44.2767441860465,12.6186046511628,2.23255813953488,0.000442858966039128,4.42858966039128e-05,0.442858966039128
"311","lily","20_40",1.926875,385.375,1.55875,0.122408858222878,8,41.4625,39.3395833333333,19.1958333333333,1.6875,0.000590566413378906,0.000118113282675781,1.18113282675781
"312","lily","40_100",1.43538461538462,287.076923076923,1.65714285714286,0.112552795914326,14,51.4365384615385,28.2048076923077,20.3586538461538,1.27884615384615,0.000469643650042266,0.00028178619002536,2.8178619002536
"313","lloyd","0_10",2.9975,599.5,1.415,0.558614357137373,2,58.725,20.675,20.6,7.25,0.00078679129375,7.8679129375e-05,0.78679129375
"314","lloyd","10_20",2.32,464,1.51,0.210069553241103,1,50.65,24.05,25.3,11,0.0006235696,6.235696e-05,0.6235696
"315","lloyd","20_40",2.43571428571429,487.142857142857,1.57,0.254558441227157,2,35.6,20.6571428571429,43.7428571428571,2.42857142857143,0.000746240224489796,0.000149248044897959,1.49248044897959
"316","lloyd","40_100",1.4065,281.3,1.558,0.228516957795259,5,33.81,23.39,42.8,1.7,0.0004308148882,0.00025848893292,2.5848893292
"317","louisburg","0_10",0.68,136,1.3509262485482,0.246635757280942,0,65.2,27.8,7,0,0.000183725969802555,1.83725969802555e-05,0.183725969802555
"318","louisburg","10_20",0.435,87,1.5096443452381,0.210069553241103,0,46.7895312870223,30.4653139464118,15.1362533561418,2.95214027796427,0.000127461744802744,1.27461744802744e-05,0.127461744802743
"319","louisburg","20_40",0.19,38,1.50104635443921,0.215883238671701,0,60.2,30.9,8.9,0,5.703976146869e-05,1.1407952293738e-05,0.11407952293738
"320","louisburg","40_100",0.263333333333333,52.6666666666667,1.59451747615447,0.19649269329816,0,62.4,24.6333333333333,12.9666666666667,0,8.39779204108021e-05,5.03867522464812e-05,0.503867522464812
"321","lucy","0_10",1.89428571428571,378.857142857143,1.3509262485482,0.246635757280942,0,71.9,7.88571428571429,4.21428571428571,1.85714285714286,0.000502303051930598,5.02303051930598e-05,0.502303051930598
"322","lucy","10_20",1.485,297,1.58,0.210069553241103,1,73.3,5.65,5.45,0,0.00046926,4.6926e-05,0.46926
"323","lucy","20_40",0.414285714285714,82.8571428571429,1.50104635443921,0.215883238671701,0,59.0428571428571,8.75714285714286,6.37142857142857,0.142857142857143,0.000124194737350356,2.48389474700712e-05,0.248389474700712
"324","lucy","40_100",0.743636363636364,148.727272727273,1.616,0.0512835256198323,5,61.7863636363636,7.00909090909091,13.7954545454545,0.0454545454545455,0.000240234025785124,0.000144140415471074,1.44140415471074
"325","lynchburg","0_10",1.176,235.2,1.33,0.29698484809835,2,52.36,27.4,10.38,0,0.000312816,3.12816e-05,0.312816
"326","lynchburg","10_20",0.514,102.8,1.7,0.0565685424949239,2,74.02,21.9,7.8,0,0.00017476,1.7476e-05,0.17476
"327","lynchburg","20_40",0.183,36.6,1.71,0.0989949493661167,2,56.32,18.9,9.27,0,6.2586e-05,1.25172e-05,0.125172
"328","lynchburg","40_100",0.232941176470588,46.5882352941176,1.816,0.0931665175908169,5,61.5529411764706,16.3294117647059,17.8058823529412,0,8.46042352941177e-05,5.07625411764706e-05,0.507625411764706
"329","madison","0_10",5.106,1021.2,1.35,0.306104557300279,3,59.84,19.96,20.2,4.4,0.00131796072,0.000131796072,1.31796072
"330","madison","10_20",1.45166666666667,290.333333333333,1.765,0.0212132034355964,2,49.45,21.5666666666667,28.9833333333333,4.5,0.000489378608333333,4.89378608333333e-05,0.489378608333333
"331","madison","20_40",0.978333333333333,195.666666666667,1.47666666666667,0.0929157324317756,3,37.65,18.1333333333333,44.2166666666667,0.833333333333333,0.000286526657407408,5.73053314814816e-05,0.573053314814816
"332","madison","40_100",0.68875,137.75,1.46444444444444,0.07650344945019,9,41.00625,17.0875,41.90625,0.25,0.000201222904166666,0.0001207337425,1.207337425
"333","malbis","0_10",1.28444444444444,256.888888888889,1.58666666666667,0.108750478926148,6,60.0388888888889,31.9444444444444,6.41666666666667,1,0.000403521066666668,4.03521066666668e-05,0.403521066666668
"334","malbis","10_20",1.040625,208.125,1.63857142857143,0.162729691147474,7,58.26875,33.7875,7.23125,1.5,0.000335912263392857,3.35912263392857e-05,0.335912263392857
"335","malbis","20_40",0.81952380952381,163.904761904762,1.67,0.0616441400296898,9,53.3095238095238,31.7619047619048,17.0047619047619,1.57142857142857,0.000269419623129252,5.38839246258503e-05,0.538839246258503
"336","malbis","40_100",0.767464788732394,153.492957746479,1.72321428571429,0.0730830867310459,28,45.630985915493,29.369014084507,24.5154929577465,1.74647887323944,0.000259881798962791,0.000155929079377675,1.55929079377675
"337","mantachie","0_10",5.02,1004,1.55,0.0294392028877595,4,44.425,31.2083333333333,24.375,0.583333333333333,0.00154712216666667,0.000154712216666667,1.54712216666667
"338","mantachie","10_20",2.26875,453.75,1.635,0.0777817459305201,2,43.1125,35.275,21.6125,1.5,0.00073075303125,7.3075303125e-05,0.73075303125
"339","mantachie","20_40",2.61181818181818,522.363636363636,1.595,0.106160256216722,6,54.4727272727273,27.8909090909091,17.6363636363636,1.45454545454545,0.000821051163636364,0.000164210232727273,1.64210232727273
"340","mantachie","40_100",1.26625,253.25,1.61384615384615,0.12692113440627,13,56.19375,24.603125,19.203125,1.5,0.000402575940384614,0.000241545564230769,2.41545564230769
"341","mascotte","0_10",0.985,197,1.3509262485482,0.246635757280942,0,33.05,6,2.4,0,0.000266132470963995,2.66132470963995e-05,0.266132470963995
"342","mascotte","10_20",0.26,52,1.5096443452381,0.210069553241103,0,63.6,4,2.7,0,7.85015059523812e-05,7.85015059523812e-06,0.0785015059523812
"343","mascotte","20_40",0.105,21,1.50104635443921,0.215883238671701,0,28.05,4.6,1.15,0,3.15219734432234e-05,6.30439468864468e-06,0.0630439468864468
"344","mascotte","40_100",0.104,20.8,1.59451747615447,0.19649269329816,0,42.5555555555556,5.32,11.36,0,3.3165963504013e-05,1.98995781024078e-05,0.198995781024078
"345","mattex","0_10",4.92,984,1.24,0.246635757280942,1,11.5,58,30.5,0,0.00122016,0.000122016,1.22016
"346","mattex","10_20",5.23,1046,1.5096443452381,0.210069553241103,0,46.7895312870223,30.4653139464118,15.1362533561418,2.95214027796427,0.00153247109268586,0.000153247109268586,1.53247109268586
"347","mattex","20_40",5.54,1108,1.47,0.0565685424949239,2,23.3,46.25,30.45,0.5,0.0016206162,0.00032412324,3.2412324
"348","mattex","40_100",0.55,110,1.715,0.0212132034355964,2,46.3,37.35,16.35,2,0.000184877,0.0001109262,1.109262
"349","mclaurin","0_10",0.58,116,1.4,0.246635757280942,1,53.2,40.6,6.2,0,0.0001624,1.624e-05,0.1624
"350","mclaurin","10_20",0.21,42,1.59,0.210069553241103,1,56.9,39,4.1,0,6.678e-05,6.678e-06,0.06678
"351","mclaurin","20_40",0.3,60,1.62,0.215883238671701,1,50.4,39.5,10.1,0,9.72e-05,1.944e-05,0.1944
"352","mclaurin","40_100",0.45,90,1.6,0.19649269329816,1,46.7,38.3,15,0,0.000144,8.64e-05,0.864
"353","mecklenburg","0_10",6.12333333333333,1224.66666666667,1.61,0.0424264068711927,2,39.8333333333333,28.6,31.5666666666667,1.66666666666667,0.00193885144444444,0.000193885144444444,1.93885144444444
"354","mecklenburg","10_20",2.64,528,1.5096443452381,0.210069553241103,0,40.7,33.9,25.4,0,0.000797092214285717,7.97092214285717e-05,0.797092214285717
"355","mecklenburg","20_40",4.185,837,1.41,0.215883238671701,1,21.2,21.15,57.65,0,0.00118017,0.000236034,2.36034
"356","mecklenburg","40_100",5.699,1139.8,1.346,0.146901327427631,5,25.36,33.84,40.8,0.1,0.0015326366292,0.00091958197752,9.1958197752
"357","meggett","0_10",1.585,317,1.37,0.113137084989848,2,69.0333333333333,21.7166666666667,8.13333333333333,0,0.00043429,4.3429e-05,0.43429
"358","meggett","10_20",1.37333333333333,274.666666666667,1.515,0.0494974746830584,2,62.7,22.3666666666667,8.2,0,0.00041612,4.1612e-05,0.41612
"359","meggett","20_40",3.22666666666667,645.333333333333,1.7,0.0565685424949239,2,48.25,18.65,20.8166666666667,0,0.00109706666666667,0.000219413333333333,2.19413333333333
"360","meggett","40_100",14.6364285714286,2927.28571428571,1.75,0.0707106781186548,5,46.3285714285714,18.75,42.9642857142857,0.857142857142857,0.00507884071428572,0.00304730442857143,30.4730442857143
"361","moko","0_10",29.4403571428571,5888.07142857143,1.29,0.246635757280942,1,29.2196428571429,44.3776785714286,26.4017857142857,0.267857142857143,0.00757526675318878,0.000757526675318878,7.57526675318878
"362","moko","10_20",23.2975438596491,4659.50877192982,1.37,0.210069553241103,1,32.4105263157895,40.5157894736842,27.0754385964912,0.508771929824561,0.00635104942394583,0.000635104942394583,6.35104942394583
"363","moko","20_40",27.625,5525,1.52,0.215883238671701,1,29.99,42.65,27.356,0.66,0.0083425732,0.00166851464,16.6851464
"364","moko","40_100",14.9075,2981.5,1.47,0.19649269329816,1,46.1,33.075,20.825,0,0.004382805,0.002629683,26.29683
"365","mollville","0_10",3.84,768,1.335,0.388908729652601,2,39.7333333333333,46.3,13.9666666666667,0,0.00102528,0.000102528,1.02528
"366","mollville","10_20",1.55,310,1.57,0.0282842712474619,2,61.9,28,10.1,0,0.0004867,4.867e-05,0.4867
"367","mollville","20_40",3.1625,632.5,1.7125,0.199895806192459,4,46.525,37.225,16.25,0,0.00108315625,0.00021663125,2.1663125
"368","mollville","40_100",2.08111111111111,416.222222222222,1.65777777777778,0.158727579344122,9,49.4555555555556,31.0111111111111,19.5333333333333,0.111111111111111,0.000689237279561043,0.000413542367736626,4.13542367736626
"369","nikwasi","0_10",0.15,30,0.96,0.246635757280942,1,70,17.5,12.5,0,2.88e-05,2.88e-06,0.0288
"370","nikwasi","10_20",0.125,25,1.5096443452381,0.210069553241103,0,46.7895312870223,30.4653139464118,15.1362533561418,2.95214027796427,3.66269381617079e-05,3.66269381617079e-06,0.0366269381617079
"371","nikwasi","20_40",0.1,20,1.24,0.215883238671701,1,80.1,13.6,6.3,5,2.356e-05,4.712e-06,0.04712
"372","nikwasi","40_100",0.09,18,1.325,0.00707106781186548,2,92.6666666666667,4.66666666666667,2.66666666666667,34,1.5741e-05,9.4446e-06,0.094446
"373","nixa","0_10",3.58285714285714,716.571428571429,1.3509262485482,0.246635757280942,0,21.9785714285714,68.2535714285714,9.75714285714286,2.39285714285714,0.000944871453541208,9.44871453541208e-05,0.944871453541208
"374","nixa","10_20",2.155,431,1.5096443452381,0.210069553241103,0,19.2875,70.8875,9.8375,4.9375,0.000618530537603239,6.18530537603239e-05,0.618530537603239
"375","nixa","20_40",1.69677419354839,339.354838709677,1.50104635443921,0.215883238671701,0,22.6,66.0774193548387,11.3322580645161,2.41935483870968,0.000497063456163569,9.94126912327138e-05,0.994126912327138
"376","nixa","40_100",1.84183908045977,368.367816091954,1.96,0.212132034355964,2,22.3758620689655,47.9954022988506,29.6310344827586,1.64367816091954,0.000710133548104109,0.000426080128862465,4.26080128862465
"377","noark","0_10",4.24418604651163,848.837209302326,1.3509262485482,0.246635757280942,0,17.9860465116279,71.5581395348837,10.4581395348837,0,0.00114671646679091,0.000114671646679091,1.14671646679091
"378","noark","10_20",1.32727272727273,265.454545454545,1.5096443452381,0.210069553241103,0,16.5272727272727,73.5045454545455,9.95909090909091,0,0.000400741953463205,4.00741953463205e-05,0.400741953463205
"379","noark","20_40",1.778,355.6,1.50104635443921,0.215883238671701,0,14.056,67.232,18.718,0.74,0.000529822170219658,0.000105964434043932,1.05964434043932
"380","noark","40_100",2.40964912280702,481.929824561403,1.44,0.19649269329816,1,13.0622807017544,38.480701754386,48.4605263157895,0.771929824561403,0.000688621916897507,0.000413173150138504,4.13173150138504
"381","norfolk","0_10",2.18230769230769,436.461538461538,1.735,0.0443471156521669,4,76.7230769230769,13.1,4.5,0.153846153846154,0.000756095752662722,7.56095752662722e-05,0.756095752662722
"382","norfolk","10_20",1.00076923076923,200.153846153846,1.72,0.0565685424949239,2,82.6230769230769,12.0153846153846,4.52307692307692,0,0.000344264615384615,3.44264615384615e-05,0.344264615384615
"383","norfolk","20_40",0.985652173913043,197.130434782609,1.774,0.0622896460095898,5,68.3,13.5086956521739,10.9565217391304,0.260869565217391,0.000348797105935728,6.97594211871456e-05,0.697594211871456
"384","norfolk","40_100",1.34741379310345,269.48275862069,1.70833333333333,0.0649207661873529,18,63.2137931034483,11.4120689655172,25.4137931034483,0.413793103448276,0.000458461414982163,0.000275076848989298,2.75076848989298
"385","ocilla","0_10",1.11818181818182,223.636363636364,1.3509262485482,0.246635757280942,0,64.4272727272727,8.90909090909091,2.93636363636364,0,0.000302116233766234,3.02116233766234e-05,0.302116233766234
"386","ocilla","10_20",0.813333333333333,162.666666666667,1.5096443452381,0.210069553241103,0,52.4,6.6,3.4,0,0.000245568813492064,2.45568813492064e-05,0.245568813492064
"387","ocilla","20_40",0.215,43,1.50104635443921,0.215883238671701,0,55.2416666666667,8.175,3.31666666666667,0,6.4544993240886e-05,1.29089986481772e-05,0.129089986481772
"388","ocilla","40_100",0.416842105263158,83.3684210526316,1.59451747615447,0.19649269329816,0,51.8027777777778,9.11842105263158,12.9078947368421,0,0.000132932404327825,7.97594425966952e-05,0.797594425966952
"389","olustee","0_10",0.3575,71.5,1.3509262485482,0.246635757280942,0,36.025,7.75,2.225,0,9.65912267711963e-05,9.65912267711963e-06,0.0965912267711963
"390","olustee","10_20",0.21275,42.55,1.5096443452381,0.210069553241103,0,46.7895312870223,30.4653139464118,15.1362533561418,2.95214027796427,6.23390487512269e-05,6.23390487512269e-06,0.0623390487512269
"391","olustee","20_40",0.068,13.6,1.50104635443921,0.215883238671701,0,46.86,5.4,3.1,0,2.04142304203733e-05,4.08284608407465e-06,0.0408284608407465
"392","olustee","40_100",0.107272727272727,21.4545454545455,1.59451747615447,0.19649269329816,0,52.8818181818182,5.21818181818182,9.81818181818182,0,3.42096476702232e-05,2.05257886021339e-05,0.205257886021339
"393","orangeburg","0_10",1.87333333333333,374.666666666667,1.76333333333333,0.185022521151706,3,69.8076923076923,13.1230769230769,7.66538461538462,0.192307692307692,0.000659391717948717,6.59391717948717e-05,0.659391717948717
"394","orangeburg","10_20",1.41333333333333,282.666666666667,1.83,0.210069553241103,1,68.4473684210526,12.0947368421053,8.32631578947368,0.842105263157895,0.000512923957894737,5.12923957894737e-05,0.512923957894737
"395","orangeburg","20_40",1.0059375,201.1875,1.73111111111111,0.0964940988408675,9,66.3588235294118,13.4114285714286,14.8342857142857,0.257142857142857,0.000347382344880952,6.94764689761904e-05,0.694764689761904
"396","orangeburg","40_100",1.08973684210526,217.947368421053,1.683125,0.0878421880419653,16,56.6493670886076,10.6625,26.32125,0.575,0.000364723376652961,0.000218834025991776,2.18834025991776
"397","ouachita","0_10",8.53,1706,1.3509262485482,0.246635757280942,0,48.2886660985049,31.5216808172776,14.2365984772959,2.55253239021966,0.00224585247193716,0.000224585247193716,2.24585247193716
"398","ouachita","10_20",8.53,1706,1.54,0.210069553241103,1,16.6,60.7,22.7,1,0.0026009676,0.00026009676,2.6009676
"399","ouachita","20_40",3.07,614,1.46,0.215883238671701,1,17.9,60,22.1,0,0.00089644,0.000179288,1.79288
"400","ouachita","40_100",1.22,244,1.56,0.19649269329816,1,20.9,58,21.1,0,0.00038064,0.000228384,2.28384
"401","pacolet","0_10",0.612857142857143,122.571428571429,1.16,0.0888819441731559,3,60.1285714285714,19.9714285714286,19.9,10.2857142857143,0.000127558334693878,1.27558334693878e-05,0.127558334693878
"402","pacolet","10_20",0.412428571428571,82.4857142857143,1.5096443452381,0.210069553241103,0,46.7895312870223,30.4653139464118,15.1362533561418,2.95214027796427,0.000120847966254687,1.20847966254687e-05,0.120847966254687
"403","pacolet","20_40",0.212,42.4,1.4325,0.177270979012358,4,50.52,20.96,28.52,12.6,5.3085012e-05,1.06170024e-05,0.106170024
"404","pacolet","40_100",0.0507142857142857,10.1428571428571,1.60272727272727,0.269224475450911,11,45.7,15.4642857142857,38.8357142857143,7.14285714285714,1.50950742115028e-05,9.05704452690165e-06,0.0905704452690165
"405","pamlico","0_10",1.63,326,1.3509262485482,0.246635757280942,0,48.2886660985049,31.5216808172776,14.2365984772959,2.55253239021966,0.000429160554426445,4.29160554426445e-05,0.429160554426445
"406","pamlico","10_20",1.63,326,1.5096443452381,0.210069553241103,0,9.15000000000001,34.9,26.45,0,0.000492144056547621,4.92144056547621e-05,0.492144056547621
"407","pamlico","20_40",1.325,265,1.50104635443921,0.215883238671701,0,68.45,28.95,2.6,0,0.000397777283926391,7.95554567852781e-05,0.795554567852781
"408","pamlico","40_100",0.186666666666667,37.3333333333333,1.59451747615447,0.19649269329816,0,78.8066666666667,5.56666666666667,2.62666666666667,0,5.95286524431002e-05,3.57171914658601e-05,0.357171914658601
"409","pantego","0_10",0.41,82,1.3509262485482,0.246635757280942,0,48.2886660985049,31.5216808172776,14.2365984772959,2.55253239021966,0.000107948360315854,1.07948360315854e-05,0.107948360315854
"410","pantego","10_20",0.41,82,1.5096443452381,0.210069553241103,0,38.4,26.9,19.7,0,0.000123790836309524,1.23790836309524e-05,0.123790836309524
"411","pantego","20_40",0.175,35,1.50104635443921,0.215883238671701,0,26.65,31.65,16.45,0,5.25366224053724e-05,1.05073244810745e-05,0.105073244810745
"412","pantego","40_100",0.095,19,1.59451747615447,0.19649269329816,0,47.925,28.225,18.95,0,3.02958320469349e-05,1.8177499228161e-05,0.18177499228161
"413","pelham","0_10",0.401818181818182,80.3636363636364,1.6,0.246635757280942,1,67.0181818181818,8.90909090909091,4.19090909090909,0.0909090909090909,0.000128464925619835,1.28464925619835e-05,0.128464925619835
"414","pelham","10_20",0.02,4,1.5096443452381,0.210069553241103,0,31.2,7,2.2,0,6.0385773809524e-06,6.0385773809524e-07,0.0060385773809524
"415","pelham","20_40",0.06,12,1.65,0.215883238671701,1,60.9,9.24,3.54,0,1.98e-05,3.96e-06,0.0396
"416","pelham","40_100",0.0951612903225806,19.0322580645161,1.8,0.0360555127546399,3,63.6935483870968,8.23870967741935,11.3387096774194,0.032258064516129,3.42470135275754e-05,2.05482081165453e-05,0.205482081165453
"417","plott","0_10",11.8,2360,0.95,0.246635757280942,1,46.2,37.3,16.5,2,0.00219716,0.000219716,2.19716
"418","plott","10_20",6.475,1295,1.5096443452381,0.210069553241103,0,46.7895312870223,30.4653139464118,15.1362533561418,2.95214027796427,0.00189727539677647,0.000189727539677647,1.89727539677647
"419","plott","20_40",1.15,230,0.96,0.215883238671701,1,46.9,40.7,12.4,8,0.000203136,4.06272e-05,0.406272
"420","plott","40_100",0.57,114,1.18666666666667,0.128970280814354,3,56.9666666666667,29.3666666666667,13.6666666666667,9.33333333333333,0.000122653866666667,7.35923200000002e-05,0.735923200000002
"421","plummer","0_10",0.254,50.8,1.3509262485482,0.246635757280942,0,40.34,7.56,4.52,0,6.86270534262486e-05,6.86270534262486e-06,0.0686270534262486
"422","plummer","10_20",0.713333333333333,142.666666666667,1.5096443452381,0.210069553241103,0,52.3666666666667,5.96666666666667,2.4,0,0.000215375926587302,2.15375926587302e-05,0.215375926587302
"423","plummer","20_40",0.05,10,1.50104635443921,0.215883238671701,0,66.675,7.35,3.225,0,1.50104635443921e-05,3.00209270887842e-06,0.0300209270887842
"424","plummer","40_100",0.0422222222222222,8.44444444444444,1.59451747615447,0.19649269329816,0,52.2722222222222,4.71111111111111,2.12222222222222,0,1.34648142430822e-05,8.07888854584932e-06,0.0807888854584932
"425","poarch","0_10",0.34,68,1.3509262485482,0.246635757280942,0,51.3,25.2,4.66666666666667,0,9.18629849012776e-05,9.18629849012776e-06,0.0918629849012776
"426","poarch","10_20",0.228333333333333,45.6666666666667,1.5096443452381,0.210069553241103,0,46.7895312870223,30.4653139464118,15.1362533561418,2.95214027796427,6.69052070420531e-05,6.69052070420531e-06,0.0669052070420531
"427","poarch","20_40",0.116666666666667,23.3333333333333,1.50104635443921,0.215883238671701,0,55.8333333333333,25.6333333333333,7.86666666666667,0.333333333333333,3.49076668871252e-05,6.98153337742504e-06,0.0698153337742504
"428","poarch","40_100",0.166666666666667,33.3333333333333,1.59451747615447,0.19649269329816,0,70.2555555555556,20.4666666666667,14.6,0.222222222222222,5.30324701328413e-05,3.18194820797048e-05,0.318194820797048
"429","ponzer","0_10",13.11,2622,0.8,0.246635757280942,1,59.5,13.6,46.6,0,0.0020976,0.00020976,2.0976
"430","ponzer","10_20",7.37666666666667,1475.33333333333,1.5096443452381,0.210069553241103,0,46.7895312870223,30.4653139464118,15.1362533561418,2.95214027796427,0.00216147771071626,0.000216147771071626,2.16147771071626
"431","ponzer","20_40",1.64333333333333,328.666666666667,0.72,0.215883238671701,1,69.1666666666667,42.6333333333333,24.8666666666667,0,0.00023664,4.7328e-05,0.47328
"432","ponzer","40_100",0.4,80,1.15,0.240416305603426,2,33.3857142857143,49.9285714285714,13.7571428571429,0.142857142857143,9.18685714285714e-05,5.51211428571429e-05,0.551211428571429
"433","portia","0_10",3.25833333333333,651.666666666667,1.3509262485482,0.246635757280942,0,34.0458333333333,55.7708333333333,10.1833333333333,0,0.00088035360530391,8.8035360530391e-05,0.88035360530391
"434","portia","10_20",1.03846153846154,207.692307692308,1.5096443452381,0.210069553241103,0,38.0384615384615,51.0538461538462,10.9,0,0.000313541517857144,3.13541517857144e-05,0.313541517857144
"435","portia","20_40",1.50645161290323,301.290322580645,1.50104635443921,0.215883238671701,0,28.7516129032258,53.6387096774194,17.6129032258065,0,0.000452250740337491,9.04501480674982e-05,0.904501480674982
"436","portia","40_100",2.89859154929577,579.718309859155,1.59451747615447,0.19649269329816,0,27.6267605633803,37.1450704225352,35.230985915493,0,0.000924370976317155,0.000554622585790293,5.54622585790293
"437","pottsburg","0_10",0.19125,38.25,1.3509262485482,0.246635757280942,0,47.425,4.175,1.7625,0,5.16729290069687e-05,5.16729290069687e-06,0.0516729290069687
"438","pottsburg","10_20",0.045,9,1.5096443452381,0.210069553241103,0,47.6,5,1.85,0,1.35867991071429e-05,1.35867991071429e-06,0.0135867991071429
"439","pottsburg","20_40",0.02125,4.25,1.50104635443921,0.215883238671701,0,47.2,4.8375,1.6875,0,6.37944700636664e-06,1.27588940127333e-06,0.0127588940127333
"440","pottsburg","40_100",0.0188888888888889,3.77777777777778,1.59451747615447,0.19649269329816,0,44.3944444444444,4.37777777777778,1.92777777777778,0,6.02373268769466e-06,3.6142396126168e-06,0.036142396126168
"441","providence","0_10",4.10666666666667,821.333333333333,1.21333333333333,0.204287379280594,3,14.5,75.5,10,0,0.000996551111111108,9.96551111111109e-05,0.996551111111109
"442","providence","10_20",1.825,365,1.5275,0.0846069343099804,4,15.625,68.425,15.95,0,0.0005575375,5.575375e-05,0.5575375
"443","providence","20_40",2.47333333333333,494.666666666667,1.56666666666667,0.0152752523165195,3,11.1666666666667,65.0333333333333,23.8,0,0.00077497777777778,0.000154995555555556,1.54995555555556
"444","providence","40_100",1.38214285714286,276.428571428571,1.635,0.0988571053224161,12,19.2285714285714,57.4071428571429,23.3642857142857,0,0.000451960714285714,0.000271176428571429,2.71176428571429
"445","rains","0_10",1.04153846153846,208.307692307692,1.35,0.06557438524302,3,58.4916666666667,25.2153846153846,10.2076923076923,0.153846153846154,0.00028078274556213,2.8078274556213e-05,0.28078274556213
"446","rains","10_20",1.318,263.6,1.465,0.0777817459305203,2,61.8,25.74,8.72,0,0.000386174,3.86174e-05,0.386174
"447","rains","20_40",0.392666666666667,78.5333333333333,1.5725,0.0602079728939614,4,69.58,20.0333333333333,12.1066666666667,0.133333333333333,0.000123329008444444,2.46658016888889e-05,0.246658016888889
"448","rains","40_100",1.11633333333333,223.266666666667,1.69714285714286,0.0446147530585589,7,61.1533333333333,19.1766666666667,23.5466666666667,0.133333333333333,0.000378410208000001,0.0002270461248,2.270461248
"449","reddies","0_10",2.8025,560.5,0.91,0.197989898732233,2,64.475,31.025,8.05,0,0.000510055,5.10055e-05,0.510055
"450","reddies","10_20",2.27333333333333,454.666666666667,1.34,0.210069553241103,1,68.2,21.8,10,3.33333333333333,0.000588944888888889,5.88944888888889e-05,0.588944888888889
"451","reddies","20_40",0.2,40,1.24333333333333,0.280059517483933,3,69.95,23.375,6.675,0,4.97333333333332e-05,9.94666666666664e-06,0.0994666666666664
"452","reddies","40_100",0.934545454545455,186.909090909091,1.23,0.13076696830622,3,80.3636363636364,13.2272727272727,6.40909090909091,46.2727272727273,0.000123518023140496,7.41108138842975e-05,0.741108138842975
"453","rexor","0_10",3.86,772,1.3509262485482,0.246635757280942,0,48.2886660985049,31.5216808172776,14.2365984772959,2.55253239021966,0.00101629431907121,0.000101629431907121,1.01629431907121
"454","rexor","10_20",3.86,772,1.5096443452381,0.210069553241103,0,26.7,62.3,10.9,0,0.00116544543452381,0.000116544543452381,1.16544543452381
"455","rexor","20_40",3.8375,767.5,1.50104635443921,0.215883238671701,0,44.6474010593,29.3694540148412,19.535668248824,2.4242495503916,0.00112412443549187,0.000224824887098374,2.24824887098374
"456","rexor","40_100",3.815,763,1.59451747615447,0.19649269329816,0,27.35,54.45,20.2,0,0.00121661683430586,0.000729970100583516,7.29970100583516
"457","rosman","0_10",4.87,974,1.1,0.212132034355964,2,43.3,41.35,15.35,0,0.0010714,0.00010714,1.0714
"458","rosman","10_20",9.36,1872,1.33,0.210069553241103,1,62.4,25.2,12.4,1,0.0024648624,0.00024648624,2.4648624
"459","rosman","20_40",4.005,801,1.24,0.127279220613579,2,43.7,41.7,14.6,0,0.00099324,0.000198648,1.98648
"460","rosman","40_100",2.57444444444444,514.888888888889,1.29,0.132233559604642,8,69.6222222222222,23.7555555555556,6.62222222222222,0,0.000664206666666667,0.000398524,3.98524
"461","ruston","0_10",1.94466666666667,388.933333333333,1.49,0.0367423461417477,5,65.26,29.2666666666667,5.47333333333333,0.0666666666666667,0.000579124326222222,5.79124326222222e-05,0.579124326222222
"462","ruston","10_20",1.88777777777778,377.555555555556,1.7175,0.17423642940939,4,57.8,31.1888888888889,11.0111111111111,0,0.000648451666666667,6.48451666666667e-05,0.648451666666667
"463","ruston","20_40",1.11933333333333,223.866666666667,1.7025,0.0394757309410901,4,57.4733333333333,29.6933333333333,12.8333333333333,0.0666666666666667,0.000380878911333333,7.61757822666667e-05,0.761757822666667
"464","ruston","40_100",1.26162790697674,252.325581395349,1.75352941176471,0.0561183098986628,17,56.6116279069767,23.5860465116279,19.8023255813953,0.116279069767442,0.000441945839563517,0.00026516750373811,2.6516750373811
"465","rutlege","0_10",0.045,9,1.3509262485482,0.246635757280942,0,76.75,7,3.25,0,1.21583362369338e-05,1.21583362369338e-06,0.0121583362369338
"466","rutlege","10_20",0.01,2,1.5096443452381,0.210069553241103,0,44,11.6,2.6,0,3.0192886904762e-06,3.0192886904762e-07,0.0030192886904762
"467","rutlege","20_40",0.09,18,1.50104635443921,0.215883238671701,0,58.3666666666667,5.83333333333333,2.96666666666667,0,2.70188343799058e-05,5.40376687598116e-06,0.0540376687598116
"468","rutlege","40_100",1.165,233,1.59451747615447,0.19649269329816,0,50.0444444444444,4.46666666666667,4.2,0,0.000371522571943992,0.000222913543166395,2.22913543166395
"469","sacul","0_10",2.484,496.8,1.435,0.0919238815542511,2,50.0142857142857,41.5428571428571,30.3,1.28571428571429,0.00070374204,7.0374204e-05,0.70374204
"470","sacul","10_20",1.67666666666667,335.333333333333,1.48,0.210069553241103,1,36.82,41.44,36.78,0,0.000496293333333333,4.96293333333333e-05,0.496293333333333
"471","sacul","20_40",2.69,538,1.62666666666667,0.0513160143944688,3,37.5142857142857,42.0142857142857,31.9857142857143,1.42857142857143,0.000862644571428573,0.000172528914285715,1.72528914285715
"472","sacul","40_100",0.727272727272727,145.454545454545,1.64,0.0728010988928051,5,30.3095238095238,36.5,35.4904761904762,1.57142857142857,0.000234796883116883,0.00014087812987013,1.4087812987013
"473","saffell","0_10",3.03375,606.75,1.3509262485482,0.246635757280942,0,32.65,55.9875,11.3625,6.25,0.000768444844974957,7.68444844974957e-05,0.768444844974957
"474","saffell","10_20",1.255,251,1.38,0.210069553241103,1,18,65.775,16.225,11.75,0.00030568035,3.0568035e-05,0.30568035
"475","saffell","20_40",0.834285714285714,166.857142857143,1.36,0.215883238671701,1,32.9285714285714,50.7714285714286,16.3,15.2857142857143,0.000192238497959184,3.84476995918367e-05,0.384476995918367
"476","saffell","40_100",0.384285714285714,76.8571428571429,1.21,0.19649269329816,1,47.7714285714286,31.6142857142857,20.6142857142857,19.2857142857143,7.50619795918367e-05,4.5037187755102e-05,0.45037187755102
"477","sapelo","0_10",0.832857142857143,166.571428571429,1.3509262485482,0.246635757280942,0,53.2846153846154,7.10714285714286,1.12857142857143,0,0.000225025715115315,2.25025715115315e-05,0.225025715115315
"478","sapelo","10_20",0.485,97,1.52,0.210069553241103,1,79.46,6.76666666666667,1.01666666666667,0,0.00014744,1.4744e-05,0.14744
"479","sapelo","20_40",0.0865,17.3,1.50104635443921,0.215883238671701,0,55.26,6.45,1.435,0,2.59681019317983e-05,5.19362038635967e-06,0.0519362038635967
"480","sapelo","40_100",0.106166666666667,21.2333333333333,1.61,0.0692820323027551,6,56.3903225806452,5.73548387096774,4.24354838709677,0,3.41856666666667e-05,2.05114e-05,0.205114
"481","saucier","0_10",1.6025,320.5,1.42,0.127279220613579,2,40.75,29.55,12.525,2.5,0.00044373225,4.4373225e-05,0.44373225
"482","saucier","10_20",2.9,580,1.59,0.210069553241103,1,44.3,39.5,16.2,1,0.000912978,9.12978e-05,0.912978
"483","saucier","20_40",0.3325,66.5,1.67,0.014142135623731,2,53.65,25.925,14.175,1,0.00010994445,2.198889e-05,0.2198889
"484","saucier","40_100",0.438,87.6,1.685,0.0404145188432738,4,45.32,27.27,27.61,0.5,0.00014686797,8.8120782e-05,0.88120782
"485","saunook","0_10",11.9,2380,1.3,0.246635757280942,1,43.1,32.2,24.7,16,0.00259896,0.000259896,2.59896
"486","saunook","10_20",10.6166666666667,2123.33333333333,1.29,0.175214154679352,3,40.8666666666667,37.9,21.2333333333333,7.66666666666667,0.00252910233333333,0.000252910233333333,2.52910233333333
"487","saunook","20_40",5.29333333333333,1058.66666666667,1.43,0.229128784747792,3,43.4333333333333,34.8,21.7666666666667,10.6666666666667,0.00135241137777778,0.000270482275555555,2.70482275555555
"488","saunook","40_100",3.1975,639.5,1.26,0.208885933785244,7,44.8,33.8375,21.3625,29.875,0.0005650462125,0.0003390277275,3.390277275
"489","sharkey","0_10",25.7906666666667,5158.13333333333,1.54,0.346121365997536,7,5.41904761904762,31.7333333333333,62.847619047619,0.19047619047619,0.00792839480888889,0.000792839480888889,7.92839480888889
"490","sharkey","10_20",26.2828571428571,5256.57142857143,1.852,0.055703295619354,15,1.27272727272727,32.0136363636364,66.7136363636364,0.0454545454545455,0.00973074520831169,0.000973074520831169,9.73074520831169
"491","sharkey","20_40",25.474,5094.8,1.80785714285714,0.0867515082048962,14,3.63076923076923,31.5384615384615,64.8307692307692,0,0.00921067057142856,0.00184213411428571,18.4213411428571
"492","sharkey","40_100",26.7409523809524,5348.19047619048,1.81230769230769,0.104280686315643,26,3.2125,30.6825,66.105,0.0125,0.00969135516908424,0.00581481310145054,58.1481310145054
"493","smithdale","0_10",2.45833333333333,491.666666666667,1.57,0.0264575131106459,3,74.7,19.7083333333333,5.59166666666667,2.5,0.00075261875,7.5261875e-05,0.75261875
"494","smithdale","10_20",0.05,10,1.5096443452381,0.210069553241103,0,74.72,19.94,5.34,4.2,1.4462392827381e-05,1.4462392827381e-06,0.014462392827381
"495","smithdale","20_40",0.898571428571429,179.714285714286,1.5575,0.0903234926989282,4,68.1714285714286,20.7285714285714,11.1,3.42857142857143,0.000270308257142857,5.40616514285714e-05,0.540616514285714
"496","smithdale","40_100",0.408,81.6,1.7,0.05,5,62.636,16.14,21.224,1.04,0.000137277312,8.23663872e-05,0.823663872
"497","smithton","0_10",0.18,36,1.3509262485482,0.246635757280942,0,48.6,45.5,5.9,0,4.86333449477352e-05,4.86333449477352e-06,0.0486333449477352
"498","smithton","10_20",0.155,31,1.5096443452381,0.210069553241103,0,46.7895312870223,30.4653139464118,15.1362533561418,2.95214027796427,4.54174033205178e-05,4.54174033205178e-06,0.0454174033205178
"499","smithton","20_40",0.13,26,1.50104635443921,0.215883238671701,0,51.7,41.6,6.7,0,3.90272052154195e-05,7.80544104308389e-06,0.0780544104308389
"500","smithton","40_100",0.12,24,1.59451747615447,0.19649269329816,0,51.8,40.05,8.15,0,3.82684194277073e-05,2.29610516566244e-05,0.229610516566244
"501","susquehanna","0_10",0.72,144,1.36,0.226274169979695,2,59.6333333333333,36.2666666666667,4.1,0.333333333333333,0.0001951872,1.951872e-05,0.1951872
"502","susquehanna","10_20",2.4,480,1.475,0.162634559672906,2,29.7,44.95,25.35,0.5,0.00070446,7.0446e-05,0.70446
"503","susquehanna","20_40",6.075,1215,1.77,0.0761577310586392,4,30.8,19.95,49.25,0,0.00215055,0.00043011,4.3011
"504","susquehanna","40_100",7.58,1516,1.88333333333333,0.0553774924194538,6,32.9857142857143,18.0571428571429,48.9571428571429,0,0.00285513333333333,0.00171308,17.1308
"505","tate","0_10",2.43,486,1.55,0.246635757280942,1,72.6666666666667,37,14.3,10.3333333333333,0.000675459,6.75459e-05,0.675459
"506","tate","10_20",0.125,25,1.345,0.205060966544099,2,57.8,24.25,17.95,12,2.959e-05,2.959e-06,0.02959
"507","tate","20_40",0.095,19,1.505,0.0919238815542513,2,51.95,24.5,23.55,9,2.602145e-05,5.20429e-06,0.0520429
"508","tate","40_100",0.16,32,1.526,0.0998999499499374,5,58.04,21.62,20.34,16,4.101888e-05,2.4611328e-05,0.24611328
"509","tippah","0_10",1.91,382,1.29,0.246635757280942,1,9.8,81.3,8.9,0,0.00049278,4.9278e-05,0.49278
"510","tippah","10_20",1.4425,288.5,1.5096443452381,0.210069553241103,0,46.7895312870223,30.4653139464118,15.1362533561418,2.95214027796427,0.000422674866386109,4.22674866386109e-05,0.422674866386109
"511","tippah","20_40",0.975,195,1.505,0.0919238815542513,2,6.15,70.15,23.7,0,0.000293475,5.8695e-05,0.58695
"512","tippah","40_100",5.61666666666667,1123.33333333333,1.76333333333333,0.187171935218219,3,4.7,58.4333333333333,36.8666666666667,0,0.00198081111111111,0.00118848666666666,11.8848666666666
"513","toccoa","0_10",3.665,733,1.32,0.246635757280942,1,38.65,37.15,24.2,1,0.0009578844,9.578844e-05,0.9578844
"514","toccoa","10_20",1.5975,319.5,1.45,0.210069553241103,1,62.25,23.925,13.825,0.25,0.0004621168125,4.621168125e-05,0.4621168125
"515","toccoa","20_40",0.846666666666667,169.333333333333,1.66,0.215883238671701,1,65.5333333333333,23.9333333333333,10.5333333333333,0,0.000281093333333333,5.62186666666667e-05,0.562186666666667
"516","toccoa","40_100",0.961,192.2,1.7,0.0360555127546399,3,69.48,19.92,10.6,1.1,0.00032314586,0.000193887516,1.93887516
"517","toinette","0_10",3.3,660,1.3509262485482,0.246635757280942,0,80.1,15.4,4.5,0,0.000891611324041812,8.91611324041812e-05,0.891611324041812
"518","toinette","10_20",1.735,347,1.5096443452381,0.210069553241103,0,46.7895312870223,30.4653139464118,15.1362533561418,2.95214027796427,0.000508381901684506,5.08381901684506e-05,0.508381901684506
"519","toinette","20_40",0.17,34,1.50104635443921,0.215883238671701,0,84.3,11.8,3.9,0,5.10355760509332e-05,1.02071152101866e-05,0.102071152101866
"520","toinette","40_100",0.716666666666667,143.333333333333,1.59451747615447,0.19649269329816,0,78.7666666666667,5.53333333333333,15.7,0,0.000228547504915474,0.000137128502949284,1.37128502949284
"521","townley","0_10",4.45,890,1.3509262485482,0.246635757280942,0,21,52.5,26.5,0,0.0012023243612079,0.00012023243612079,1.2023243612079
"522","townley","10_20",3.875,775,1.5096443452381,0.210069553241103,0,46.7895312870223,30.4653139464118,15.1362533561418,2.95214027796427,0.00113543508301295,0.000113543508301295,1.13543508301295
"523","townley","20_40",3.3,660,1.50104635443921,0.215883238671701,0,9,39.9,51.1,0,0.000990690593929879,0.000198138118785976,1.98138118785976
"524","townley","40_100",1.47333333333333,294.666666666667,1.59451747615447,0.19649269329816,0,6.83333333333333,44.4666666666667,48.7,0,0.000469851149640184,0.00028191068978411,2.8191068978411
"525","toxaway","0_10",5.2,1040,1.06,0.246635757280942,1,7,58.8,34.2,0,0.0011024,0.00011024,1.1024
"526","toxaway","10_20",3.4325,686.5,1.5096443452381,0.210069553241103,0,46.7895312870223,30.4653139464118,15.1362533561418,2.95214027796427,0.0010057757219205,0.00010057757219205,1.0057757219205
"527","toxaway","20_40",1.665,333,1.07,0.0282842712474619,2,7.25,59.3,33.45,0,0.00035631,7.1262e-05,0.71262
"528","toxaway","40_100",0.723333333333333,144.666666666667,1.23666666666667,0.0288675134594813,3,9.83333333333333,62.0333333333333,28.1333333333333,0,0.000178904444444445,0.000107342666666667,1.07342666666667
"529","trimont","0_10",1.31,262,0.95,0.246635757280942,1,50.6,28,21.4,2,0.000243922,2.43922e-05,0.243922
"530","trimont","10_20",2.51,502,1.12,0.183847763108502,2,45.2,28.15,26.65,5.5,0.0005313168,5.313168e-05,0.5313168
"531","trimont","20_40",0.57,114,1.37,0.0282842712474618,2,45.75,20.8,33.45,4.5,0.0001491519,2.983038e-05,0.2983038
"532","trimont","40_100",0.266666666666667,53.3333333333333,1.42833333333333,0.170577450639487,6,63.4833333333333,15.5333333333333,20.9833333333333,5,7.23688888888887e-05,4.34213333333332e-05,0.434213333333332
"533","troup","0_10",0.957857142857143,191.571428571429,1.58,0.0989949493661166,2,76.3785714285714,7.36428571428571,3.5,0,0.000302682857142857,3.02682857142857e-05,0.302682857142857
"534","troup","10_20",0.134285714285714,26.8571428571429,1.71,0.210069553241103,1,87.6285714285714,8.52857142857143,3.84285714285714,0,4.59257142857143e-05,4.59257142857143e-06,0.0459257142857143
"535","troup","20_40",0.3465,69.3,1.5,0.215883238671701,1,73.025,8.425,3.965,0.05,0.000103898025,2.0779605e-05,0.20779605
"536","troup","40_100",0.140961538461538,28.1923076923077,1.87,0.459238500128201,3,74.2660377358491,7.7622641509434,5.13396226415094,0.188679245283019,5.26201444121916e-05,3.1572086647315e-05,0.31572086647315
"537","tuckasegee","0_10",1.22,244,1.3509262485482,0.246635757280942,0,48.2886660985049,31.5216808172776,14.2365984772959,2.55253239021966,0.000321212194110591,3.21212194110591e-05,0.321212194110591
"538","tuckasegee","10_20",1.22,244,1.11,0.210069553241103,1,56.4,28.1,15.5,16,0.0002275056,2.275056e-05,0.2275056
"539","tuckasegee","20_40",0.3,60,0.97,0.215883238671701,1,58.5,31.1,10.4,16,4.8888e-05,9.7776e-06,0.097776
"540","tuckasegee","40_100",0.663333333333333,132.666666666667,1.17,0.09,3,57.5333333333333,22.2333333333333,20.2333333333333,28.6666666666667,0.0001107236,6.643416e-05,0.6643416
"541","tusquitee","0_10",18.285,3657,0.57,0.246635757280942,1,35.45,36.95,37.5,1,0.0020636451,0.00020636451,2.0636451
"542","tusquitee","10_20",0.28,56,1.2,0.210069553241103,1,52.6,28.7,18.7,10,6.048e-05,6.048e-06,0.06048
"543","tusquitee","20_40",0.22,44,1.14,0.215883238671701,1,57.7,24.2,18.1,2,4.91568e-05,9.83136e-06,0.0983136
"544","tusquitee","40_100",0.36,72,1.3,0.15556349186104,2,64.2,20.15,15.65,19,7.5816e-05,4.54896e-05,0.454896
"545","udorthents","0_10",5.01,1002,1.3509262485482,0.246635757280942,0,32.2,45.2,22.6,0,0.0013536281010453,0.00013536281010453,1.3536281010453
"546","udorthents","10_20",4.345,869,1.5096443452381,0.210069553241103,0,46.7895312870223,30.4653139464118,15.1362533561418,2.95214027796427,0.00127315237050097,0.000127315237050097,1.27315237050097
"547","udorthents","20_40",3.68,736,1.50104635443921,0.215883238671701,0,22.3,44.8,32.9,0,0.00110477011686726,0.000220954023373452,2.20954023373452
"548","udorthents","40_100",2.38,476,1.59451747615447,0.19649269329816,0,43.6,32.7,23.7,0,0.000758990318649528,0.000455394191189717,4.55394191189717
"549","unaka","0_10",4.03,806,1.3509262485482,0.246635757280942,0,40.3,35.5,24.2,10,0.000979961900696865,9.79961900696865e-05,0.979961900696865
"550","unaka","10_20",0.34,68,1.5096443452381,0.210069553241103,0,40.2,39.3,20.5,10,9.23902339285717e-05,9.23902339285717e-06,0.0923902339285717
"551","unaka","20_40",0.2,40,1.50104635443921,0.215883238671701,0,45.7,36,18.3,8,5.52385058433629e-05,1.10477011686726e-05,0.110477011686726
"552","unaka","40_100",0.095,19,1.59451747615447,0.19649269329816,0,58.9,28.85,12.25,10,2.72662488422414e-05,1.63597493053449e-05,0.163597493053449
"553","urban land","0_10",38.708,7741.6,1.3509262485482,0.246635757280942,0,43.63,36.81,19.56,16.9,0.00869087276662718,0.000869087276662718,8.69087276662718
"554","urban land","10_20",41.285,8257,1.5096443452381,0.210069553241103,0,46.7895312870223,30.4653139464118,15.1362533561418,2.95214027796427,0.0120971451360489,0.00120971451360489,12.0971451360489
"555","urban land","20_40",43.862,8772.4,1.50104635443921,0.215883238671701,0,39.07,39.12,21.81,13.7,0.011363793311246,0.0022727586622492,22.727586622492
"556","urban land","40_100",43.862,8772.4,1.59451747615447,0.19649269329816,0,47.1527031434407,24.7802985973975,23.2730709428291,3.29052854268621,0.0135274743625665,0.00811648461753993,81.1648461753993
"557","vance","0_10",8.83,1766,1.3509262485482,0.246635757280942,0,24,51.7,24.3,0,0.00238573575493612,0.000238573575493612,2.38573575493612
"558","vance","10_20",8.03,1606,1.5096443452381,0.210069553241103,0,26,56.5,17.5,0,0.00242448881845239,0.000242448881845239,2.42448881845239
"559","vance","20_40",7.21,1442,1.50104635443921,0.215883238671701,0,27.3,55.8,16.9,0,0.00216450884310134,0.000432901768620268,4.32901768620268
"560","vance","40_100",8.145,1629,1.59451747615447,0.19649269329816,0,35.84,44.48,26.56,0,0.00259746896865563,0.00155848138119338,15.5848138119338
"561","wadley","0_10",1.66555555555556,333.111111111111,1.3509262485482,0.246635757280942,0,62.5111111111111,10.0888888888889,3.22222222222222,0.555555555555556,0.00044750849621815,4.4750849621815e-05,0.44750849621815
"562","wadley","10_20",0.5,100,1.5096443452381,0.210069553241103,0,46.3,6.5,1.9,0,0.00015096443452381,1.5096443452381e-05,0.15096443452381
"563","wadley","20_40",0.31625,63.25,1.50104635443921,0.215883238671701,0,76.625,10.5,3.5625,0.875,9.41104465764951e-05,1.8822089315299e-05,0.18822089315299
"564","wadley","40_100",0.573888888888889,114.777777777778,1.59451747615447,0.19649269329816,0,61.5944444444444,8.85,5.42222222222222,0.5,0.000182100096678137,0.000109260058006882,1.09260058006882
"565","wagram","0_10",1.91666666666667,383.333333333333,1.3509262485482,0.246635757280942,0,68.1333333333333,9.76666666666667,4.1,1,0.000512676511324042,5.12676511324042e-05,0.512676511324042
"566","wagram","10_20",0.37,74,1.57,0.169705627484771,2,61.4333333333333,10.3,3.1,0,0.00011618,1.1618e-05,0.11618
"567","wagram","20_40",0.5175,103.5,1.63,0.215883238671701,1,67.925,10.225,5.075,1.75,0.0001657526625,3.31505325e-05,0.331505325
"568","wagram","40_100",0.644166666666667,128.833333333333,1.6775,0.105633012516605,4,77.99,9.575,12.2,1.58333333333333,0.000212696049652778,0.000127617629791667,1.27617629791667
"569","wahee","0_10",2.66,532,1.3509262485482,0.246635757280942,0,61.8,27.4666666666667,10.6,0,0.000718692764227642,7.18692764227642e-05,0.718692764227642
"570","wahee","10_20",2.44875,489.75,1.5096443452381,0.210069553241103,0,46.7895312870223,30.4653139464118,15.1362533561418,2.95214027796427,0.000717521718587858,7.17521718587858e-05,0.717521718587858
"571","wahee","20_40",2.2375,447.5,1.50104635443921,0.215883238671701,0,47.675,33.275,19,0.25,0.000670038948002518,0.000134007789600504,1.34007789600504
"572","wahee","40_100",1.901,380.2,1.59451747615447,0.19649269329816,0,28.73,20.03,51.17,0.4,0.000603810602256194,0.000362286361353716,3.62286361353716
"573","wehadkee","0_10",4.605,921,1.3509262485482,0.246635757280942,0,45.95,34.4,19.65,0,0.00124420307491289,0.000124420307491289,1.24420307491289
"574","wehadkee","10_20",3.65,730,1.5096443452381,0.210069553241103,0,16.3,35.3,48.4,0,0.00110204037202381,0.000110204037202381,1.10204037202381
"575","wehadkee","20_40",6.5,1300,1.50104635443921,0.215883238671701,0,22.75,41.4,35.85,0,0.00195136026077097,0.000390272052154195,3.90272052154195
"576","wehadkee","40_100",3.99,798,1.59451747615447,0.19649269329816,0,38.8666666666667,32.1333333333333,29,0,0.00127242494597127,0.00076345496758276,7.6345496758276
"577","whiteside","0_10",0.1,20,1.3509262485482,0.246635757280942,0,48.2886660985049,31.5216808172776,14.2365984772959,2.55253239021966,2.63288683697206e-05,2.63288683697206e-06,0.0263288683697206
"578","whiteside","10_20",0.1,20,1.5096443452381,0.210069553241103,0,46.7895312870223,30.4653139464118,15.1362533561418,2.95214027796427,2.93015505293663e-05,2.93015505293663e-06,0.0293015505293663
"579","whiteside","20_40",0.1,20,1.21,0.215883238671701,1,47,26.9,26.1,0,2.42e-05,4.84e-06,0.0484
"580","whiteside","40_100",0.0733333333333333,14.6666666666667,1.30666666666667,0.0550757054728611,3,54.5,24.0666666666667,21.4333333333333,0.333333333333333,1.9100562962963e-05,1.14603377777778e-05,0.114603377777778
"581","wickham","0_10",1.96,392,1.41,0.246635757280942,1,56.8578947368421,36.7315789473684,20.335,0,0.00055272,5.5272e-05,0.55272
"582","wickham","10_20",2.03666666666667,407.333333333333,1.5096443452381,0.210069553241103,0,65.4666666666667,36.62,23.2333333333333,0.0666666666666667,0.00061451851098479,6.14518510984791e-05,0.61451851098479
"583","wickham","20_40",2.13888888888889,427.777777777778,1.71,0.215883238671701,1,53.3888888888889,26.2555555555556,20.3555555555556,0.111111111111111,0.000730687222222222,0.000146137444444444,1.46137444444444
"584","wickham","40_100",2.82526315789474,565.052631578947,1.69,0.19649269329816,1,52.3052631578947,24.1552631578947,23.5394736842105,0.157894736842105,0.000953431149030471,0.000572058689418283,5.72058689418283
"585","wilkes","0_10",1.6,320,1.3509262485482,0.246635757280942,0,70.8,23.9,5.3,0,0.000432296399535424,4.32296399535424e-05,0.432296399535424
"586","wilkes","10_20",0.57,114,1.5096443452381,0.210069553241103,0,72.4,23.4,4.2,0,0.000172099455357143,1.72099455357143e-05,0.172099455357143
"587","wilkes","20_40",1.52,304,1.50104635443921,0.215883238671701,0,48.7,22.9,28.4,0,0.00045631809174952,9.1263618349904e-05,0.91263618349904
"588","wilkes","40_100",7.61,1522,1.59451747615447,0.19649269329816,0,81.2,9.9,8.9,5,0.00230551281877175,0.00138330769126305,13.8330769126305
"589","woden","0_10",0.825,165,1.3509262485482,0.246635757280942,0,73.35,23.625,3.025,0,0.000222902831010453,2.22902831010453e-05,0.222902831010453
"590","woden","10_20",0.7,140,1.5096443452381,0.210069553241103,0,67.55,28.2,4.25,0,0.000211350208333334,2.11350208333334e-05,0.211350208333334
"591","woden","20_40",0.925,185,1.50104635443921,0.215883238671701,0,65.1,28.75,6.15,0,0.000277693575571254,5.55387151142508e-05,0.555387151142508
"592","woden","40_100",2.1,420,1.59451747615447,0.19649269329816,0,59.85,25.3125,14.8375,0,0.000669697339984877,0.000401818403990926,4.01818403990926
"593","wrightsville","0_10",5.06222222222222,1012.44444444444,1.42666666666667,0.11060440015358,3,18.3555555555556,59.0555555555556,22.5888888888889,1.44444444444444,0.00142355688559671,0.000142355688559671,1.42355688559671
"594","wrightsville","10_20",2.93714285714286,587.428571428571,1.67,0.210069553241103,1,15.5428571428571,58,26.4571428571429,0.142857142857143,0.00097960427755102,9.7960427755102e-05,0.97960427755102
"595","wrightsville","20_40",3.72555555555556,745.111111111111,1.598,0.0807465169527454,5,17.7111111111111,56.0666666666667,26.2222222222222,0.222222222222222,0.00118804158320988,0.000237608316641975,2.37608316641975
"596","wrightsville","40_100",7.9962962962963,1599.25925925926,1.78454545454545,0.0951171526448975,11,11.9222222222222,45.3555555555556,42.7222222222222,0,0.00285395084175083,0.0017123705050505,17.123705050505
