"","soil_name","horizon","mg_mqevL","mg_ppm","bulk_density","bulk_density_sd","n","sand","silt","clay","frag","mg_g_cm3","mg_Mg_horizon","mg_Mg_ha"
"1","acadia","0_10",0.32,38.4,1.4,0.246635757280942,1,58.5,36.4,5.1,2,5.26848e-05,5.26848e-06,0.0526848
"2","acadia","10_20",0.745,89.4,1.5096443452381,0.210069553241103,0,46.7895312870223,30.4653139464118,15.1362533561418,2.95214027796427,0.000130977930866267,1.30977930866267e-05,0.130977930866267
"3","acadia","20_40",1.17,140.4,1.62,0.215883238671701,1,40.9,37.5,21.6,2,0.00022289904,4.4579808e-05,0.44579808
"4","acadia","40_100",3.17666666666667,381.2,1.81,0.05,3,35.8333333333333,33.0333333333333,31.1333333333333,1.66666666666667,0.000678472466666667,0.00040708348,4.0708348
"5","albany","0_10",0.122777777777778,14.7333333333333,1.6,0.246635757280942,1,46.4333333333333,7.40555555555556,2.86666666666667,0.0555555555555556,2.3560237037037e-05,2.3560237037037e-06,0.023560237037037
"6","albany","10_20",0.0957142857142857,11.4857142857143,1.5096443452381,0.210069553241103,0,45.6285714285714,5.97142857142857,2.24285714285714,0,1.7339343622449e-05,1.7339343622449e-06,0.017339343622449
"7","albany","20_40",0.0394117647058824,4.72941176470588,1.69,0.014142135623731,2,57.1647058823529,7.74444444444444,2.60555555555556,0.0555555555555556,7.98826549019608e-06,1.59765309803922e-06,0.0159765309803922
"8","albany","40_100",0.03,3.6,1.74666666666667,0.0956382071489562,6,53.5452830188679,6.73962264150943,2.40754716981132,0.0754716981132075,6.28325433962265e-06,3.76995260377359e-06,0.0376995260377359
"9","allanton","0_10",0.09,10.8,1.3509262485482,0.246635757280942,0,21.2,6.2,7.8,0,1.45900034843206e-05,1.45900034843206e-06,0.0145900034843206
"10","allanton","10_20",0.02,2.4,1.5096443452381,0.210069553241103,0,95.2,6.5,2,0,3.62314642857144e-06,3.62314642857144e-07,0.00362314642857144
"11","allanton","20_40",0.02,2.4,1.50104635443921,0.215883238671701,0,17.25,8.15,3.05,0,3.6025112506541e-06,7.20502250130821e-07,0.00720502250130821
"12","allanton","40_100",0.01,1.2,1.59451747615447,0.19649269329816,0,68.1,7,2.68,0,1.91342097138536e-06,1.14805258283122e-06,0.0114805258283122
"13","angelina","0_10",3.96,475.2,1.53,0.246635757280942,1,30.2,40.5,29.3,0,0.000727056,7.27056e-05,0.727056
"14","angelina","10_20",4.835,580.2,1.5096443452381,0.210069553241103,0,46.7895312870223,30.4653139464118,15.1362533561418,2.95214027796427,0.000850037980856917,8.50037980856917e-05,0.850037980856917
"15","angelina","20_40",5.71,685.2,1.81,0.215883238671701,1,16.6,42.1,41.3,0,0.001240212,0.0002480424,2.480424
"16","angelina","40_100",3.27,392.4,1.69666666666667,0.0550757054728611,3,52.5333333333333,22.9666666666667,24.5,0,0.000665772000000001,0.000399463200000001,3.99463200000001
"17","appling","0_10",0.1,12,1.3509262485482,0.246635757280942,0,65.0666666666667,21.1333333333333,12.6,4,1.55626703832753e-05,1.55626703832753e-06,0.0155626703832753
"18","appling","10_20",0.925,111,1.5096443452381,0.210069553241103,0,31.175,38.425,15.125,0,0.000167570522321429,1.67570522321429e-05,0.167570522321429
"19","appling","20_40",0.55,66,1.50104635443921,0.215883238671701,0,36.8,20.6,42.6,0,9.90690593929879e-05,1.98138118785976e-05,0.198138118785976
"20","appling","40_100",0.50625,60.75,1.31,0.19649269329816,1,42.0181818181818,25.5,32.9090909090909,2.72727272727273,7.74120681818182e-05,4.64472409090909e-05,0.464472409090909
"21","arkana","0_10",3.35,402,1.3509262485482,0.246635757280942,0,26.26875,54.1375,19.6,0,0.000543072351916376,5.43072351916376e-05,0.543072351916376
"22","arkana","10_20",4.22857142857143,507.428571428571,1.5096443452381,0.210069553241103,0,26.5285714285714,49.4571428571429,24.0142857142857,0,0.00076603667346939,7.6603667346939e-05,0.76603667346939
"23","arkana","20_40",6.78947368421053,814.736842105263,1.50104635443921,0.215883238671701,0,19.9578947368421,39.3421052631579,40.6947368421053,0,0.00122295776666942,0.000244591553333884,2.44591553333884
"24","arkana","40_100",13.2702702702703,1592.43243243243,1.59451747615447,0.19649269329816,0,11.5108108108108,26.2378378378378,62.2378378378378,0,0.00253916134310869,0.00152349680586521,15.2349680586521
"25","ashe","0_10",1.53333333333333,184,1.26,0.246635757280942,1,48.7666666666667,35.2333333333333,16,6.33333333333333,0.0002171568,2.171568e-05,0.2171568
"26","ashe","10_20",0.67,80.4,1.5096443452381,0.210069553241103,0,49.2,36.75,14.05,2,0.00011894789725,1.1894789725e-05,0.11894789725
"27","ashe","20_40",0.8,96,1.58,0.215883238671701,1,63.5,22.7,13.8,1,0.0001501632,3.003264e-05,0.3003264
"28","ashe","40_100",2.258,270.96,1.79,0.19649269329816,1,59.06,27.64,13.3,8,0.000446216928,0.0002677301568,2.677301568
"29","ashlar","0_10",0.11,13.2,1.3509262485482,0.246635757280942,0,48.2886660985049,31.5216808172776,14.2365984772959,2.55253239021966,1.73770531240156e-05,1.73770531240156e-06,0.0173770531240156
"30","ashlar","10_20",0.11,13.2,1.5096443452381,0.210069553241103,0,46.7895312870223,30.4653139464118,15.1362533561418,2.95214027796427,1.93390233493818e-05,1.93390233493818e-06,0.0193390233493818
"31","ashlar","20_40",0.11,13.2,1.57,0.215883238671701,1,74.2,20.1,5.7,14,1.782264e-05,3.564528e-06,0.03564528
"32","ashlar","40_100",0.16,19.2,1.55,0.19649269329816,1,75.2,19.4,5.4,30,2.0832e-05,1.24992e-05,0.124992
"33","attoyac","0_10",0.326666666666667,39.2,1.63,0.226274169979695,2,64.0333333333333,31.7333333333333,4.23333333333333,0.333333333333333,6.36830133333333e-05,6.36830133333333e-06,0.0636830133333333
"34","attoyac","10_20",0.355,42.6,1.585,0.134350288425444,2,72.75,24.25,3,1,6.684579e-05,6.684579e-06,0.06684579
"35","attoyac","20_40",0.545,65.4,1.648,0.122351951353462,5,61.2333333333333,30.45,8.31666666666667,0.333333333333333,0.000107419936,2.14839872e-05,0.214839872
"36","attoyac","40_100",1.30090909090909,156.109090909091,1.7775,0.0337003603202442,8,49.0545454545455,26.5636363636364,24.3818181818182,0.181818181818182,0.000276979392892562,0.000166187635735537,1.66187635735537
"37","bayboro","0_10",3.1,372,1.3509262485482,0.246635757280942,0,44.8,20.4,34.8,0,0.00050254456445993,5.0254456445993e-05,0.50254456445993
"38","bayboro","10_20",2.17333333333333,260.8,1.5096443452381,0.210069553241103,0,36,31.2666666666667,32.7333333333333,0,0.000393715245238097,3.93715245238097e-05,0.393715245238097
"39","bayboro","20_40",2.05,246,1.50104635443921,0.215883238671701,0,31.95,32.85,35.2,0,0.000369257403192046,7.38514806384091e-05,0.738514806384091
"40","bayboro","40_100",2.96666666666667,356,1.59451747615447,0.19649269329816,0,26.6666666666667,24.5,48.8333333333333,0,0.000567648221510991,0.000340588932906595,3.40588932906595
"41","beauregard","0_10",0.57,68.4,1.39,0.246635757280942,1,39.1833333333333,55.1333333333333,5.68333333333333,1.16666666666667,9.396678e-05,9.396678e-06,0.09396678
"42","beauregard","10_20",0.448333333333333,53.8,1.6,0.210069553241103,1,36.0666666666667,54.7,9.23333333333333,1,8.52192e-05,8.52192e-06,0.0852192
"43","beauregard","20_40",0.546666666666667,65.6,1.62,0.215883238671701,1,30.8166666666667,52.3666666666667,16.8166666666667,1,0.00010520928,2.1041856e-05,0.21041856
"44","beauregard","40_100",0.784285714285714,94.1142857142857,1.70666666666667,0.0850490054811538,3,27.90625,52.375,19.71875,1.25,0.000158613942857143,9.51683657142859e-05,0.951683657142859
"45","benndale","0_10",0.48,57.6,1.53,0.246635757280942,1,71.4,18.95,9.65,0.5,8.768736e-05,8.768736e-06,0.08768736
"46","benndale","10_20",0.315,37.8,1.5096443452381,0.210069553241103,0,46.7895312870223,30.4653139464118,15.1362533561418,2.95214027796427,5.53799305005023e-05,5.53799305005023e-06,0.0553799305005023
"47","benndale","20_40",0.15,18,1.63,0.215883238671701,1,64.15,20.1,15.75,0,2.934e-05,5.868e-06,0.05868
"48","benndale","40_100",0.162,19.44,1.69,0.0173205080756888,3,69.12,17.16,13.72,0.6,3.26564784e-05,1.959388704e-05,0.1959388704
"49","bernaldo","0_10",0.78,93.6,1.3509262485482,0.246635757280942,0,62.0666666666667,35.5,2.43333333333333,0,0.000126446696864112,1.26446696864112e-05,0.126446696864112
"50","bernaldo","10_20",0.5,60,1.44,0.210069553241103,1,52.3,42.1,5.6,0,8.64e-05,8.64e-06,0.0864
"51","bernaldo","20_40",0.385,46.2,1.51,0.0800000000000001,3,56.625,37.875,5.5,0,6.9762e-05,1.39524e-05,0.139524
"52","bernaldo","40_100",1.77428571428571,212.914285714286,1.67142857142857,0.0817370930542087,7,41.4857142857143,32.4428571428571,26.0714285714286,0.142857142857143,0.000355362633236151,0.000213217579941691,2.13217579941691
"53","besner","0_10",0.2,24,1.24,0.246635757280942,1,66,31.2,2.8,0,2.976e-05,2.976e-06,0.02976
"54","besner","10_20",0.2,24,1.5096443452381,0.210069553241103,0,46.7895312870223,30.4653139464118,15.1362533561418,2.95214027796427,3.51618606352396e-05,3.51618606352396e-06,0.0351618606352396
"55","besner","20_40",0.2,24,1.47,0.014142135623731,2,65.45,31.85,2.7,0,3.528e-05,7.056e-06,0.07056
"56","besner","40_100",0.2,24,1.688,0.148895936814945,5,61.6,35.62,2.78,0,4.0512e-05,2.43072e-05,0.243072
"57","bethera","0_10",1.175,141,1.27,0.246635757280942,1,48.9,54.65,31.7,0,0.00017907,1.7907e-05,0.17907
"58","bethera","10_20",0.07,8.4,1.5096443452381,0.210069553241103,0,6.8,51.5,24.3,0,1.26810125e-05,1.26810125e-06,0.0126810125
"59","bethera","20_40",1.26,151.2,1.34,0.215883238671701,1,46.1,49.95,38.55,0,0.000202608,4.05216e-05,0.405216
"60","bethera","40_100",0.756666666666667,90.8,1.74,0.19649269329816,1,15.5666666666667,30.1,53.9,0,0.000157992,9.47952e-05,0.947952
"61","betis","0_10",0.23,27.6,1.3509262485482,0.246635757280942,0,48.2886660985049,31.5216808172776,14.2365984772959,2.55253239021966,3.63338383502144e-05,3.63338383502144e-06,0.0363338383502144
"62","betis","10_20",0.23,27.6,1.5096443452381,0.210069553241103,0,90.85,7.35,1.8,0,4.16661839285716e-05,4.16661839285716e-06,0.0416661839285716
"63","betis","20_40",0.1,12,1.50104635443921,0.215883238671701,0,84.3,13.1,2.6,0,1.80125562532705e-05,3.6025112506541e-06,0.0360251125065411
"64","betis","40_100",0.238,28.56,1.72,0.19649269329816,1,86.76,9.2,4.04,0,4.91232e-05,2.947392e-05,0.2947392
"65","bibb","0_10",0.52,62.4,1.3509262485482,0.246635757280942,0,70.375,21.9,7.725,0,8.42977979094077e-05,8.42977979094077e-06,0.0842977979094077
"66","bibb","10_20",0.235,28.2,1.5096443452381,0.210069553241103,0,48.3,37.55,14.05,0,4.25719705357144e-05,4.25719705357144e-06,0.0425719705357144
"67","bibb","20_40",0.052,6.24,1.14,0.215883238671701,1,61.52,27.56,10.88,0,7.1136e-06,1.42272e-06,0.0142272
"68","bibb","40_100",0.039,4.68,1.38,0.127279220613579,2,76.28,15.69,7.99,0.2,6.4454832e-06,3.86728992e-06,0.0386728992
"69","blanton","0_10",0.188421052631579,22.6105263157895,1.45,0.246635757280942,1,54.0944444444444,6.24736842105263,2.58947368421053,0,3.27852631578947e-05,3.27852631578947e-06,0.0327852631578947
"70","blanton","10_20",0.1675,20.1,1.5096443452381,0.210069553241103,0,64.475,8.375,2.9875,0,3.03438513392858e-05,3.03438513392858e-06,0.0303438513392858
"71","blanton","20_40",0.0738461538461538,8.86153846153846,1.50104635443921,0.215883238671701,0,51.1769230769231,7.76428571428571,3.35714285714286,0,1.33015800024152e-05,2.66031600048303e-06,0.0266031600048303
"72","blanton","40_100",0.0453191489361702,5.43829787234043,1.57,0.0264575131106459,3,58.4387755102041,6.66734693877551,2.73877551020408,0,8.53812765957447e-06,5.12287659574468e-06,0.0512287659574468
"73","bonneau","0_10",0.440909090909091,52.9090909090909,1.66,0.246635757280942,1,76.54,11.3454545454545,4.59090909090909,1.81818181818182,8.62321983471074e-05,8.62321983471074e-06,0.0862321983471074
"74","bonneau","10_20",0.0766666666666667,9.2,1.81,0.210069553241103,1,75.9833333333333,8.43333333333333,2.73333333333333,4.16666666666667,1.59581666666667e-05,1.59581666666667e-06,0.0159581666666667
"75","bonneau","20_40",0.207692307692308,24.9230769230769,1.50104635443921,0.215883238671701,0,65.4692307692308,11.6076923076923,6.16923076923077,1.46153846153846,3.68639220788087e-05,7.37278441576175e-06,0.0737278441576175
"76","bonneau","40_100",0.491111111111111,58.9333333333333,1.64,0.0299999999999999,3,55.8648148148148,9.37592592592593,18.2851851851852,1.18518518518519,9.55051772839506e-05,5.73031063703704e-05,0.573031063703703
"77","boulogne","0_10",0.08,9.6,1.3509262485482,0.246635757280942,0,59.3333333333333,4.66666666666667,1.86666666666667,0,1.29688919860627e-05,1.29688919860627e-06,0.0129688919860627
"78","boulogne","10_20",0.05,6,1.5096443452381,0.210069553241103,0,46.7895312870223,30.4653139464118,15.1362533561418,2.95214027796427,8.7904651588099e-06,8.7904651588099e-07,0.0087904651588099
"79","boulogne","20_40",0.02,2.4,1.50104635443921,0.215883238671701,0,33.675,5.22,2.54,0,3.6025112506541e-06,7.20502250130821e-07,0.00720502250130821
"80","boulogne","40_100",0.0142857142857143,1.71428571428571,1.59451747615447,0.19649269329816,0,67.5444444444445,4.33,2.65,0,2.73345853055052e-06,1.64007511833031e-06,0.0164007511833031
"81","bude","0_10",0.6,72,1.54,0.127279220613579,2,24.4,65.55,10.05,0,0.00011088,1.1088e-05,0.11088
"82","bude","10_20",0.65,78,1.5096443452381,0.210069553241103,0,46.7895312870223,30.4653139464118,15.1362533561418,2.95214027796427,0.000114276047064529,1.14276047064529e-05,0.114276047064529
"83","bude","20_40",0.7,84,1.50104635443921,0.215883238671701,0,16.15,64.55,19.3,0,0.000126087893772894,2.52175787545787e-05,0.252175787545787
"84","bude","40_100",1.71111111111111,205.333333333333,1.675,0.124766448481419,4,14.8888888888889,61.2222222222222,23.8888888888889,0,0.000343933333333333,0.00020636,2.0636
"85","burton","0_10",0.43875,52.65,0.7225,0.12737739202857,4,55.0444444444444,29.3111111111111,20.5125,11.7777777777778,3.35594025e-05,3.35594025e-06,0.0335594025
"86","burton","10_20",0.115,13.8,0.935,0.275771644662753,2,55.35,28.125,16.525,5.25,1.22255925e-05,1.22255925e-06,0.0122255925
"87","burton","20_40",0.2025,24.3,1.046,0.114367827643966,5,54.7625,30.6875,14.55,15.75,2.14144965e-05,4.2828993e-06,0.042828993
"88","burton","40_100",0.0690909090909091,8.29090909090909,1.27166666666667,0.0847152091815081,6,56.1636363636364,30.5181818181818,13.3181818181818,10.7272727272727,9.41226710743804e-06,5.64736026446283e-06,0.0564736026446283
"89","caddo","0_10",0.242857142857143,29.1428571428571,1.465,0.0494974746830584,2,24.4285714285714,69.4571428571429,6.11428571428571,0.714285714285714,4.23893265306122e-05,4.23893265306122e-06,0.0423893265306122
"90","caddo","10_20",0.4075,48.9,1.6,0.210069553241103,1,19.1,69.575,11.325,0.5,7.78488e-05,7.78488e-06,0.0778488
"91","caddo","20_40",0.31375,37.65,1.685,0.0212132034355964,2,21.4,66.675,11.925,0.25,6.3281649375e-05,1.2656329875e-05,0.12656329875
"92","caddo","40_100",0.980625,117.675,1.7075,0.0713559154286921,4,18.26875,63.74375,17.9875,0.3125,0.000200302156054688,0.000120181293632813,1.20181293632812
"93","cahaba","0_10",1.08666666666667,130.4,1.4,0.0556776436283002,3,51.35,34.175,14.4666666666667,0,0.00018256,1.8256e-05,0.18256
"94","cahaba","10_20",0.742857142857143,89.1428571428571,1.37,0.210069553241103,1,51.3,31.5,17.2,0,0.000122125714285714,1.22125714285714e-05,0.122125714285714
"95","cahaba","20_40",0.794666666666667,95.36,1.47333333333333,0.0757187779440037,3,47.9466666666667,32.9,19.14,0,0.000140497066666666,2.80994133333333e-05,0.280994133333333
"96","cahaba","40_100",0.818787878787879,98.2545454545455,1.526,0.0439317652729776,5,46.1545454545455,28.3606060606061,25.469696969697,0,0.000149936436363636,8.99618618181818e-05,0.899618618181818
"97","carnasaw","0_10",1.62,194.4,1.5,0.325269119345812,2,27.6,61.4,10.975,8.25,0.000267543,2.67543e-05,0.267543
"98","carnasaw","10_20",1.09,130.8,1.59,0.0565685424949237,2,29.775,56.975,14.3,9.75,0.00018769473,1.8769473e-05,0.18769473
"99","carnasaw","20_40",2.87333333333333,344.8,1.43333333333333,0.155349069303081,3,11.4333333333333,36.4666666666667,52.0666666666667,4.66666666666667,0.000471150044444443,9.42300088888887e-05,0.942300088888887
"100","carnasaw","40_100",3.94384615384615,473.261538461538,1.55142857142857,0.110064915910047,7,15.6923076923077,33.7153846153846,51.8769230769231,5.61538461538461,0.000693001551377853,0.000415800930826711,4.15800930826711
"101","cartecay","0_10",0.8,96,1.3509262485482,0.246635757280942,0,53.1,26,20.9,0,0.000129688919860627,1.29688919860627e-05,0.129688919860627
"102","cartecay","10_20",0.475,57,1.5096443452381,0.210069553241103,0,46.7895312870223,30.4653139464118,15.1362533561418,2.95214027796427,8.3509419008694e-05,8.3509419008694e-06,0.083509419008694
"103","cartecay","20_40",0.15,18,1.50104635443921,0.215883238671701,0,71.2,16.3,12.5,0,2.70188343799058e-05,5.40376687598116e-06,0.0540376687598116
"104","cartecay","40_100",0.28,33.6,1.59451747615447,0.19649269329816,0,69,18.8,12.2,0,5.35757871987902e-05,3.21454723192741e-05,0.321454723192741
"105","cashiers","0_10",0.31,37.2,1.3509262485482,0.246635757280942,0,54.6,25.6,19.8,8,4.62340999303136e-05,4.62340999303136e-06,0.0462340999303136
"106","cashiers","10_20",0.25,30,1.5096443452381,0.210069553241103,0,46.7895312870223,30.4653139464118,15.1362533561418,2.95214027796427,4.39523257940495e-05,4.39523257940495e-06,0.0439523257940495
"107","cashiers","20_40",0.19,22.8,1.04,0.215883238671701,1,59.3,23,17.7,9,2.157792e-05,4.315584e-06,0.04315584
"108","cashiers","40_100",0.29,34.8,1.31,0.0989949493661166,2,66.4,18.5,15.1,7.5,4.21689e-05,2.530134e-05,0.2530134
"109","cataula","0_10",1.46,175.2,1.39,0.246635757280942,1,66.2,18.5,15.3,4,0.00023378688,2.3378688e-05,0.23378688
"110","cataula","10_20",0.77,92.4,1.72,0.210069553241103,1,68,18,14,11,0.00014144592,1.4144592e-05,0.14144592
"111","cataula","20_40",1.25,150,1.51,0.215883238671701,1,36.7,13.5,49.8,4,0.00021744,4.3488e-05,0.43488
"112","cataula","40_100",0.72,86.4,1.505,0.120208152801713,2,32.0333333333333,15.6,52.3666666666667,2.66666666666667,0.00012656448,7.5938688e-05,0.75938688
"113","cecil","0_10",1.14242424242424,137.090909090909,1.58571428571429,0.13226956602045,7,58.4710526315789,21.9894736842105,21.9684210526316,6.13157894736842,0.000204057756664389,2.04057756664389e-05,0.204057756664389
"114","cecil","10_20",0.602222222222222,72.2666666666667,1.64666666666667,0.102143689640297,3,53.74,20.095,29.655,5.6,0.000112335160888889,1.12335160888889e-05,0.112335160888889
"115","cecil","20_40",0.505,60.6,1.59083333333333,0.124568953766275,12,46.504347826087,20.4652173913043,36.6217391304348,5.21739130434783,9.13746999999998e-05,1.827494e-05,0.1827494
"116","cecil","40_100",0.663432835820896,79.6119402985075,1.498,0.097689087900015,20,35.9277777777778,21.0986111111111,42.8472222222222,2.30555555555556,0.000116509111293532,6.99054667761194e-05,0.699054667761194
"117","chandler","0_10",0.68,81.6,1.3509262485482,0.246635757280942,0,40.35,22.05,29.3,22,8.59837538675958e-05,8.59837538675958e-06,0.0859837538675958
"118","chandler","10_20",0.19,22.8,1.62,0.210069553241103,1,65,22,13,47,1.957608e-05,1.957608e-06,0.01957608
"119","chandler","20_40",0.58,69.6,1.50104635443921,0.215883238671701,0,44.2,18.4,37.4,10,9.40255436420721e-05,1.88051087284144e-05,0.188051087284144
"120","chandler","40_100",0.4675,56.1,2.07666666666667,0.271538824725551,3,80.75,10.1,9.15,21.75,9.11620325000002e-05,5.46972195000001e-05,0.546972195000001
"121","chestnut","0_10",5.5,660,1.3509262485482,0.246635757280942,0,34.7,48.6,14.6333333333333,3,0.000864862984320558,8.64862984320558e-05,0.864862984320558
"122","chestnut","10_20",2.8175,338.1,1.5096443452381,0.210069553241103,0,46.7895312870223,30.4653139464118,15.1362533561418,2.95214027796427,0.000495342711698938,4.95342711698938e-05,0.495342711698938
"123","chestnut","20_40",0.135,16.2,1.13,0.215883238671701,1,42.05,37.05,20.9,10,1.64754e-05,3.29508e-06,0.0329508
"124","chestnut","40_100",0.146666666666667,17.6,1.45,0.0989949493661167,2,65,29.3,5.7,1.66666666666667,2.50946666666667e-05,1.50568e-05,0.150568
"125","chewacla","0_10",2.71285714285714,325.542857142857,1.355,0.190918830920368,2,13.0714285714286,48.3571428571429,38.5714285714286,1.28571428571429,0.000435439149795918,4.35439149795918e-05,0.435439149795918
"126","chewacla","10_20",2.535,304.2,1.5096443452381,0.210069553241103,0,12.45,41,46.55,0.5,0.000456937640772323,4.56937640772323e-05,0.456937640772323
"127","chewacla","20_40",1.12,134.4,1.48,0.0692820323027551,3,11.45,48.925,39.625,3.5,0.00019195008,3.8390016e-05,0.38390016
"128","chewacla","40_100",2.35071428571429,282.085714285714,1.53333333333333,0.118462370959446,3,15.65,46.3285714285714,38.0214285714286,0.5,0.000430368771428571,0.000258221262857142,2.58221262857142
"129","clarksville","0_10",0.909940828402367,109.192899408284,1.3509262485482,0.246635757280942,0,26.5863905325444,63.2307692307692,10.1786982248521,0.93491124260355,0.000146132451863569,1.46132451863569e-05,0.146132451863569
"130","clarksville","10_20",0.384257425742574,46.1108910891089,1.5096443452381,0.210069553241103,0,24.1833333333333,65.2088235294118,10.6098039215686,0.235294117647059,6.94472552901242e-05,6.94472552901242e-06,0.0694472552901242
"131","clarksville","20_40",0.499016393442623,59.8819672131148,1.50104635443921,0.215883238671701,0,24.6770491803279,62.575956284153,12.7448087431694,1.2568306010929,8.87558987472584e-05,1.77511797494517e-05,0.177511797494517
"132","clarksville","40_100",1.2403515625,148.8421875,2.04,0.0916515138991169,3,26.1935546875,46.393359375,27.41328125,1.05078125,0.000300447490671387,0.000180268494402832,1.80268494402832
"133","clebit","0_10",1.48,177.6,1.48,0.246635757280942,1,57.1,28.5,14.4,10,0.0002365632,2.365632e-05,0.2365632
"134","clebit","10_20",1.335,160.2,1.5096443452381,0.210069553241103,0,46.7895312870223,30.4653139464118,15.1362533561418,2.95214027796427,0.000234705419740224,2.34705419740224e-05,0.234705419740224
"135","clebit","20_40",1.19,142.8,1.51,0.215883238671701,1,56.5,30,13.5,14,0.00018544008,3.7088016e-05,0.37088016
"136","clebit","40_100",1.19,142.8,1.59451747615447,0.19649269329816,0,47.1527031434407,24.7802985973975,23.2730709428291,3.29052854268621,0.000220204657673442,0.000132122794604065,1.32122794604065
"137","clifton","0_10",1.98375,238.05,1.29857142857143,0.108386433872598,7,36.05,35.75,28.2,11.375,0.000273961967946429,2.73961967946429e-05,0.273961967946429
"138","clifton","10_20",2.23333333333333,268,1.53,0.0916515138991168,3,27.4666666666667,37.0666666666667,35.4666666666667,2,0.0004018392,4.018392e-05,0.4018392
"139","clifton","20_40",1.5525,186.3,1.47166666666667,0.0820771994324043,6,28.0125,31.425,40.5625,5.75,0.000258406638750001,5.16813277500001e-05,0.516813277500001
"140","clifton","40_100",1.53363636363636,184.036363636364,1.3935,0.106389304963076,20,38.1909090909091,27.1363636363636,34.6727272727273,5.45454545454545,0.000242466236033058,0.000145479741619835,1.45479741619835
"141","congaree","0_10",0.37,44.4,1.3509262485482,0.246635757280942,0,48.2886660985049,31.5216808172776,14.2365984772959,2.55253239021966,5.84500877807797e-05,5.84500877807797e-06,0.0584500877807797
"142","congaree","10_20",0.37,44.4,1.5096443452381,0.210069553241103,0,53.2,29,17.8,0,6.70282089285717e-05,6.70282089285717e-06,0.0670282089285717
"143","congaree","20_40",0.76,91.2,1.50104635443921,0.215883238671701,0,44.6474010593,29.3694540148412,19.535668248824,2.4242495503916,0.000133576740738578,2.67153481477156e-05,0.267153481477156
"144","congaree","40_100",1.15,138,1.59451747615447,0.19649269329816,0,43.05,35.725,21.225,0,0.000220043411709317,0.00013202604702559,1.3202604702559
"145","cowarts","0_10",0.603333333333333,72.4,1.525,0.088881944173156,4,73.7916666666667,9.60833333333333,8.75,3.83333333333333,0.000106177616666667,1.06177616666667e-05,0.106177616666667
"146","cowarts","10_20",0.264,31.68,1.65,0.0282842712474619,2,79.2,10.26,10.54,3.4,5.0494752e-05,5.0494752e-06,0.050494752
"147","cowarts","20_40",0.307142857142857,36.8571428571429,1.66333333333333,0.091796877216312,6,65.7857142857143,8.22857142857143,23.6357142857143,5.42857142857143,5.79776897959183e-05,1.15955379591837e-05,0.115955379591837
"148","cowarts","40_100",0.371891891891892,44.627027027027,1.70055555555556,0.108653373420044,18,61.2027777777778,6.44864864864865,31.6567567567568,2.75675675675676,7.37986156708061e-05,4.42791694024837e-05,0.442791694024837
"149","cowee","0_10",0.2,24,1.33,0.246635757280942,1,67.2,20.6,12.2,20,2.5536e-05,2.5536e-06,0.025536
"150","cowee","10_20",0.485,58.2,1.5096443452381,0.210069553241103,0,46.7895312870223,30.4653139464118,15.1362533561418,2.95214027796427,8.5267512040456e-05,8.5267512040456e-06,0.085267512040456
"151","cowee","20_40",0.77,92.4,1.64,0.215883238671701,1,62.8,18.6,18.6,17,0.00012577488,2.5154976e-05,0.25154976
"152","cowee","40_100",0.68,81.6,1.83,0.395979797464466,2,78.9666666666667,9.6,11.4333333333333,18.3333333333333,0.0001219512,7.317072e-05,0.7317072
"153","craggey","0_10",0.5925,71.1,0.76,0.10816653826392,3,60.075,33.2,23.625,6.75,5.038857e-05,5.038857e-06,0.05038857
"154","craggey","10_20",1.2,144,1.04,0.210069553241103,1,71.85,20.6,7.55,21,0.0001183104,1.183104e-05,0.1183104
"155","craggey","20_40",0.00666666666666667,0.8,0.97,0.215883238671701,1,79.6666666666667,16.9,3.43333333333333,20.3333333333333,6.18213333333334e-07,1.23642666666667e-07,0.00123642666666667
"156","craggey","40_100",0,0,1.59451747615447,0.19649269329816,0,68.1,23.5,8.4,20,0,0,0
"157","craven","0_10",0.19,22.8,1.45,0.014142135623731,2,23.3,67.2,9.5,0,3.306e-05,3.306e-06,0.03306
"158","craven","10_20",0.02,2.4,1.62,0.210069553241103,1,25.9,63.9,10.2,0,3.888e-06,3.888e-07,0.003888
"159","craven","20_40",0.293333333333333,35.2,1.58333333333333,0.153079500042734,3,15.0666666666667,57.7666666666667,27.1666666666667,0,5.57333333333332e-05,1.11466666666666e-05,0.111466666666666
"160","craven","40_100",0.94,112.8,1.588,0.0402492235949962,5,15.24,38.26,46.5,0,0.0001791264,0.00010747584,1.0747584
"161","cullasaja","0_10",1.01,121.2,0.925,0.0353553390593273,2,58.7,29,12.3,57,4.82073e-05,4.82073e-06,0.0482073
"162","cullasaja","10_20",0.75,90,0.84,0.210069553241103,1,55.3,23.7,21,51,3.7044e-05,3.7044e-06,0.037044
"163","cullasaja","20_40",0.236666666666667,28.4,1.32666666666667,0.319426569548204,3,58.0666666666667,28.8,13.1333333333333,46.6666666666667,2.00945777777778e-05,4.01891555555556e-06,0.0401891555555556
"164","cullasaja","40_100",0.497142857142857,59.6571428571429,1.54666666666667,0.185022521151706,3,63.9428571428571,23.8571428571429,12.2,58.8571428571429,3.79623967346939e-05,2.27774380408164e-05,0.227774380408164
"165","davidson","0_10",1.12857142857143,135.428571428571,1.59,0.12,3,47.1571428571429,23.3,29.5428571428571,1,0.000213178114285714,2.13178114285714e-05,0.213178114285714
"166","davidson","10_20",1.01333333333333,121.6,1.5096443452381,0.210069553241103,0,30.9333333333333,34.0333333333333,30.7,1.33333333333333,0.00018112511568254,1.8112511568254e-05,0.18112511568254
"167","davidson","20_40",0.645,77.4,1.5725,0.0206155281280883,4,40.1,20.9666666666667,38.9333333333333,0.666666666666667,0.00012090009,2.4180018e-05,0.24180018
"168","davidson","40_100",0.957857142857143,114.942857142857,1.57666666666667,0.104626319187223,6,27.2,16.3357142857143,56.4642857142857,0.785714285714286,0.000179802648367347,0.000107881589020408,1.07881589020408
"169","dorovan","0_10",0.15,18,1.3509262485482,0.246635757280942,0,48.2886660985049,31.5216808172776,14.2365984772959,2.55253239021966,2.36959815327485e-05,2.36959815327485e-06,0.0236959815327485
"170","dorovan","10_20",0.15,18,1.5096443452381,0.210069553241103,0,21,0.1,17.9,0,2.71735982142858e-05,2.71735982142858e-06,0.0271735982142858
"171","dorovan","20_40",0.125,15,1.50104635443921,0.215883238671701,0,44.6474010593,29.3694540148412,19.535668248824,2.4242495503916,2.19698586741082e-05,4.39397173482164e-06,0.0439397173482164
"172","dorovan","40_100",0.1,12,1.59451747615447,0.19649269329816,0,65.3,0.8,22.2,0,1.91342097138536e-05,1.14805258283122e-05,0.114805258283122
"173","dothan","0_10",1.8905,226.86,1.405,0.346482322781408,2,74.3809523809524,14.13125,7.63125,1.8125,0.0003129611683125,3.129611683125e-05,0.3129611683125
"174","dothan","10_20",0.481951219512195,57.8341463414634,1.65666666666667,0.124525767079214,6,78.5595238095238,13.047619047619,7.08095238095238,2.19047619047619,9.37131655284555e-05,9.37131655284555e-06,0.0937131655284555
"175","dothan","20_40",0.33,39.6,1.778,0.0834865258589673,5,66.6610169491525,13.3305084745763,15.0779661016949,2.91525423728814,6.83562044745763e-05,1.36712408949153e-05,0.136712408949153
"176","dothan","40_100",0.361111111111111,43.3333333333333,1.636,0.068677992593455,25,55.375,12.6240740740741,27.6231481481481,3.31481481481481,6.8543350617284e-05,4.11260103703704e-05,0.411260103703704
"177","duplin","0_10",0.21,25.2,1.3509262485482,0.246635757280942,0,37.2,23.2,9.4,0,3.40433414634147e-05,3.40433414634147e-06,0.0340433414634147
"178","duplin","10_20",0.5,60,1.5096443452381,0.210069553241103,0,7.3,17.8,12,0,9.0578660714286e-05,9.0578660714286e-06,0.090578660714286
"179","duplin","20_40",0.333333333333333,40,1.50104635443921,0.215883238671701,0,52.9333333333333,21.7666666666667,24.9333333333333,0,6.00418541775684e-05,1.20083708355137e-05,0.120083708355137
"180","duplin","40_100",0.84,100.8,1.59451747615447,0.19649269329816,0,38.5,18.2857142857143,49.5714285714286,0,0.000160727361596371,9.64364169578224e-05,0.964364169578223
"181","edneyville","0_10",0.3,36,0.82,0.246635757280942,1,32.7,38.7,28.6,5,2.8044e-05,2.8044e-06,0.028044
"182","edneyville","10_20",0.34,40.8,1.19,0.210069553241103,1,36.5,34.2,29.3,2,4.758096e-05,4.758096e-06,0.04758096
"183","edneyville","20_40",0.214,25.68,1.50104635443921,0.215883238671701,0,44.6474010593,29.3694540148412,19.535668248824,2.4242495503916,3.76123980500733e-05,7.52247961001466e-06,0.0752247961001466
"184","edneyville","40_100",0.088,10.56,1.075,0.0493288286231624,4,66.5,24.24,9.26,0.6,1.1283888e-05,6.7703328e-06,0.067703328
"185","enon","0_10",1.11,133.2,1.07,0.246635757280942,1,60.1,29.95,9.95,27.5,0.0001033299,1.033299e-05,0.1033299
"186","enon","10_20",1.38,165.6,1.48,0.210069553241103,1,46.3,40.6,13.1,29,0.00017401248,1.7401248e-05,0.17401248
"187","enon","20_40",8,960,1.52,0.215883238671701,1,30.75,19.9,49.35,8,0.001342464,0.0002684928,2.684928
"188","enon","40_100",13.26,1591.2,1.76333333333333,0.0873689494805411,3,32.3857142857143,17.5285714285714,50.0857142857143,2.57142857142857,0.00273366644571428,0.00164019986742857,16.4019986742857
"189","escambia","0_10",0.0666666666666667,8,1.3509262485482,0.246635757280942,0,60.7333333333333,29.2666666666667,7.6,0,1.08074099883856e-05,1.08074099883856e-06,0.0108074099883856
"190","escambia","10_20",0.1325,15.9,1.33,0.210069553241103,1,48.525,31.9,6.7,0.5,2.1041265e-05,2.1041265e-06,0.021041265
"191","escambia","20_40",0.103333333333333,12.4,1.7,0.215883238671701,1,49.56,29.92,9.44,0.6,2.095352e-05,4.190704e-06,0.04190704
"192","escambia","40_100",0.178461538461538,21.4153846153846,1.78,0.0282842712474619,2,57.0076923076923,29.0076923076923,15.3538461538462,0.615384615384615,3.78848037869823e-05,2.27308822721893e-05,0.227308822721893
"193","estate","0_10",1.975,237,1.3509262485482,0.246635757280942,0,45.975,45.375,8.65,0,0.000320169520905923,3.20169520905923e-05,0.320169520905923
"194","estate","10_20",1.4,168,1.64,0.210069553241103,1,37.175,47.8,15.025,0,0.00027552,2.7552e-05,0.27552
"195","estate","20_40",3,360,1.50104635443921,0.215883238671701,0,23.96,49.14,26.9,0,0.000540376687598116,0.000108075337519623,1.08075337519623
"196","estate","40_100",5.33846153846154,640.615384615385,1.74,0.19649269329816,1,29.3923076923077,30,40.6076923076923,0,0.00111467076923077,0.000668802461538462,6.68802461538462
"197","esto","0_10",0.54875,65.85,1.3509262485482,0.246635757280942,0,57.84,13.68,11.89,0,8.8958493466899e-05,8.8958493466899e-06,0.088958493466899
"198","esto","10_20",0.3,36,1.5096443452381,0.210069553241103,0,38.78,18.04,21.58,0,5.43471964285716e-05,5.43471964285716e-06,0.0543471964285716
"199","esto","20_40",0.75,90,1.50104635443921,0.215883238671701,0,38.5363636363636,13.2272727272727,39.6,0,0.000135094171899529,2.70188343799058e-05,0.270188343799058
"200","esto","40_100",0.677222222222222,81.2666666666667,1.59451747615447,0.19649269329816,0,44.1565217391304,8.68695652173913,53.5130434782609,0,0.00012958112022882,7.7748672137292e-05,0.77748672137292
"201","evard","0_10",0.17,20.4,1.3509262485482,0.246635757280942,0,49.9,28.7,21.4,6,2.59053617421603e-05,2.59053617421603e-06,0.0259053617421603
"202","evard","10_20",0.195,23.4,1.5096443452381,0.210069553241103,0,46.7895312870223,30.4653139464118,15.1362533561418,2.95214027796427,3.42828141193586e-05,3.42828141193586e-06,0.0342828141193586
"203","evard","20_40",0.22,26.4,1.49,0.215883238671701,1,40.6,32.8,26.6,4,3.776256e-05,7.552512e-06,0.07552512
"204","evard","40_100",0.29,34.8,1.555,0.0636396103067893,2,42.05,26.35,31.6,4,5.194944e-05,3.1169664e-05,0.31169664
"205","evergreen","0_10",0.103333333333333,12.4,1.3509262485482,0.246635757280942,0,48.2886660985049,31.5216808172776,14.2365984772959,2.55253239021966,1.63238983892267e-05,1.63238983892268e-06,0.0163238983892268
"206","evergreen","10_20",0.103333333333333,12.4,1.5096443452381,0.210069553241103,0,46.7895312870223,30.4653139464118,15.1362533561418,2.95214027796427,1.81669613282071e-05,1.81669613282071e-06,0.0181669613282071
"207","evergreen","20_40",0.103333333333333,12.4,1.50104635443921,0.215883238671701,0,56.1333333333333,4.9,4.2,0,1.86129747950462e-05,3.72259495900924e-06,0.0372259495900924
"208","evergreen","40_100",0.0866666666666667,10.4,1.59451747615447,0.19649269329816,0,44.9,1.45,1.75,0,1.65829817520065e-05,9.94978905120389e-06,0.0994978905120389
"209","fannin","0_10",2.84666666666667,341.6,1.19,0.212132034355964,2,40.3833333333333,29.0833333333333,21.1,4.5,0.00038821132,3.8821132e-05,0.38821132
"210","fannin","10_20",0.31,37.2,1.305,0.0212132034355964,2,61.55,18.7,19.75,13.5,4.199229e-05,4.199229e-06,0.04199229
"211","fannin","20_40",0.9125,109.5,1.3075,0.0590903263374528,4,48.36,17.68,33.96,2.8,0.000139162455,2.7832491e-05,0.27832491
"212","fannin","40_100",0.815555555555556,97.8666666666667,1.35818181818182,0.124082084268292,11,62.5631578947368,17.3736842105263,20.0631578947368,9.05263157894737,0.00012088790354067,7.2532742124402e-05,0.72532742124402
"213","forestdale","0_10",3.77545454545455,453.054545454545,1.595,0.141539158303748,4,14.2272727272727,52.6,33.1636363636364,0,0.000722622,7.22622e-05,0.722622
"214","forestdale","10_20",4.5,540,1.5096443452381,0.210069553241103,0,12.8125,52.2875,34.9,0,0.000815207946428574,8.15207946428574e-05,0.815207946428574
"215","forestdale","20_40",4.63076923076923,555.692307692308,1.686,0.133341666406266,5,9.60769230769231,52.8,37.5923076923077,0,0.000936897230769231,0.000187379446153846,1.87379446153846
"216","forestdale","40_100",8.25763157894737,990.915789473684,1.70538461538462,0.08471672253412,13,12.1447368421053,44.3947368421053,43.4631578947368,0,0.00168989254251013,0.00101393552550608,10.1393552550608
"217","foxworth","0_10",0.0555555555555556,6.66666666666667,1.3509262485482,0.246635757280942,0,44.8055555555556,3.75,1.8,0,9.00617499032134e-06,9.00617499032134e-07,0.00900617499032134
"218","foxworth","10_20",0.04,4.8,1.5096443452381,0.210069553241103,0,78.3222222222222,3.52222222222222,1.74444444444444,0,7.24629285714288e-06,7.24629285714288e-07,0.00724629285714288
"219","foxworth","20_40",0.02625,3.15,1.50104635443921,0.215883238671701,0,58.0875,4.1625,1.8125,0,4.72829601648351e-06,9.45659203296702e-07,0.00945659203296702
"220","foxworth","40_100",0.02625,3.15,1.795,0.00707106781186548,2,69.3025641025641,3.5325,2.055,0,5.65425e-06,3.39255e-06,0.0339255
"221","fuquay","0_10",0.388571428571429,46.6285714285714,1.43,0.246635757280942,1,75.1590909090909,12.25,4.24090909090909,3.04545454545455,6.46481828571429e-05,6.46481828571429e-06,0.0646481828571429
"222","fuquay","10_20",0.145384615384615,17.4461538461538,1.805,0.106066017177982,2,77.2076923076923,9.32307692307692,3.96153846153846,5.69230769230769,2.96977824852071e-05,2.96977824852071e-06,0.0296977824852071
"223","fuquay","20_40",0.137333333333333,16.48,1.69,0.215883238671701,1,65.6533333333333,11.1866666666667,5.38666666666667,7.2,2.58459136e-05,5.16918272e-06,0.0516918272
"224","fuquay","40_100",0.24843137254902,29.8117647058824,1.704,0.045752959831396,10,67.2641509433962,9.54339622641509,13.9320754716981,1.75471698113208,4.99078640443951e-05,2.99447184266371e-05,0.299447184266371
"225","glenmora","0_10",1.02,122.4,1.42,0.246635757280942,1,43.3,50.9,5.8,0,0.000173808,1.73808e-05,0.173808
"226","glenmora","10_20",0.825,99,1.5096443452381,0.210069553241103,0,46.7895312870223,30.4653139464118,15.1362533561418,2.95214027796427,0.000145042675120363,1.45042675120363e-05,0.145042675120363
"227","glenmora","20_40",0.63,75.6,1.59,0.215883238671701,1,35.7,52.1,12.2,1,0.00011900196,2.3800392e-05,0.23800392
"228","glenmora","40_100",0.75,90,1.635,0.0353553390593273,2,30.15,51.2,18.65,2,0.000144207,8.65242e-05,0.865242
"229","goldsboro","0_10",0.41,49.2,1.38,0.246635757280942,1,64.5333333333333,28.7,10,0,6.7896e-05,6.7896e-06,0.067896
"230","goldsboro","10_20",0.632,75.84,1.5096443452381,0.210069553241103,0,74.78,18.88,6.34,0.2,0.000114262444288572,1.14262444288572e-05,0.114262444288572
"231","goldsboro","20_40",0.153333333333333,18.4,1.55,0.062449979983984,3,61.5916666666667,26.8666666666667,11.5416666666667,0.166666666666667,2.84724666666667e-05,5.69449333333333e-06,0.0569449333333333
"232","goldsboro","40_100",0.292,35.04,1.668,0.0396232255123179,5,56.004,22.38,21.62,0.2,5.832982656e-05,3.4997895936e-05,0.34997895936
"233","greenville","0_10",0.821,98.52,1.765,0.109498858441538,6,64.2727272727273,17.5272727272727,20.4818181818182,0,0.0001738878,1.738878e-05,0.1738878
"234","greenville","10_20",0.872,104.64,1.69,0.0707106781186548,2,51.3,24.32,24.38,0,0.0001768416,1.768416e-05,0.1768416
"235","greenville","20_40",1.07571428571429,129.085714285714,1.6375,0.0747854072854935,8,45.08,16.9333333333333,40.22,0,0.000211377857142857,4.22755714285714e-05,0.422755714285714
"236","greenville","40_100",0.953333333333333,114.4,1.62611111111111,0.0825433140406324,18,41.9485714285714,14.68,43.0828571428571,0,0.000186027111111111,0.000111616266666667,1.11616266666667
"237","guyton","0_10",1.61666666666667,194,1.4525,0.097082439194738,4,29.45,54.3666666666667,15.9666666666667,0,0.000281785,2.81785e-05,0.281785
"238","guyton","10_20",0.87,104.4,1.655,0.120208152801713,2,20.65,59.5,19.85,0,0.000172782,1.72782e-05,0.172782
"239","guyton","20_40",0.56,67.2,1.58,0.0724568837309472,5,21.06,64.76,14.18,0,0.000106176,2.12352e-05,0.212352
"240","guyton","40_100",1.665,199.8,1.646,0.135088448391744,10,19.3916666666667,57.5333333333333,23.075,0.25,0.000328048623,0.0001968291738,1.968291738
"241","gwinnett","0_10",1.67666666666667,201.2,1.3509262485482,0.246635757280942,0,48.6333333333333,31,20.3666666666667,0,0.000271806361207898,2.71806361207898e-05,0.271806361207898
"242","gwinnett","10_20",1.38333333333333,166,1.5096443452381,0.210069553241103,0,46.7895312870223,30.4653139464118,15.1362533561418,2.95214027796427,0.00024320286939374,2.4320286939374e-05,0.24320286939374
"243","gwinnett","20_40",1.09,130.8,1.50104635443921,0.215883238671701,0,26,35.6,38.4,0,0.000196336863160649,3.92673726321297e-05,0.392673726321297
"244","gwinnett","40_100",1.145,137.4,1.59451747615447,0.19649269329816,0,37.55,20.75,41.7,0,0.000219086701223624,0.000131452020734174,1.31452020734175
"245","hard labor","0_10",0.47,56.4,1.3509262485482,0.246635757280942,0,75.3,17.9,6.8,0,7.61922404181185e-05,7.61922404181185e-06,0.0761922404181185
"246","hard labor","10_20",0.03,3.6,1.5096443452381,0.210069553241103,0,79.9,15.3,4.8,0,5.43471964285716e-06,5.43471964285716e-07,0.00543471964285716
"247","hard labor","20_40",0.05,6,1.50104635443921,0.215883238671701,0,75.9,18.1,6,0,9.00627812663526e-06,1.80125562532705e-06,0.0180125562532705
"248","hard labor","40_100",0.785,94.2,1.59451747615447,0.19649269329816,0,36.75,14,49.25,0,0.000150203546253751,9.01221277522506e-05,0.901221277522506
"249","harleston","0_10",0.48,57.6,1.28,0.246635757280942,1,67.8333333333333,27.5666666666667,4.6,0.333333333333333,7.348224e-05,7.348224e-06,0.07348224
"250","harleston","10_20",0.02,2.4,1.49,0.210069553241103,1,44.5,45,10.5,2,3.50448e-06,3.50448e-07,0.00350448
"251","harleston","20_40",0.2375,28.5,1.565,0.0494974746830584,2,53.45,34.9,11.65,0.25,4.449099375e-05,8.89819875e-06,0.0889819875
"252","harleston","40_100",0.3,36,1.7,0.03,3,55.775,27.2375,16.9875,0.375,6.09705e-05,3.65823e-05,0.365823
"253","helena","0_10",1.12,134.4,1.3509262485482,0.246635757280942,0,76.75,32.45,11.3,0,0.000181564487804878,1.81564487804878e-05,0.181564487804878
"254","helena","10_20",0.69,82.8,1.5096443452381,0.210069553241103,0,46.7895312870223,30.4653139464118,15.1362533561418,2.95214027796427,0.000121308419191577,1.21308419191577e-05,0.121308419191577
"255","helena","20_40",0.26,31.2,1.50104635443921,0.215883238671701,0,27.4,31.6,17.75,0,4.68326462585034e-05,9.36652925170067e-06,0.0936652925170067
"256","helena","40_100",0.646666666666667,77.6,1.59451747615447,0.19649269329816,0,21.875,20.575,48.175,0,0.000123734556149587,7.42407336897521e-05,0.742407336897521
"257","hemphill","0_10",3.665,439.8,1.3509262485482,0.246635757280942,0,48.2886660985049,31.5216808172776,14.2365984772959,2.55253239021966,0.000578971815450155,5.78971815450155e-05,0.578971815450155
"258","hemphill","10_20",3.665,439.8,1.53,0.15556349186104,2,26.3,37.2,36.5,0,0.000672894,6.72894e-05,0.672894
"259","hemphill","20_40",4.56,547.2,1.64,0.215883238671701,1,8.8,33.8,57.4,0,0.000897408,0.0001794816,1.794816
"260","hemphill","40_100",2.65285714285714,318.342857142857,1.45571428571429,0.11355720186425,7,35.5857142857143,35.3142857142857,29.1,0,0.000463416244897961,0.000278049746938776,2.78049746938776
"261","hiwassee","0_10",1.73111111111111,207.733333333333,1.60333333333333,0.159457413332421,6,31.3769230769231,29.2,39.4230769230769,1.46153846153846,0.000328197893333333,3.28197893333333e-05,0.328197893333333
"262","hiwassee","10_20",0.775,93,1.645,0.0881286937760152,4,57.1,22.525,20.375,3.25,0.0001480129875,1.480129875e-05,0.1480129875
"263","hiwassee","20_40",1.37307692307692,164.769230769231,1.625,0.0808879295250975,8,23.7066666666667,22.0066666666667,54.2866666666667,1.13333333333333,0.0002647155,5.29431e-05,0.529431
"264","hiwassee","40_100",1.15833333333333,139,1.56769230769231,0.0953199739608516,13,22.7269230769231,23.0730769230769,55.0192307692308,0.846153846153846,0.000216065383431953,0.000129639230059172,1.29639230059172
"265","hurricane","0_10",0.0942105263157895,11.3052631578947,1.3509262485482,0.246635757280942,0,46.3666666666667,3.52631578947368,1.56315789473684,0,1.52725767467449e-05,1.52725767467449e-06,0.0152725767467449
"266","hurricane","10_20",0.0228571428571429,2.74285714285714,1.5096443452381,0.210069553241103,0,62.3428571428571,3.44285714285714,1.3,0,4.14073877551022e-06,4.14073877551022e-07,0.00414073877551022
"267","hurricane","20_40",0.0363636363636364,4.36363636363636,1.50104635443921,0.215883238671701,0,56.68,4.65454545454545,1.80909090909091,0,6.55002045573474e-06,1.31000409114695e-06,0.0131000409114695
"268","hurricane","40_100",0.0374418604651163,4.49302325581395,1.59451747615447,0.19649269329816,0,51.8738095238095,3.25581395348837,1.62790697674419,0,7.1642041021638e-06,4.29852246129828e-06,0.0429852246129828
"269","kingsferry","0_10",0.04,4.8,1.3509262485482,0.246635757280942,0,46.6,4.3,1.1,0,6.48444599303136e-06,6.48444599303136e-07,0.00648444599303136
"270","kingsferry","10_20",0.02,2.4,1.5096443452381,0.210069553241103,0,55.8,3.6,1.3,0,3.62314642857144e-06,3.62314642857144e-07,0.00362314642857144
"271","kingsferry","20_40",0.04,4.8,1.50104635443921,0.215883238671701,0,32.4,5.5,1.4,0,7.20502250130821e-06,1.44100450026164e-06,0.0144100450026164
"272","kingsferry","40_100",0.02,2.4,1.59451747615447,0.19649269329816,0,67.22,4.6,2.52,0,3.82684194277073e-06,2.29610516566244e-06,0.0229610516566244
"273","kinston","0_10",1.19,142.8,1.3509262485482,0.246635757280942,0,1.3,40.6,46.3,0,0.000192912268292683,1.92912268292683e-05,0.192912268292683
"274","kinston","10_20",1.72,206.4,1.5096443452381,0.210069553241103,0,21.1,33.7,29.3,0,0.000311590592857144,3.11590592857144e-05,0.311590592857144
"275","kinston","20_40",1.72,206.4,1.50104635443921,0.215883238671701,0,44.6474010593,29.3694540148412,19.535668248824,2.4242495503916,0.000302305255355729,6.04610510711458e-05,0.604610510711458
"276","kinston","40_100",1.72,206.4,1.59451747615447,0.19649269329816,0,41.05,34.15,32.7,0,0.000329108407078283,0.00019746504424697,1.9746504424697
"277","kolin","0_10",0.436666666666667,52.4,1.435,0.0494974746830584,2,33.9333333333333,57.8666666666667,8.2,0,7.5194e-05,7.5194e-06,0.075194
"278","kolin","10_20",0.795,95.4,1.53,0.210069553241103,1,23.1,64.6,12.3,0,0.000145962,1.45962e-05,0.145962
"279","kolin","20_40",0.773333333333333,92.8,1.56,0.215883238671701,1,26.8666666666667,57.1333333333333,16,0.333333333333333,0.00014428544,2.8857088e-05,0.28857088
"280","kolin","40_100",2.50454545454545,300.545454545455,1.706,0.105261578935526,5,20.1545454545455,51.7818181818182,28.0636363636364,0.545454545454545,0.00050993383338843,0.000305960300033058,3.05960300033058
"281","lakeland","0_10",0.0883333333333333,10.6,1.3509262485482,0.246635757280942,0,65.7052631578947,4.18421052631579,2.32631578947368,0,1.43198182346109e-05,1.43198182346109e-06,0.0143198182346109
"282","lakeland","10_20",0.0771428571428571,9.25714285714286,1.5096443452381,0.210069553241103,0,42.3857142857143,5.55714285714286,2.45714285714286,0,1.3974993367347e-05,1.3974993367347e-06,0.013974993367347
"283","lakeland","20_40",0.0885714285714286,10.6285714285714,1.50104635443921,0.215883238671701,0,63.5625,4.87777777777778,3.25555555555556,0,1.59539783957539e-05,3.19079567915078e-06,0.0319079567915078
"284","lakeland","40_100",0.0633333333333333,7.6,1.59451747615447,0.19649269329816,0,75.0088888888889,4.51333333333333,3.22888888888889,0,1.2118332818774e-05,7.27099969126438e-06,0.0727099969126438
"285","latonia","0_10",0.43,51.6,1.51,0.246635757280942,1,58.7,36,5.3,1,7.713684e-05,7.713684e-06,0.07713684
"286","latonia","10_20",0.4575,54.9,1.5096443452381,0.210069553241103,0,46.7895312870223,30.4653139464118,15.1362533561418,2.95214027796427,8.04327562031106e-05,8.04327562031106e-06,0.0804327562031106
"287","latonia","20_40",0.485,58.2,1.58,0,2,52.95,35.9,11.15,0,9.1956e-05,1.83912e-05,0.183912
"288","latonia","40_100",1.13666666666667,136.4,1.65333333333333,0.0305505046330388,3,51.3666666666667,32.7333333333333,15.9,0.666666666666667,0.000224011235555555,0.000134406741333333,1.34406741333333
"289","leadvale","0_10",0.773846153846154,92.8615384615385,1.3509262485482,0.246635757280942,0,23.6461538461538,63.9,12.4615384615385,0,0.000125449089788261,1.25449089788261e-05,0.125449089788261
"290","leadvale","10_20",0.633333333333333,76,1.5096443452381,0.210069553241103,0,21.3333333333333,63.6666666666667,15,0,0.000114732970238096,1.14732970238096e-05,0.114732970238096
"291","leadvale","20_40",0.660833333333333,79.3,1.50104635443921,0.215883238671701,0,15.575,62.75,21.6833333333333,0,0.000119032975907029,2.38065951814059e-05,0.238065951814059
"292","leadvale","40_100",1.25827586206897,150.993103448276,1.59451747615447,0.19649269329816,0,16.4655172413793,55.3344827586207,28.2034482758621,0,0.000240761142227076,0.000144456685336245,1.44456685336245
"293","leefield","0_10",0.198333333333333,23.8,1.3509262485482,0.246635757280942,0,38.7666666666667,8.31666666666667,5.63333333333333,0,3.21520447154472e-05,3.21520447154472e-06,0.0321520447154472
"294","leefield","10_20",0.278,33.36,1.5096443452381,0.210069553241103,0,56.58,7.98,5.02,0,5.0361735357143e-05,5.0361735357143e-06,0.050361735357143
"295","leefield","20_40",0.055,6.6,1.50104635443921,0.215883238671701,0,33.8571428571429,10.7875,5.25,0,9.90690593929879e-06,1.98138118785976e-06,0.0198138118785976
"296","leefield","40_100",0.177222222222222,21.2666666666667,1.59451747615447,0.19649269329816,0,52.0571428571429,8.46111111111111,11.4777777777778,0,3.39100716595517e-05,2.0346042995731e-05,0.20346042995731
"297","lenoir","0_10",2.9,348,1.41,0,2,14.0333333333333,52.6333333333333,33.3333333333333,0,0.00049068,4.9068e-05,0.49068
"298","lenoir","10_20",2.27,272.4,1.61,0.210069553241103,1,6,45.2,48.8,0,0.000438564,4.38564e-05,0.438564
"299","lenoir","20_40",2.06,247.2,1.47,0.215883238671701,1,16.5,48.55,34.95,0,0.000363384,7.26768e-05,0.726768
"300","lenoir","40_100",1.31714285714286,158.057142857143,1.486,0.0702139587261679,5,7.74285714285714,46.4714285714286,45.7857142857143,0,0.000234872914285714,0.000140923748571429,1.40923748571429
"301","leon","0_10",0.544583333333333,65.35,1.05,0.29698484809835,2,50.95,8.12916666666667,1.325,0,6.86175e-05,6.86175e-06,0.0686175
"302","leon","10_20",0.08625,10.35,1.5096443452381,0.210069553241103,0,68.85,4.9125,0.6125,0,1.56248189732143e-05,1.56248189732143e-06,0.0156248189732143
"303","leon","20_40",0.0610714285714286,7.32857142857143,1.47666666666667,0.21594752448994,3,64.9035714285714,3.72142857142857,1.00357142857143,0,1.08218571428572e-05,2.16437142857143e-06,0.0216437142857143
"304","leon","40_100",0.0291358024691358,3.4962962962963,1.45,0.321403173599764,3,64.0475,4.40740740740741,2.3,0,5.06962962962963e-06,3.04177777777778e-06,0.0304177777777778
"305","lexington","0_10",0.756,90.72,1.3509262485482,0.246635757280942,0,19.16,67.86,12.98,0,0.000122556029268293,1.22556029268293e-05,0.122556029268293
"306","lexington","10_20",2.8,336,1.5096443452381,0.210069553241103,0,6.45,65.45,28.1,0,0.000507240500000002,5.07240500000002e-05,0.507240500000002
"307","lexington","20_40",3.75,450,1.50104635443921,0.215883238671701,0,7.825,59.825,32.35,0,0.000675470859497645,0.000135094171899529,1.35094171899529
"308","lexington","40_100",2.85727272727273,342.872727272727,1.59451747615447,0.19649269329816,0,24.5272727272727,52.9818181818182,22.4909090909091,0,0.000546716555733109,0.000328029933439865,3.28029933439865
"309","lily","0_10",1.39369565217391,167.24347826087,1.39333333333333,0.300222139978605,3,43.6695652173913,43.9326086956522,11.1130434782609,1.1304347826087,0.000230391707069943,2.30391707069943e-05,0.230391707069943
"310","lily","10_20",0.686666666666667,82.4,1.35833333333333,0.128127540625217,6,43.1093023255814,44.2767441860465,12.6186046511628,2.23255813953488,0.00010942783875969,1.0942783875969e-05,0.10942783875969
"311","lily","20_40",1.470625,176.475,1.55875,0.122408858222878,8,41.4625,39.3395833333333,19.1958333333333,1.6875,0.000270438424394531,5.40876848789063e-05,0.540876848789063
"312","lily","40_100",1.87923076923077,225.507692307692,1.65714285714286,0.112552795914326,14,51.4365384615385,28.2048076923077,20.3586538461538,1.27884615384615,0.000368919433136095,0.000221351659881657,2.21351659881657
"313","lloyd","0_10",0.9725,116.7,1.415,0.558614357137373,2,58.725,20.675,20.6,7.25,0.00015315853875,1.5315853875e-05,0.15315853875
"314","lloyd","10_20",0.88,105.6,1.51,0.210069553241103,1,50.65,24.05,25.3,11,0.00014191584,1.4191584e-05,0.14191584
"315","lloyd","20_40",1.18428571428571,142.114285714286,1.57,0.254558441227157,2,35.6,20.6571428571429,43.7428571428571,2.42857142857143,0.000217700813877551,4.35401627755102e-05,0.435401627755102
"316","lloyd","40_100",0.8545,102.54,1.558,0.228516957795259,5,33.81,23.39,42.8,1.7,0.00015704144556,9.4224867336e-05,0.94224867336
"317","louisburg","0_10",0.26,31.2,1.3509262485482,0.246635757280942,0,65.2,27.8,7,0,4.21488989547039e-05,4.21488989547039e-06,0.0421488989547039
"318","louisburg","10_20",0.21,25.2,1.5096443452381,0.210069553241103,0,46.7895312870223,30.4653139464118,15.1362533561418,2.95214027796427,3.69199536670016e-05,3.69199536670016e-06,0.0369199536670016
"319","louisburg","20_40",0.16,19.2,1.50104635443921,0.215883238671701,0,60.2,30.9,8.9,0,2.88200900052328e-05,5.76401800104657e-06,0.0576401800104657
"320","louisburg","40_100",0.47,56.4,1.59451747615447,0.19649269329816,0,62.4,24.6333333333333,12.9666666666667,0,8.99307856551121e-05,5.39584713930673e-05,0.539584713930673
"321","lucy","0_10",0.582857142857143,69.9428571428571,1.3509262485482,0.246635757280942,0,71.9,7.88571428571429,4.21428571428571,1.85714285714286,9.27328711256489e-05,9.27328711256489e-06,0.0927328711256489
"322","lucy","10_20",0.545,65.4,1.58,0.210069553241103,1,73.3,5.65,5.45,0,0.000103332,1.03332e-05,0.103332
"323","lucy","20_40",0.152857142857143,18.3428571428571,1.50104635443921,0.215883238671701,0,59.0428571428571,8.75714285714286,6.37142857142857,0.142857142857143,2.74941453030788e-05,5.49882906061576e-06,0.0549882906061576
"324","lucy","40_100",0.297727272727273,35.7272727272727,1.616,0.0512835256198323,5,61.7863636363636,7.00909090909091,13.7954545454545,0.0454545454545455,5.77090294214876e-05,3.46254176528926e-05,0.346254176528926
"325","lynchburg","0_10",0.628,75.36,1.33,0.29698484809835,2,52.36,27.4,10.38,0,0.0001002288,1.002288e-05,0.1002288
"326","lynchburg","10_20",0.244,29.28,1.7,0.0565685424949239,2,74.02,21.9,7.8,0,4.9776e-05,4.9776e-06,0.049776
"327","lynchburg","20_40",0.103,12.36,1.71,0.0989949493661167,2,56.32,18.9,9.27,0,2.11356e-05,4.22712e-06,0.0422712
"328","lynchburg","40_100",0.261764705882353,31.4117647058824,1.816,0.0931665175908169,5,61.5529411764706,16.3294117647059,17.8058823529412,0,5.70437647058824e-05,3.42262588235294e-05,0.342262588235294
"329","madison","0_10",2.04,244.8,1.35,0.306104557300279,3,59.84,19.96,20.2,4.4,0.00031593888,3.1593888e-05,0.31593888
"330","madison","10_20",0.648333333333333,77.8,1.765,0.0212132034355964,2,49.45,21.5666666666667,28.9833333333333,4.5,0.000131137735,1.31137735e-05,0.131137735
"331","madison","20_40",1.015,121.8,1.47666666666667,0.0929157324317756,3,37.65,18.1333333333333,44.2166666666667,0.833333333333333,0.000178359183333334,3.56718366666668e-05,0.356718366666668
"332","madison","40_100",0.745625,89.475,1.46444444444444,0.07650344945019,9,41.00625,17.0875,41.90625,0.25,0.00013070358875,7.84221532499998e-05,0.784221532499998
"333","malbis","0_10",0.252777777777778,30.3333333333333,1.58666666666667,0.108750478926148,6,60.0388888888889,31.9444444444444,6.41666666666667,1,4.76476000000001e-05,4.76476000000001e-06,0.0476476000000001
"334","malbis","10_20",0.226875,27.225,1.63857142857143,0.162729691147474,7,58.26875,33.7875,7.23125,1.5,4.39409555357143e-05,4.39409555357143e-06,0.0439409555357143
"335","malbis","20_40",0.448095238095238,53.7714285714286,1.67,0.0616441400296898,9,53.3095238095238,31.7619047619048,17.0047619047619,1.57142857142857,8.83871697959184e-05,1.76774339591837e-05,0.176774339591837
"336","malbis","40_100",0.77056338028169,92.4676056338028,1.72321428571429,0.0730830867310459,28,45.630985915493,29.369014084507,24.5154929577465,1.74647887323944,0.000156558633377732,9.39351800266389e-05,0.939351800266389
"337","mantachie","0_10",1.03,123.6,1.55,0.0294392028877595,4,44.425,31.2083333333333,24.375,0.583333333333333,0.00019046245,1.9046245e-05,0.19046245
"338","mantachie","10_20",0.605,72.6,1.635,0.0777817459305201,2,43.1125,35.275,21.6125,1.5,0.000116920485,1.16920485e-05,0.116920485
"339","mantachie","20_40",0.490909090909091,58.9090909090909,1.595,0.106160256216722,6,54.4727272727273,27.8909090909091,17.6363636363636,1.45454545454545,9.25933090909091e-05,1.85186618181818e-05,0.185186618181818
"340","mantachie","40_100",0.818125,98.175,1.61384615384615,0.12692113440627,13,56.19375,24.603125,19.203125,1.5,0.000156062755961538,9.36376535769228e-05,0.936376535769228
"341","mascotte","0_10",0.465,55.8,1.3509262485482,0.246635757280942,0,33.05,6,2.4,0,7.53816846689896e-05,7.53816846689896e-06,0.0753816846689896
"342","mascotte","10_20",0.1,12,1.5096443452381,0.210069553241103,0,63.6,4,2.7,0,1.81157321428572e-05,1.81157321428572e-06,0.0181157321428572
"343","mascotte","20_40",0.02,2.4,1.50104635443921,0.215883238671701,0,28.05,4.6,1.15,0,3.6025112506541e-06,7.20502250130821e-07,0.00720502250130821
"344","mascotte","40_100",0.164,19.68,1.59451747615447,0.19649269329816,0,42.5555555555556,5.32,11.36,0,3.138010393072e-05,1.8828062358432e-05,0.18828062358432
"345","mattex","0_10",1.4,168,1.24,0.246635757280942,1,11.5,58,30.5,0,0.00020832,2.0832e-05,0.20832
"346","mattex","10_20",1.195,143.4,1.5096443452381,0.210069553241103,0,46.7895312870223,30.4653139464118,15.1362533561418,2.95214027796427,0.000210092117295557,2.10092117295557e-05,0.210092117295557
"347","mattex","20_40",0.99,118.8,1.47,0.0565685424949239,2,23.3,46.25,30.45,0.5,0.00017376282,3.4752564e-05,0.34752564
"348","mattex","40_100",0.555,66.6,1.715,0.0212132034355964,2,46.3,37.35,16.35,2,0.00011193462,6.7160772e-05,0.67160772
"349","mclaurin","0_10",0.16,19.2,1.4,0.246635757280942,1,53.2,40.6,6.2,0,2.688e-05,2.688e-06,0.02688
"350","mclaurin","10_20",0.07,8.4,1.59,0.210069553241103,1,56.9,39,4.1,0,1.3356e-05,1.3356e-06,0.013356
"351","mclaurin","20_40",0.16,19.2,1.62,0.215883238671701,1,50.4,39.5,10.1,0,3.1104e-05,6.2208e-06,0.062208
"352","mclaurin","40_100",0.49,58.8,1.6,0.19649269329816,1,46.7,38.3,15,0,9.408e-05,5.6448e-05,0.56448
"353","mecklenburg","0_10",1.89333333333333,227.2,1.61,0.0424264068711927,2,39.8333333333333,28.6,31.5666666666667,1.66666666666667,0.000359695466666667,3.59695466666667e-05,0.359695466666667
"354","mecklenburg","10_20",0.79,94.8,1.5096443452381,0.210069553241103,0,40.7,33.9,25.4,0,0.000143114283928572,1.43114283928572e-05,0.143114283928572
"355","mecklenburg","20_40",1.175,141,1.41,0.215883238671701,1,21.2,21.15,57.65,0,0.00019881,3.9762e-05,0.39762
"356","mecklenburg","40_100",3.054,366.48,1.346,0.146901327427631,5,25.36,33.84,40.8,0.1,0.00049278879792,0.000295673278752,2.95673278752
"357","meggett","0_10",0.448333333333333,53.8,1.37,0.113137084989848,2,69.0333333333333,21.7166666666667,8.13333333333333,0,7.3706e-05,7.3706e-06,0.073706
"358","meggett","10_20",0.34,40.8,1.515,0.0494974746830584,2,62.7,22.3666666666667,8.2,0,6.1812e-05,6.1812e-06,0.061812
"359","meggett","20_40",1.70666666666667,204.8,1.7,0.0565685424949239,2,48.25,18.65,20.8166666666667,0,0.00034816,6.9632e-05,0.69632
"360","meggett","40_100",5.07428571428571,608.914285714286,1.75,0.0707106781186548,5,46.3285714285714,18.75,42.9642857142857,0.857142857142857,0.00105646628571429,0.000633879771428571,6.33879771428571
"361","moko","0_10",8.13607142857143,976.328571428571,1.29,0.246635757280942,1,29.2196428571429,44.3776785714286,26.4017857142857,0.267857142857143,0.0012560902932398,0.00012560902932398,1.2560902932398
"362","moko","10_20",9.48561403508772,1138.27368421053,1.37,0.210069553241103,1,32.4105263157895,40.5157894736842,27.0754385964912,0.508771929824561,0.00155150098009234,0.000155150098009234,1.55150098009234
"363","moko","20_40",8.2844,994.128,1.52,0.215883238671701,1,29.99,42.65,27.356,0.66,0.001501101467904,0.0003002202935808,3.002202935808
"364","moko","40_100",6.425,771,1.47,0.19649269329816,1,46.1,33.075,20.825,0,0.00113337,0.000680022,6.80022
"365","mollville","0_10",0.873333333333333,104.8,1.335,0.388908729652601,2,39.7333333333333,46.3,13.9666666666667,0,0.000139908,1.39908e-05,0.139908
"366","mollville","10_20",0.315,37.8,1.57,0.0282842712474619,2,61.9,28,10.1,0,5.9346e-05,5.9346e-06,0.059346
"367","mollville","20_40",2.2975,275.7,1.7125,0.199895806192459,4,46.525,37.225,16.25,0,0.00047213625,9.442725e-05,0.9442725
"368","mollville","40_100",1.73222222222222,207.866666666667,1.65777777777778,0.158727579344122,9,49.4555555555556,31.0111111111111,19.5333333333333,0.111111111111111,0.000344213855473251,0.000206528313283951,2.06528313283951
"369","nikwasi","0_10",0.15,18,0.96,0.246635757280942,1,70,17.5,12.5,0,1.728e-05,1.728e-06,0.01728
"370","nikwasi","10_20",0.085,10.2,1.5096443452381,0.210069553241103,0,46.7895312870223,30.4653139464118,15.1362533561418,2.95214027796427,1.49437907699768e-05,1.49437907699768e-06,0.0149437907699768
"371","nikwasi","20_40",0.02,2.4,1.24,0.215883238671701,1,80.1,13.6,6.3,5,2.8272e-06,5.6544e-07,0.0056544
"372","nikwasi","40_100",0.0133333333333333,1.6,1.325,0.00707106781186548,2,92.6666666666667,4.66666666666667,2.66666666666667,34,1.3992e-06,8.3952e-07,0.0083952
"373","nixa","0_10",0.721428571428571,86.5714285714286,1.3509262485482,0.246635757280942,0,21.9785714285714,68.2535714285714,9.75714285714286,2.39285714285714,0.000114153130152706,1.14153130152706e-05,0.114153130152706
"374","nixa","10_20",0.444375,53.325,1.5096443452381,0.210069553241103,0,19.2875,70.8875,9.8375,4.9375,7.65270090897743e-05,7.65270090897743e-06,0.0765270090897743
"375","nixa","20_40",0.490322580645161,58.8387096774194,1.50104635443921,0.215883238671701,0,22.6,66.0774193548387,11.3322580645161,2.41935483870968,8.61828654032652e-05,1.7236573080653e-05,0.17236573080653
"376","nixa","40_100",1.33816091954023,160.579310344828,1.96,0.212132034355964,2,22.3758620689655,47.9954022988506,29.6310344827586,1.64367816091954,0.00030956221044788,0.000185737326268728,1.85737326268728
"377","noark","0_10",0.809302325581395,97.1162790697674,1.3509262485482,0.246635757280942,0,17.9860465116279,71.5581395348837,10.4581395348837,0,0.000131196930556681,1.31196930556681e-05,0.131196930556681
"378","noark","10_20",0.340909090909091,40.9090909090909,1.5096443452381,0.210069553241103,0,16.5272727272727,73.5045454545455,9.95909090909091,0,6.17581777597405e-05,6.17581777597405e-06,0.0617581777597405
"379","noark","20_40",0.568,68.16,1.50104635443921,0.215883238671701,0,14.056,67.232,18.718,0.74,0.000101554215754139,2.03108431508278e-05,0.203108431508278
"380","noark","40_100",2.15438596491228,258.526315789474,1.44,0.19649269329816,1,13.0622807017544,38.480701754386,48.4605263157895,0.771929824561403,0.000369404170637119,0.000221642502382271,2.21642502382271
"381","norfolk","0_10",0.495384615384615,59.4461538461538,1.735,0.0443471156521669,4,76.7230769230769,13.1,4.5,0.153846153846154,0.000102980401420118,1.02980401420118e-05,0.102980401420118
"382","norfolk","10_20",0.303076923076923,36.3692307692308,1.72,0.0565685424949239,2,82.6230769230769,12.0153846153846,4.52307692307692,0,6.25550769230769e-05,6.25550769230769e-06,0.0625550769230769
"383","norfolk","20_40",0.320434782608696,38.4521739130435,1.774,0.0622896460095898,5,68.3,13.5086956521739,10.9565217391304,0.260869565217391,6.80362065482042e-05,1.36072413096408e-05,0.136072413096408
"384","norfolk","40_100",0.579827586206897,69.5793103448276,1.70833333333333,0.0649207661873529,18,63.2137931034483,11.4120689655172,25.4137931034483,0.413793103448276,0.000118372801426873,7.10236808561235e-05,0.710236808561235
"385","ocilla","0_10",0.317272727272727,38.0727272727273,1.3509262485482,0.246635757280942,0,64.4272727272727,8.90909090909091,2.93636363636364,0,5.14334466265442e-05,5.14334466265442e-06,0.0514334466265442
"386","ocilla","10_20",0.173333333333333,20.8,1.5096443452381,0.210069553241103,0,52.4,6.6,3.4,0,3.14006023809525e-05,3.14006023809525e-06,0.0314006023809525
"387","ocilla","20_40",0.0775,9.3,1.50104635443921,0.215883238671701,0,55.2416666666667,8.175,3.31666666666667,0,1.39597310962847e-05,2.79194621925693e-06,0.0279194621925693
"388","ocilla","40_100",0.249473684210526,29.9368421052632,1.59451747615447,0.19649269329816,0,51.8027777777778,9.11842105263158,12.9078947368421,0,4.77348179177191e-05,2.86408907506314e-05,0.286408907506314
"389","olustee","0_10",0.165,19.8,1.3509262485482,0.246635757280942,0,36.025,7.75,2.225,0,2.67483397212544e-05,2.67483397212544e-06,0.0267483397212544
"390","olustee","10_20",0.0955,11.46,1.5096443452381,0.210069553241103,0,46.7895312870223,30.4653139464118,15.1362533561418,2.95214027796427,1.67897884533269e-05,1.67897884533269e-06,0.0167897884533269
"391","olustee","20_40",0.026,3.12,1.50104635443921,0.215883238671701,0,46.86,5.4,3.1,0,4.68326462585034e-06,9.36652925170067e-07,0.00936652925170067
"392","olustee","40_100",0.158181818181818,18.9818181818182,1.59451747615447,0.19649269329816,0,52.8818181818182,5.21818181818182,9.81818181818182,0,3.02668408200958e-05,1.81601044920575e-05,0.181601044920575
"393","orangeburg","0_10",0.5,60,1.76333333333333,0.185022521151706,3,69.8076923076923,13.1230769230769,7.66538461538462,0.192307692307692,0.000105596538461538,1.05596538461538e-05,0.105596538461538
"394","orangeburg","10_20",0.322222222222222,38.6666666666667,1.83,0.210069553241103,1,68.4473684210526,12.0947368421053,8.32631578947368,0.842105263157895,7.01641263157895e-05,7.01641263157895e-06,0.0701641263157895
"395","orangeburg","20_40",0.310967741935484,37.3161290322581,1.73111111111111,0.0964940988408675,9,66.3588235294118,13.4114285714286,14.8342857142857,0.257142857142857,6.44322555084485e-05,1.28864511016897e-05,0.128864511016897
"396","orangeburg","40_100",0.572567567567568,68.7081081081081,1.683125,0.0878421880419653,16,56.6493670886076,10.6625,26.32125,0.575,0.000114979379536318,6.89876277217905e-05,0.689876277217905
"397","ouachita","0_10",0.8,96,1.3509262485482,0.246635757280942,0,48.2886660985049,31.5216808172776,14.2365984772959,2.55253239021966,0.000126378568174659,1.26378568174659e-05,0.126378568174659
"398","ouachita","10_20",0.8,96,1.54,0.210069553241103,1,16.6,60.7,22.7,1,0.0001463616,1.463616e-05,0.1463616
"399","ouachita","20_40",0.16,19.2,1.46,0.215883238671701,1,17.9,60,22.1,0,2.8032e-05,5.6064e-06,0.056064
"400","ouachita","40_100",0.12,14.4,1.56,0.19649269329816,1,20.9,58,21.1,0,2.2464e-05,1.34784e-05,0.134784
"401","pacolet","0_10",0.234285714285714,28.1142857142857,1.16,0.0888819441731559,3,60.1285714285714,19.9714285714286,19.9,10.2857142857143,2.92581355102041e-05,2.92581355102041e-06,0.0292581355102041
"402","pacolet","10_20",0.277142857142857,33.2571428571429,1.5096443452381,0.210069553241103,0,46.7895312870223,30.4653139464118,15.1362533561418,2.95214027796427,4.87242925945463e-05,4.87242925945463e-06,0.0487242925945463
"403","pacolet","20_40",0.32,38.4,1.4325,0.177270979012358,4,50.52,20.96,28.52,12.6,4.8076992e-05,9.6153984e-06,0.096153984
"404","pacolet","40_100",0.42,50.4,1.60272727272727,0.269224475450911,11,45.7,15.4642857142857,38.8357142857143,7.14285714285714,7.50076363636362e-05,4.50045818181817e-05,0.450045818181817
"405","pamlico","0_10",3.14,376.8,1.3509262485482,0.246635757280942,0,48.2886660985049,31.5216808172776,14.2365984772959,2.55253239021966,0.000496035880085535,4.96035880085535e-05,0.496035880085535
"406","pamlico","10_20",3.14,376.8,1.5096443452381,0.210069553241103,0,9.15000000000001,34.9,26.45,0,0.000568833989285716,5.68833989285716e-05,0.568833989285716
"407","pamlico","20_40",2.945,353.4,1.50104635443921,0.215883238671701,0,68.45,28.95,2.6,0,0.000530469781658817,0.000106093956331763,1.06093956331763
"408","pamlico","40_100",0.416666666666667,50,1.59451747615447,0.19649269329816,0,78.8066666666667,5.56666666666667,2.62666666666667,0,7.97258738077235e-05,4.78355242846341e-05,0.478355242846341
"409","pantego","0_10",0.24,28.8,1.3509262485482,0.246635757280942,0,48.2886660985049,31.5216808172776,14.2365984772959,2.55253239021966,3.79135704523976e-05,3.79135704523976e-06,0.0379135704523976
"410","pantego","10_20",0.24,28.8,1.5096443452381,0.210069553241103,0,38.4,26.9,19.7,0,4.34777571428573e-05,4.34777571428573e-06,0.0434777571428573
"411","pantego","20_40",0.155,18.6,1.50104635443921,0.215883238671701,0,26.65,31.65,16.45,0,2.79194621925693e-05,5.58389243851386e-06,0.0558389243851386
"412","pantego","40_100",0.12,14.4,1.59451747615447,0.19649269329816,0,47.925,28.225,18.95,0,2.29610516566244e-05,1.37766309939746e-05,0.137766309939746
"413","pelham","0_10",0.134545454545455,16.1454545454545,1.6,0.246635757280942,1,67.0181818181818,8.90909090909091,4.19090909090909,0.0909090909090909,2.58092429752066e-05,2.58092429752066e-06,0.0258092429752066
"414","pelham","10_20",0.02,2.4,1.5096443452381,0.210069553241103,0,31.2,7,2.2,0,3.62314642857144e-06,3.62314642857144e-07,0.00362314642857144
"415","pelham","20_40",0.021,2.52,1.65,0.215883238671701,1,60.9,9.24,3.54,0,4.158e-06,8.316e-07,0.008316
"416","pelham","40_100",0.0635483870967742,7.6258064516129,1.8,0.0360555127546399,3,63.6935483870968,8.23870967741935,11.3387096774194,0.032258064516129,1.37220237252862e-05,8.2332142351717e-06,0.082332142351717
"417","plott","0_10",1.64,196.8,0.95,0.246635757280942,1,46.2,37.3,16.5,2,0.0001832208,1.832208e-05,0.1832208
"418","plott","10_20",0.93,111.6,1.5096443452381,0.210069553241103,0,46.7895312870223,30.4653139464118,15.1362533561418,2.95214027796427,0.000163502651953864,1.63502651953864e-05,0.163502651953864
"419","plott","20_40",0.22,26.4,0.96,0.215883238671701,1,46.9,40.7,12.4,8,2.331648e-05,4.663296e-06,0.04663296
"420","plott","40_100",0.266666666666667,32,1.18666666666667,0.128970280814354,3,56.9666666666667,29.3666666666667,13.6666666666667,9.33333333333333,3.44291555555557e-05,2.06574933333334e-05,0.206574933333334
"421","plummer","0_10",0.096,11.52,1.3509262485482,0.246635757280942,0,40.34,7.56,4.52,0,1.55626703832753e-05,1.55626703832753e-06,0.0155626703832753
"422","plummer","10_20",0.0833333333333333,10,1.5096443452381,0.210069553241103,0,52.3666666666667,5.96666666666667,2.4,0,1.5096443452381e-05,1.5096443452381e-06,0.015096443452381
"423","plummer","20_40",0.025,3,1.50104635443921,0.215883238671701,0,66.675,7.35,3.225,0,4.50313906331763e-06,9.00627812663526e-07,0.00900627812663526
"424","plummer","40_100",0.0188888888888889,2.26666666666667,1.59451747615447,0.19649269329816,0,52.2722222222222,4.71111111111111,2.12222222222222,0,3.6142396126168e-06,2.16854376757008e-06,0.0216854376757008
"425","poarch","0_10",0.0833333333333333,10,1.3509262485482,0.246635757280942,0,51.3,25.2,4.66666666666667,0,1.3509262485482e-05,1.3509262485482e-06,0.013509262485482
"426","poarch","10_20",0.0616666666666667,7.4,1.5096443452381,0.210069553241103,0,46.7895312870223,30.4653139464118,15.1362533561418,2.95214027796427,1.08415736958655e-05,1.08415736958655e-06,0.0108415736958655
"427","poarch","20_40",0.04,4.8,1.50104635443921,0.215883238671701,0,55.8333333333333,25.6333333333333,7.86666666666667,0.333333333333333,7.18100575963718e-06,1.43620115192744e-06,0.0143620115192744
"428","poarch","40_100",0.09,10.8,1.59451747615447,0.19649269329816,0,70.2555555555556,20.4666666666667,14.6,0.222222222222222,1.71825203230406e-05,1.03095121938243e-05,0.103095121938243
"429","ponzer","0_10",3.27,392.4,0.8,0.246635757280942,1,59.5,13.6,46.6,0,0.00031392,3.1392e-05,0.31392
"430","ponzer","10_20",1.88,225.6,1.5096443452381,0.210069553241103,0,46.7895312870223,30.4653139464118,15.1362533561418,2.95214027796427,0.000330521489971252,3.30521489971252e-05,0.330521489971252
"431","ponzer","20_40",0.49,58.8,0.72,0.215883238671701,1,69.1666666666667,42.6333333333333,24.8666666666667,0,4.2336e-05,8.4672e-06,0.084672
"432","ponzer","40_100",0.241428571428571,28.9714285714286,1.15,0.240416305603426,2,33.3857142857143,49.9285714285714,13.7571428571429,0.142857142857143,3.32695469387755e-05,1.99617281632653e-05,0.199617281632653
"433","portia","0_10",0.983333333333333,118,1.3509262485482,0.246635757280942,0,34.0458333333333,55.7708333333333,10.1833333333333,0,0.000159409297328688,1.59409297328688e-05,0.159409297328688
"434","portia","10_20",0.569230769230769,68.3076923076923,1.5096443452381,0.210069553241103,0,38.0384615384615,51.0538461538462,10.9,0,0.000103120321428572,1.03120321428572e-05,0.103120321428572
"435","portia","20_40",0.8,96,1.50104635443921,0.215883238671701,0,28.7516129032258,53.6387096774194,17.6129032258065,0,0.000144100450026164,2.88200900052328e-05,0.288200900052328
"436","portia","40_100",2.59154929577465,310.985915492958,1.59451747615447,0.19649269329816,0,27.6267605633803,37.1450704225352,35.230985915493,0,0.000495872477091418,0.000297523486254851,2.97523486254851
"437","pottsburg","0_10",0.06,7.2,1.3509262485482,0.246635757280942,0,47.425,4.175,1.7625,0,9.72666898954704e-06,9.72666898954704e-07,0.00972666898954704
"438","pottsburg","10_20",0.015,1.8,1.5096443452381,0.210069553241103,0,47.6,5,1.85,0,2.71735982142858e-06,2.71735982142858e-07,0.00271735982142858
"439","pottsburg","20_40",0.01875,2.25,1.50104635443921,0.215883238671701,0,47.2,4.8375,1.6875,0,3.37735429748822e-06,6.75470859497645e-07,0.00675470859497645
"440","pottsburg","40_100",0.0111111111111111,1.33333333333333,1.59451747615447,0.19649269329816,0,44.3944444444444,4.37777777777778,1.92777777777778,0,2.12602330153929e-06,1.27561398092358e-06,0.0127561398092358
"441","providence","0_10",1.26333333333333,151.6,1.21333333333333,0.204287379280594,3,14.5,75.5,10,0,0.000183941333333333,1.83941333333333e-05,0.183941333333333
"442","providence","10_20",1.035,124.2,1.5275,0.0846069343099804,4,15.625,68.425,15.95,0,0.0001897155,1.897155e-05,0.1897155
"443","providence","20_40",2.29666666666667,275.6,1.56666666666667,0.0152752523165195,3,11.1666666666667,65.0333333333333,23.8,0,0.000431773333333334,8.63546666666669e-05,0.863546666666669
"444","providence","40_100",2.96142857142857,355.371428571429,1.635,0.0988571053224161,12,19.2285714285714,57.4071428571429,23.3642857142857,0,0.000581032285714286,0.000348619371428571,3.48619371428571
"445","rains","0_10",0.336923076923077,40.4307692307692,1.35,0.06557438524302,3,58.4916666666667,25.2153846153846,10.2076923076923,0.153846153846154,5.44975668639053e-05,5.44975668639053e-06,0.0544975668639053
"446","rains","10_20",0.388,46.56,1.465,0.0777817459305203,2,61.8,25.74,8.72,0,6.82104e-05,6.82104e-06,0.0682104
"447","rains","20_40",0.202,24.24,1.5725,0.0602079728939614,4,69.58,20.0333333333333,12.1066666666667,0.133333333333333,3.80665768e-05,7.61331536e-06,0.0761331536
"448","rains","40_100",0.368666666666667,44.24,1.69714285714286,0.0446147530585589,7,61.1533333333333,19.1766666666667,23.5466666666667,0.133333333333333,7.49814912000001e-05,4.49888947200001e-05,0.449888947200001
"449","reddies","0_10",0.71,85.2,0.91,0.197989898732233,2,64.475,31.025,8.05,0,7.7532e-05,7.7532e-06,0.077532
"450","reddies","10_20",0.573333333333333,68.8,1.34,0.210069553241103,1,68.2,21.8,10,3.33333333333333,8.91189333333333e-05,8.91189333333333e-06,0.0891189333333333
"451","reddies","20_40",0.0475,5.7,1.24333333333333,0.280059517483933,3,69.95,23.375,6.675,0,7.08699999999998e-06,1.4174e-06,0.014174
"452","reddies","40_100",0.321818181818182,38.6181818181818,1.23,0.13076696830622,3,80.3636363636364,13.2272727272727,6.40909090909091,46.2727272727273,2.55206499173554e-05,1.53123899504132e-05,0.153123899504132
"453","rexor","0_10",2.08,249.6,1.3509262485482,0.246635757280942,0,48.2886660985049,31.5216808172776,14.2365984772959,2.55253239021966,0.000328584277254113,3.28584277254113e-05,0.328584277254113
"454","rexor","10_20",2.08,249.6,1.5096443452381,0.210069553241103,0,26.7,62.3,10.9,0,0.00037680722857143,3.7680722857143e-05,0.37680722857143
"455","rexor","20_40",2.3875,286.5,1.50104635443921,0.215883238671701,0,44.6474010593,29.3694540148412,19.535668248824,2.4242495503916,0.000419624300675467,8.39248601350934e-05,0.839248601350934
"456","rexor","40_100",2.695,323.4,1.59451747615447,0.19649269329816,0,27.35,54.45,20.2,0,0.000515666951788356,0.000309400171073013,3.09400171073013
"457","rosman","0_10",1.095,131.4,1.1,0.212132034355964,2,43.3,41.35,15.35,0,0.00014454,1.4454e-05,0.14454
"458","rosman","10_20",1.53,183.6,1.33,0.210069553241103,1,62.4,25.2,12.4,1,0.00024174612,2.4174612e-05,0.24174612
"459","rosman","20_40",0.695,83.4,1.24,0.127279220613579,2,43.7,41.7,14.6,0,0.000103416,2.06832e-05,0.206832
"460","rosman","40_100",0.533333333333333,64,1.29,0.132233559604642,8,69.6222222222222,23.7555555555556,6.62222222222222,0,8.256e-05,4.9536e-05,0.49536
"461","ruston","0_10",0.394,47.28,1.49,0.0367423461417477,5,65.26,29.2666666666667,5.47333333333333,0.0666666666666667,7.04002352e-05,7.04002352e-06,0.0704002352
"462","ruston","10_20",0.656666666666667,78.8,1.7175,0.17423642940939,4,57.8,31.1888888888889,11.0111111111111,0,0.000135339,1.35339e-05,0.135339
"463","ruston","20_40",0.502,60.24,1.7025,0.0394757309410901,4,57.4733333333333,29.6933333333333,12.8333333333333,0.0666666666666667,0.0001024902276,2.049804552e-05,0.2049804552
"464","ruston","40_100",1.13302325581395,135.962790697674,1.75352941176471,0.0561183098986628,17,56.6116279069767,23.5860465116279,19.8023255813953,0.116279069767442,0.000238137525937709,0.000142882515562626,1.42882515562626
"465","rutlege","0_10",0.045,5.4,1.3509262485482,0.246635757280942,0,76.75,7,3.25,0,7.29500174216028e-06,7.29500174216028e-07,0.00729500174216028
"466","rutlege","10_20",0.04,4.8,1.5096443452381,0.210069553241103,0,44,11.6,2.6,0,7.24629285714288e-06,7.24629285714288e-07,0.00724629285714288
"467","rutlege","20_40",0.02,2.4,1.50104635443921,0.215883238671701,0,58.3666666666667,5.83333333333333,2.96666666666667,0,3.6025112506541e-06,7.20502250130821e-07,0.00720502250130821
"468","rutlege","40_100",0.01875,2.25,1.59451747615447,0.19649269329816,0,50.0444444444444,4.46666666666667,4.2,0,3.58766432134756e-06,2.15259859280853e-06,0.0215259859280853
"469","sacul","0_10",0.98,117.6,1.435,0.0919238815542511,2,50.0142857142857,41.5428571428571,30.3,1.28571428571429,0.00016658628,1.6658628e-05,0.16658628
"470","sacul","10_20",0.583333333333333,70,1.48,0.210069553241103,1,36.82,41.44,36.78,0,0.0001036,1.036e-05,0.1036
"471","sacul","20_40",1.888,226.56,1.62666666666667,0.0513160143944688,3,37.5142857142857,42.0142857142857,31.9857142857143,1.42857142857143,0.000363272777142858,7.26545554285716e-05,0.726545554285716
"472","sacul","40_100",4.85727272727273,582.872727272727,1.64,0.0728010988928051,5,30.3095238095238,36.5,35.4904761904762,1.57142857142857,0.00094088980987013,0.000564533885922078,5.64533885922078
"473","saffell","0_10",0.37125,44.55,1.3509262485482,0.246635757280942,0,32.65,55.9875,11.3625,6.25,5.64222790995209e-05,5.64222790995209e-06,0.0564222790995209
"474","saffell","10_20",0.4125,49.5,1.38,0.210069553241103,1,18,65.775,16.225,11.75,6.0283575e-05,6.0283575e-06,0.060283575
"475","saffell","20_40",0.262857142857143,31.5428571428571,1.36,0.215883238671701,1,32.9285714285714,50.7714285714286,16.3,15.2857142857143,3.63409763265306e-05,7.26819526530612e-06,0.0726819526530612
"476","saffell","40_100",0.765714285714286,91.8857142857143,1.21,0.19649269329816,1,47.7714285714286,31.6142857142857,20.6142857142857,19.2857142857143,8.97395265306122e-05,5.38437159183673e-05,0.538437159183673
"477","sapelo","0_10",0.284285714285714,34.1142857142857,1.3509262485482,0.246635757280942,0,53.2846153846154,7.10714285714286,1.12857142857143,0,4.60858840219015e-05,4.60858840219015e-06,0.0460858840219015
"478","sapelo","10_20",0.2,24,1.52,0.210069553241103,1,79.46,6.76666666666667,1.01666666666667,0,3.648e-05,3.648e-06,0.03648
"479","sapelo","20_40",0.0435,5.22,1.50104635443921,0.215883238671701,0,55.26,6.45,1.435,0,7.83546197017268e-06,1.56709239403454e-06,0.0156709239403454
"480","sapelo","40_100",0.0376666666666667,4.52,1.61,0.0692820323027551,6,56.3903225806452,5.73548387096774,4.24354838709677,0,7.2772e-06,4.36632e-06,0.0436632
"481","saucier","0_10",0.4475,53.7,1.42,0.127279220613579,2,40.75,29.55,12.525,2.5,7.434765e-05,7.434765e-06,0.07434765
"482","saucier","10_20",0.8,96,1.59,0.210069553241103,1,44.3,39.5,16.2,1,0.0001511136,1.511136e-05,0.1511136
"483","saucier","20_40",0.16,19.2,1.67,0.014142135623731,2,53.65,25.925,14.175,1,3.174336e-05,6.348672e-06,0.06348672
"484","saucier","40_100",0.452,54.24,1.685,0.0404145188432738,4,45.32,27.27,27.61,0.5,9.0937428e-05,5.45624568e-05,0.545624568
"485","saunook","0_10",1.76,211.2,1.3,0.246635757280942,1,43.1,32.2,24.7,16,0.0002306304,2.306304e-05,0.2306304
"486","saunook","10_20",2.97666666666667,357.2,1.29,0.175214154679352,3,40.8666666666667,37.9,21.2333333333333,7.66666666666667,0.00042546092,4.2546092e-05,0.42546092
"487","saunook","20_40",1.53,183.6,1.43,0.229128784747792,3,43.4333333333333,34.8,21.7666666666667,10.6666666666667,0.00023454288,4.6908576e-05,0.46908576
"488","saunook","40_100",1.3625,163.5,1.26,0.208885933785244,7,44.8,33.8375,21.3625,29.875,0.0001444645125,8.66787075e-05,0.866787075
"489","sharkey","0_10",9.667,1160.04,1.54,0.346121365997536,7,5.41904761904762,31.7333333333333,62.847619047619,0.19047619047619,0.001783058816,0.0001783058816,1.783058816
"490","sharkey","10_20",10.6357142857143,1276.28571428571,1.852,0.055703295619354,15,1.27272727272727,32.0136363636364,66.7136363636364,0.0454545454545455,0.00236260674233766,0.000236260674233766,2.36260674233766
"491","sharkey","20_40",11.0456666666667,1325.48,1.80785714285714,0.0867515082048962,14,3.63076923076923,31.5384615384615,64.8307692307692,0,0.00239627848571428,0.000479255697142856,4.79255697142856
"492","sharkey","40_100",13.3642857142857,1603.71428571429,1.81230769230769,0.104280686315643,26,3.2125,30.6825,66.105,0.0125,0.0029060604332967,0.00174363625997802,17.4363625997802
"493","smithdale","0_10",0.468333333333333,56.2,1.57,0.0264575131106459,3,74.7,19.7083333333333,5.59166666666667,2.5,8.602815e-05,8.602815e-06,0.08602815
"494","smithdale","10_20",0.064,7.68,1.5096443452381,0.210069553241103,0,74.72,19.94,5.34,4.2,1.11071176914286e-05,1.11071176914286e-06,0.0111071176914286
"495","smithdale","20_40",0.195714285714286,23.4857142857143,1.5575,0.0903234926989282,4,68.1714285714286,20.7285714285714,11.1,3.42857142857143,3.53248628571429e-05,7.06497257142857e-06,0.0706497257142857
"496","smithdale","40_100",0.6016,72.192,1.7,0.05,5,62.636,16.14,21.224,1.04,0.00012145004544,7.2870027264e-05,0.72870027264
"497","smithton","0_10",0.13,15.6,1.3509262485482,0.246635757280942,0,48.6,45.5,5.9,0,2.10744494773519e-05,2.10744494773519e-06,0.0210744494773519
"498","smithton","10_20",0.135,16.2,1.5096443452381,0.210069553241103,0,46.7895312870223,30.4653139464118,15.1362533561418,2.95214027796427,2.37342559287867e-05,2.37342559287867e-06,0.0237342559287867
"499","smithton","20_40",0.14,16.8,1.50104635443921,0.215883238671701,0,51.7,41.6,6.7,0,2.52175787545787e-05,5.04351575091575e-06,0.0504351575091575
"500","smithton","40_100",0.18,21.6,1.59451747615447,0.19649269329816,0,51.8,40.05,8.15,0,3.44415774849365e-05,2.06649464909619e-05,0.206649464909619
"501","susquehanna","0_10",0.486666666666667,58.4,1.36,0.226274169979695,2,59.6333333333333,36.2666666666667,4.1,0.333333333333333,7.91592533333333e-05,7.91592533333333e-06,0.0791592533333333
"502","susquehanna","10_20",2.345,281.4,1.475,0.162634559672906,2,29.7,44.95,25.35,0.5,0.000412989675,4.12989675e-05,0.412989675
"503","susquehanna","20_40",4.235,508.2,1.77,0.0761577310586392,4,30.8,19.95,49.25,0,0.000899514,0.0001799028,1.799028
"504","susquehanna","40_100",6.09142857142857,730.971428571429,1.88333333333333,0.0553774924194538,6,32.9857142857143,18.0571428571429,48.9571428571429,0,0.00137666285714286,0.000825997714285713,8.25997714285713
"505","tate","0_10",1.99,238.8,1.55,0.246635757280942,1,72.6666666666667,37,14.3,10.3333333333333,0.0003318922,3.318922e-05,0.3318922
"506","tate","10_20",0.065,7.8,1.345,0.205060966544099,2,57.8,24.25,17.95,12,9.23208e-06,9.23208e-07,0.00923208
"507","tate","20_40",0.085,10.2,1.505,0.0919238815542513,2,51.95,24.5,23.55,9,1.396941e-05,2.793882e-06,0.02793882
"508","tate","40_100",0.406,48.72,1.526,0.0998999499499374,5,58.04,21.62,20.34,16,6.24512448e-05,3.747074688e-05,0.3747074688
"509","tippah","0_10",0.43,51.6,1.29,0.246635757280942,1,9.8,81.3,8.9,0,6.6564e-05,6.6564e-06,0.066564
"510","tippah","10_20",0.86,103.2,1.5096443452381,0.210069553241103,0,46.7895312870223,30.4653139464118,15.1362533561418,2.95214027796427,0.00015119600073153,1.5119600073153e-05,0.15119600073153
"511","tippah","20_40",1.29,154.8,1.505,0.0919238815542513,2,6.15,70.15,23.7,0,0.000232974,4.65948e-05,0.465948
"512","tippah","40_100",6.11333333333333,733.6,1.76333333333333,0.187171935218219,3,4.7,58.4333333333333,36.8666666666667,0,0.00129358133333333,0.000776148799999999,7.76148799999999
"513","toccoa","0_10",0.995,119.4,1.32,0.246635757280942,1,38.65,37.15,24.2,1,0.00015603192,1.5603192e-05,0.15603192
"514","toccoa","10_20",0.4,48,1.45,0.210069553241103,1,62.25,23.925,13.825,0.25,6.9426e-05,6.9426e-06,0.069426
"515","toccoa","20_40",0.483333333333333,58,1.66,0.215883238671701,1,65.5333333333333,23.9333333333333,10.5333333333333,0,9.628e-05,1.9256e-05,0.19256
"516","toccoa","40_100",0.544,65.28,1.7,0.0360555127546399,3,69.48,19.92,10.6,1.1,0.000109755264,6.58531584e-05,0.658531584
"517","toinette","0_10",0.55,66,1.3509262485482,0.246635757280942,0,80.1,15.4,4.5,0,8.91611324041812e-05,8.91611324041812e-06,0.0891611324041812
"518","toinette","10_20",0.275,33,1.5096443452381,0.210069553241103,0,46.7895312870223,30.4653139464118,15.1362533561418,2.95214027796427,4.83475583734544e-05,4.83475583734544e-06,0.0483475583734544
"519","toinette","20_40",0,0,1.50104635443921,0.215883238671701,0,84.3,11.8,3.9,0,0,0,0
"520","toinette","40_100",0.26,31.2,1.59451747615447,0.19649269329816,0,78.7666666666667,5.53333333333333,15.7,0,4.97489452560195e-05,2.98493671536117e-05,0.298493671536117
"521","townley","0_10",0.72,86.4,1.3509262485482,0.246635757280942,0,21,52.5,26.5,0,0.000116720027874564,1.16720027874564e-05,0.116720027874564
"522","townley","10_20",0.8,96,1.5096443452381,0.210069553241103,0,46.7895312870223,30.4653139464118,15.1362533561418,2.95214027796427,0.000140647442540958,1.40647442540958e-05,0.140647442540958
"523","townley","20_40",0.88,105.6,1.50104635443921,0.215883238671701,0,9,39.9,51.1,0,0.000158510495028781,3.17020990057561e-05,0.317020990057561
"524","townley","40_100",0.54,64.8,1.59451747615447,0.19649269329816,0,6.83333333333333,44.4666666666667,48.7,0,0.00010332473245481,6.19948394728858e-05,0.619948394728858
"525","toxaway","0_10",0.62,74.4,1.06,0.246635757280942,1,7,58.8,34.2,0,7.8864e-05,7.8864e-06,0.078864
"526","toxaway","10_20",0.435,52.2,1.5096443452381,0.210069553241103,0,46.7895312870223,30.4653139464118,15.1362533561418,2.95214027796427,7.64770468816461e-05,7.64770468816461e-06,0.0764770468816461
"527","toxaway","20_40",0.25,30,1.07,0.0282842712474619,2,7.25,59.3,33.45,0,3.21e-05,6.42e-06,0.0642
"528","toxaway","40_100",0.303333333333333,36.4,1.23666666666667,0.0288675134594813,3,9.83333333333333,62.0333333333333,28.1333333333333,0,4.50146666666668e-05,2.70088000000001e-05,0.270088000000001
"529","trimont","0_10",0.49,58.8,0.95,0.246635757280942,1,50.6,28,21.4,2,5.47428e-05,5.47428e-06,0.0547428
"530","trimont","10_20",0.775,93,1.12,0.183847763108502,2,45.2,28.15,26.65,5.5,9.84312e-05,9.84312e-06,0.0984312
"531","trimont","20_40",0.905,108.6,1.37,0.0282842712474618,2,45.75,20.8,33.45,4.5,0.00014208681,2.8417362e-05,0.28417362
"532","trimont","40_100",0.533333333333333,64,1.42833333333333,0.170577450639487,6,63.4833333333333,15.5333333333333,20.9833333333333,5,8.68426666666665e-05,5.21055999999999e-05,0.521055999999999
"533","troup","0_10",0.243214285714286,29.1857142857143,1.58,0.0989949493661166,2,76.3785714285714,7.36428571428571,3.5,0,4.61134285714286e-05,4.61134285714286e-06,0.0461134285714286
"534","troup","10_20",0.0442857142857143,5.31428571428571,1.71,0.210069553241103,1,87.6285714285714,8.52857142857143,3.84285714285714,0,9.08742857142857e-06,9.08742857142857e-07,0.00908742857142857
"535","troup","20_40",0.1045,12.54,1.5,0.215883238671701,1,73.025,8.425,3.965,0.05,1.8800595e-05,3.760119e-06,0.03760119
"536","troup","40_100",0.0688461538461538,8.26153846153846,1.87,0.459238500128201,3,74.2660377358491,7.7622641509434,5.13396226415094,0.188679245283019,1.54199277213353e-05,9.25195663280116e-06,0.0925195663280116
"537","tuckasegee","0_10",0.29,34.8,1.3509262485482,0.246635757280942,0,48.2886660985049,31.5216808172776,14.2365984772959,2.55253239021966,4.58122309633138e-05,4.58122309633138e-06,0.0458122309633138
"538","tuckasegee","10_20",0.29,34.8,1.11,0.210069553241103,1,56.4,28.1,15.5,16,3.244752e-05,3.244752e-06,0.03244752
"539","tuckasegee","20_40",0.07,8.4,0.97,0.215883238671701,1,58.5,31.1,10.4,16,6.84432e-06,1.368864e-06,0.01368864
"540","tuckasegee","40_100",0.293333333333333,35.2,1.17,0.09,3,57.5333333333333,22.2333333333333,20.2333333333333,28.6666666666667,2.937792e-05,1.7626752e-05,0.17626752
"541","tusquitee","0_10",3.11,373.2,0.57,0.246635757280942,1,35.45,36.95,37.5,1,0.00021059676,2.1059676e-05,0.21059676
"542","tusquitee","10_20",0.15,18,1.2,0.210069553241103,1,52.6,28.7,18.7,10,1.944e-05,1.944e-06,0.01944
"543","tusquitee","20_40",0.15,18,1.14,0.215883238671701,1,57.7,24.2,18.1,2,2.01096e-05,4.02192e-06,0.0402192
"544","tusquitee","40_100",0.3,36,1.3,0.15556349186104,2,64.2,20.15,15.65,19,3.7908e-05,2.27448e-05,0.227448
"545","udorthents","0_10",1.48,177.6,1.3509262485482,0.246635757280942,0,32.2,45.2,22.6,0,0.00023992450174216,2.3992450174216e-05,0.23992450174216
"546","udorthents","10_20",1.75,210,1.5096443452381,0.210069553241103,0,46.7895312870223,30.4653139464118,15.1362533561418,2.95214027796427,0.000307666280558346,3.07666280558346e-05,0.307666280558346
"547","udorthents","20_40",2.02,242.4,1.50104635443921,0.215883238671701,0,22.3,44.8,32.9,0,0.000363853636316065,7.27707272632129e-05,0.727707272632129
"548","udorthents","40_100",3.36,403.2,1.59451747615447,0.19649269329816,0,43.6,32.7,23.7,0,0.000642909446385482,0.000385745667831289,3.85745667831289
"549","unaka","0_10",0.52,62.4,1.3509262485482,0.246635757280942,0,40.3,35.5,24.2,10,7.58680181184669e-05,7.58680181184669e-06,0.0758680181184669
"550","unaka","10_20",0.05,6,1.5096443452381,0.210069553241103,0,40.2,39.3,20.5,10,8.15207946428574e-06,8.15207946428574e-07,0.00815207946428574
"551","unaka","20_40",0.07,8.4,1.50104635443921,0.215883238671701,0,45.7,36,18.3,8,1.16000862271062e-05,2.32001724542124e-06,0.0232001724542124
"552","unaka","40_100",0.02,2.4,1.59451747615447,0.19649269329816,0,58.9,28.85,12.25,10,3.44415774849366e-06,2.06649464909619e-06,0.0206649464909619
"553","urban land","0_10",3.274,392.88,1.3509262485482,0.246635757280942,0,43.63,36.81,19.56,16.9,0.000441054832664112,4.41054832664112e-05,0.441054832664112
"554","urban land","10_20",3.1495,377.94,1.5096443452381,0.210069553241103,0,46.7895312870223,30.4653139464118,15.1362533561418,2.95214027796427,0.000553711400353435,5.53711400353435e-05,0.553711400353435
"555","urban land","20_40",3.025,363,1.50104635443921,0.215883238671701,0,39.07,39.12,21.81,13.7,0.000470231290408817,9.40462580817634e-05,0.940462580817634
"556","urban land","40_100",3.025,363,1.59451747615447,0.19649269329816,0,47.1527031434407,24.7802985973975,23.2730709428291,3.29052854268621,0.000559763940724506,0.000335858364434704,3.35858364434704
"557","vance","0_10",3.25,390,1.3509262485482,0.246635757280942,0,24,51.7,24.3,0,0.000526861236933798,5.26861236933798e-05,0.526861236933798
"558","vance","10_20",2.93,351.6,1.5096443452381,0.210069553241103,0,26,56.5,17.5,0,0.000530790951785716,5.30790951785716e-05,0.530790951785716
"559","vance","20_40",2.81,337.2,1.50104635443921,0.215883238671701,0,27.3,55.8,16.9,0,0.000506152830716902,0.00010123056614338,1.0123056614338
"560","vance","40_100",3.455,414.6,1.59451747615447,0.19649269329816,0,35.84,44.48,26.56,0,0.000661086945613643,0.000396652167368186,3.96652167368186
"561","wadley","0_10",0.246666666666667,29.6,1.3509262485482,0.246635757280942,0,62.5111111111111,10.0888888888889,3.22222222222222,0.555555555555556,3.97652646405988e-05,3.97652646405988e-06,0.0397652646405988
"562","wadley","10_20",0.15,18,1.5096443452381,0.210069553241103,0,46.3,6.5,1.9,0,2.71735982142858e-05,2.71735982142858e-06,0.0271735982142858
"563","wadley","20_40",0.08625,10.35,1.50104635443921,0.215883238671701,0,76.625,10.5,3.5625,0.875,1.53998912579719e-05,3.07997825159439e-06,0.0307997825159439
"564","wadley","40_100",0.264444444444444,31.7333333333333,1.59451747615447,0.19649269329816,0,61.5944444444444,8.85,5.42222222222222,0.5,5.0346357803752e-05,3.02078146822512e-05,0.302078146822512
"565","wagram","0_10",0.25,30,1.3509262485482,0.246635757280942,0,68.1333333333333,9.76666666666667,4.1,1,4.01225095818815e-05,4.01225095818815e-06,0.0401225095818815
"566","wagram","10_20",0.0833333333333333,10,1.57,0.169705627484771,2,61.4333333333333,10.3,3.1,0,1.57e-05,1.57e-06,0.0157
"567","wagram","20_40",0.07,8.4,1.63,0.215883238671701,1,67.925,10.225,5.075,1.75,1.345239e-05,2.690478e-06,0.02690478
"568","wagram","40_100",0.274166666666667,32.9,1.6775,0.105633012516605,4,77.99,9.575,12.2,1.58333333333333,5.43159122916667e-05,3.2589547375e-05,0.32589547375
"569","wahee","0_10",0.9,108,1.3509262485482,0.246635757280942,0,61.8,27.4666666666667,10.6,0,0.000145900034843206,1.45900034843206e-05,0.145900034843206
"570","wahee","10_20",0.8175,98.1,1.5096443452381,0.210069553241103,0,46.7895312870223,30.4653139464118,15.1362533561418,2.95214027796427,0.000143724105346542,1.43724105346542e-05,0.143724105346542
"571","wahee","20_40",0.735,88.2,1.50104635443921,0.215883238671701,0,47.675,33.275,19,0.25,0.000132061307740385,2.64122615480769e-05,0.264122615480769
"572","wahee","40_100",1.025,123,1.59451747615447,0.19649269329816,0,28.73,20.03,51.17,0.4,0.000195341146968732,0.000117204688181239,1.17204688181239
"573","wehadkee","0_10",1.4,168,1.3509262485482,0.246635757280942,0,45.95,34.4,19.65,0,0.000226955609756098,2.26955609756098e-05,0.226955609756098
"574","wehadkee","10_20",1.11,133.2,1.5096443452381,0.210069553241103,0,16.3,35.3,48.4,0,0.000201084626785715,2.01084626785715e-05,0.201084626785715
"575","wehadkee","20_40",1.56,187.2,1.50104635443921,0.215883238671701,0,22.75,41.4,35.85,0,0.00028099587755102,5.6199175510204e-05,0.56199175510204
"576","wehadkee","40_100",1.18666666666667,142.4,1.59451747615447,0.19649269329816,0,38.8666666666667,32.1333333333333,29,0,0.000227059288604397,0.000136235573162638,1.36235573162638
"577","whiteside","0_10",0.05,6,1.3509262485482,0.246635757280942,0,48.2886660985049,31.5216808172776,14.2365984772959,2.55253239021966,7.89866051091617e-06,7.89866051091617e-07,0.00789866051091617
"578","whiteside","10_20",0.05,6,1.5096443452381,0.210069553241103,0,46.7895312870223,30.4653139464118,15.1362533561418,2.95214027796427,8.7904651588099e-06,8.7904651588099e-07,0.0087904651588099
"579","whiteside","20_40",0.05,6,1.21,0.215883238671701,1,47,26.9,26.1,0,7.26e-06,1.452e-06,0.01452
"580","whiteside","40_100",0.05,6,1.30666666666667,0.0550757054728611,3,54.5,24.0666666666667,21.4333333333333,0.333333333333333,7.81386666666669e-06,4.68832000000001e-06,0.0468832000000001
"581","wickham","0_10",0.63625,76.35,1.41,0.246635757280942,1,56.8578947368421,36.7315789473684,20.335,0,0.0001076535,1.076535e-05,0.1076535
"582","wickham","10_20",0.653333333333333,78.4,1.5096443452381,0.210069553241103,0,65.4666666666667,36.62,23.2333333333333,0.0666666666666667,0.000118277212588889,1.18277212588889e-05,0.118277212588889
"583","wickham","20_40",0.797777777777778,95.7333333333333,1.71,0.215883238671701,1,53.3888888888889,26.2555555555556,20.3555555555556,0.111111111111111,0.000163522106666667,3.27044213333333e-05,0.327044213333333
"584","wickham","40_100",1.07631578947368,129.157894736842,1.69,0.19649269329816,1,52.3052631578947,24.1552631578947,23.5394736842105,0.157894736842105,0.000217932194459834,0.0001307593166759,1.307593166759
"585","wilkes","0_10",1.7,204,1.3509262485482,0.246635757280942,0,70.8,23.9,5.3,0,0.000275588954703833,2.75588954703833e-05,0.275588954703833
"586","wilkes","10_20",0.95,114,1.5096443452381,0.210069553241103,0,72.4,23.4,4.2,0,0.000172099455357143,1.72099455357143e-05,0.172099455357143
"587","wilkes","20_40",8.11,973.2,1.50104635443921,0.215883238671701,0,48.7,22.9,28.4,0,0.00146081831214024,0.000292163662428048,2.92163662428048
"588","wilkes","40_100",3.74,448.8,1.59451747615447,0.19649269329816,0,81.2,9.9,8.9,5,0.00067983847113322,0.000407903082679932,4.07903082679932
"589","woden","0_10",0.175,21,1.3509262485482,0.246635757280942,0,73.35,23.625,3.025,0,2.83694512195122e-05,2.83694512195122e-06,0.0283694512195122
"590","woden","10_20",0.15,18,1.5096443452381,0.210069553241103,0,67.55,28.2,4.25,0,2.71735982142858e-05,2.71735982142858e-06,0.0271735982142858
"591","woden","20_40",0.25,30,1.50104635443921,0.215883238671701,0,65.1,28.75,6.15,0,4.50313906331763e-05,9.00627812663526e-06,0.0900627812663526
"592","woden","40_100",0.8375,100.5,1.59451747615447,0.19649269329816,0,59.85,25.3125,14.8375,0,0.000160249006353524,9.61494038121145e-05,0.961494038121145
"593","wrightsville","0_10",2.91777777777778,350.133333333333,1.42666666666667,0.11060440015358,3,18.3555555555556,59.0555555555556,22.5888888888889,1.44444444444444,0.000492308215308643,4.92308215308643e-05,0.492308215308643
"594","wrightsville","10_20",3.01857142857143,362.228571428571,1.67,0.210069553241103,1,15.5428571428571,58,26.4571428571429,0.142857142857143,0.000604057540408163,6.04057540408163e-05,0.604057540408163
"595","wrightsville","20_40",2.97,356.4,1.598,0.0807465169527454,5,17.7111111111111,56.0666666666667,26.2222222222222,0.222222222222222,0.000568261584,0.0001136523168,1.136523168
"596","wrightsville","40_100",6.26518518518519,751.822222222222,1.78454545454545,0.0951171526448975,11,11.9222222222222,45.3555555555556,42.7222222222222,0,0.00134166092929293,0.000804996557575756,8.04996557575756
