"","soil_name","horizon","sand","silt","clay","frag","bulk_density","bulk_density_sd","n","n_per","n_g_cm3","n_Mg_horizon","n_Mg_ha"
"1","acadia","0_10",58.5,36.4,5.1,2,1.4,0.246635757280942,1,0.057,0.00078204,7.8204e-05,0.78204
"2","acadia","10_20",46.7895312870223,30.4653139464118,15.1362533561418,2.95214027796427,1.5096443452381,0.210069553241103,0,0.04,0.000586031010587326,5.86031010587327e-05,0.586031010587327
"3","acadia","20_40",40.9,37.5,21.6,2,1.62,0.215883238671701,1,0.023,0.000365148,7.30296e-05,0.730296
"4","acadia","40_100",35.8333333333333,33.0333333333333,31.1333333333333,1.66666666666667,1.81,0.05,3,0.023,0.000409361666666667,0.000245617,2.45617
"5","albany","0_10",46.4333333333333,7.40555555555556,2.86666666666667,0.0555555555555556,1.6,0.246635757280942,1,0.058,0.000927484444444444,9.27484444444445e-05,0.927484444444445
"6","albany","10_20",45.6285714285714,5.97142857142857,2.24285714285714,0,1.5096443452381,0.210069553241103,0,0.037,0.000558568407738097,5.58568407738097e-05,0.558568407738097
"7","albany","20_40",57.1647058823529,7.74444444444444,2.60555555555556,0.0555555555555556,1.69,0.014142135623731,2,0.016,0.000270249777777778,5.40499555555556e-05,0.540499555555556
"8","albany","40_100",53.5452830188679,6.73962264150943,2.40754716981132,0.0754716981132075,1.74666666666667,0.0956382071489562,6,0.0055,9.59941635220128e-05,5.75964981132077e-05,0.575964981132077
"9","allanton","0_10",21.2,6.2,7.8,0,1.3509262485482,0.246635757280942,0,NA,NA,NA,NA
"10","allanton","10_20",95.2,6.5,2,0,1.5096443452381,0.210069553241103,0,NA,NA,NA,NA
"11","allanton","20_40",17.25,8.15,3.05,0,1.50104635443921,0.215883238671701,0,NA,NA,NA,NA
"12","allanton","40_100",68.1,7,2.68,0,1.59451747615447,0.19649269329816,0,NA,NA,NA,NA
"13","angelina","0_10",30.2,40.5,29.3,0,1.53,0.246635757280942,1,0.138,0.0021114,0.00021114,2.1114
"14","angelina","10_20",46.7895312870223,30.4653139464118,15.1362533561418,2.95214027796427,1.5096443452381,0.210069553241103,0,0.1415,0.00207308469995267,0.000207308469995267,2.07308469995267
"15","angelina","20_40",16.6,42.1,41.3,0,1.81,0.215883238671701,1,0.145,0.0026245,0.0005249,5.249
"16","angelina","40_100",52.5333333333333,22.9666666666667,24.5,0,1.69666666666667,0.0550757054728611,3,0.0763333333333333,0.00129512222222222,0.000777073333333335,7.77073333333335
"17","appling","0_10",65.0666666666667,21.1333333333333,12.6,4,1.3509262485482,0.246635757280942,0,0.1135,0.00147196924041812,0.000147196924041812,1.47196924041812
"18","appling","10_20",31.175,38.425,15.125,0,1.5096443452381,0.210069553241103,0,0.0555,0.000837852611607146,8.37852611607146e-05,0.837852611607146
"19","appling","20_40",36.8,20.6,42.6,0,1.50104635443921,0.215883238671701,0,0.044,0.000660460395953252,0.00013209207919065,1.3209207919065
"20","appling","40_100",42.0181818181818,25.5,32.9090909090909,2.72727272727273,1.31,0.19649269329816,1,0.0325,0.000414138636363636,0.000248483181818182,2.48483181818182
"21","arkana","0_10",26.26875,54.1375,19.6,0,1.3509262485482,0.246635757280942,0,NA,NA,NA,NA
"22","arkana","10_20",26.5285714285714,49.4571428571429,24.0142857142857,0,1.5096443452381,0.210069553241103,0,NA,NA,NA,NA
"23","arkana","20_40",19.9578947368421,39.3421052631579,40.6947368421053,0,1.50104635443921,0.215883238671701,0,NA,NA,NA,NA
"24","arkana","40_100",11.5108108108108,26.2378378378378,62.2378378378378,0,1.59451747615447,0.19649269329816,0,NA,NA,NA,NA
"25","ashe","0_10",48.7666666666667,35.2333333333333,16,6.33333333333333,1.26,0.246635757280942,1,NA,NA,NA,NA
"26","ashe","10_20",49.2,36.75,14.05,2,1.5096443452381,0.210069553241103,0,NA,NA,NA,NA
"27","ashe","20_40",63.5,22.7,13.8,1,1.58,0.215883238671701,1,NA,NA,NA,NA
"28","ashe","40_100",59.06,27.64,13.3,8,1.79,0.19649269329816,1,NA,NA,NA,NA
"29","ashlar","0_10",48.2886660985049,31.5216808172776,14.2365984772959,2.55253239021966,1.3509262485482,0.246635757280942,0,0.041,0.000539741801579272,5.39741801579272e-05,0.539741801579272
"30","ashlar","10_20",46.7895312870223,30.4653139464118,15.1362533561418,2.95214027796427,1.5096443452381,0.210069553241103,0,0.041,0.00060068178585201,6.0068178585201e-05,0.60068178585201
"31","ashlar","20_40",74.2,20.1,5.7,14,1.57,0.215883238671701,1,0.041,0.000553582,0.0001107164,1.107164
"32","ashlar","40_100",75.2,19.4,5.4,30,1.55,0.19649269329816,1,0.023,0.00024955,0.00014973,1.4973
"33","attoyac","0_10",64.0333333333333,31.7333333333333,4.23333333333333,0.333333333333333,1.63,0.226274169979695,2,0.027,0.000438633,4.38633e-05,0.438633
"34","attoyac","10_20",72.75,24.25,3,1,1.585,0.134350288425444,2,0.0445,0.00069827175,6.9827175e-05,0.69827175
"35","attoyac","20_40",61.2333333333333,30.45,8.31666666666667,0.333333333333333,1.648,0.122351951353462,5,0.0302,0.000496037013333333,9.92074026666667e-05,0.992074026666667
"36","attoyac","40_100",49.0545454545455,26.5636363636364,24.3818181818182,0.181818181818182,1.7775,0.0337003603202442,8,0.0192857142857143,0.000342180292207792,0.000205308175324675,2.05308175324675
"37","bayboro","0_10",44.8,20.4,34.8,0,1.3509262485482,0.246635757280942,0,NA,NA,NA,NA
"38","bayboro","10_20",36,31.2666666666667,32.7333333333333,0,1.5096443452381,0.210069553241103,0,NA,NA,NA,NA
"39","bayboro","20_40",31.95,32.85,35.2,0,1.50104635443921,0.215883238671701,0,NA,NA,NA,NA
"40","bayboro","40_100",26.6666666666667,24.5,48.8333333333333,0,1.59451747615447,0.19649269329816,0,NA,NA,NA,NA
"41","beauregard","0_10",39.1833333333333,55.1333333333333,5.68333333333333,1.16666666666667,1.39,0.246635757280942,1,0.1235,0.00169662241666667,0.000169662241666667,1.69662241666667
"42","beauregard","10_20",36.0666666666667,54.7,9.23333333333333,1,1.6,0.210069553241103,1,0.0235,0.00037224,3.7224e-05,0.37224
"43","beauregard","20_40",30.8166666666667,52.3666666666667,16.8166666666667,1,1.62,0.215883238671701,1,0.0205,0.000328779,6.57558e-05,0.657558
"44","beauregard","40_100",27.90625,52.375,19.71875,1.25,1.70666666666667,0.0850490054811538,3,0.016,0.000269653333333334,0.000161792,1.61792
"45","benndale","0_10",71.4,18.95,9.65,0.5,1.53,0.246635757280942,1,NA,NA,NA,NA
"46","benndale","10_20",46.7895312870223,30.4653139464118,15.1362533561418,2.95214027796427,1.5096443452381,0.210069553241103,0,NA,NA,NA,NA
"47","benndale","20_40",64.15,20.1,15.75,0,1.63,0.215883238671701,1,NA,NA,NA,NA
"48","benndale","40_100",69.12,17.16,13.72,0.6,1.69,0.0173205080756888,3,NA,NA,NA,NA
"49","bernaldo","0_10",62.0666666666667,35.5,2.43333333333333,0,1.3509262485482,0.246635757280942,0,0.1645,0.00222227367886179,0.000222227367886179,2.22227367886179
"50","bernaldo","10_20",52.3,42.1,5.6,0,1.44,0.210069553241103,1,0.0859166666666667,0.0012372,0.00012372,1.2372
"51","bernaldo","20_40",56.625,37.875,5.5,0,1.51,0.0800000000000001,3,0.00733333333333333,0.000110733333333333,2.21466666666667e-05,0.221466666666667
"52","bernaldo","40_100",41.4857142857143,32.4428571428571,26.0714285714286,0.142857142857143,1.67142857142857,0.0817370930542087,7,0.0152,0.000253694204081632,0.000152216522448979,1.52216522448979
"53","besner","0_10",66,31.2,2.8,0,1.24,0.246635757280942,1,NA,NA,NA,NA
"54","besner","10_20",46.7895312870223,30.4653139464118,15.1362533561418,2.95214027796427,1.5096443452381,0.210069553241103,0,NA,NA,NA,NA
"55","besner","20_40",65.45,31.85,2.7,0,1.47,0.014142135623731,2,NA,NA,NA,NA
"56","besner","40_100",61.6,35.62,2.78,0,1.688,0.148895936814945,5,NA,NA,NA,NA
"57","bethera","0_10",48.9,54.65,31.7,0,1.27,0.246635757280942,1,0.278,0.0035306,0.00035306,3.5306
"58","bethera","10_20",6.8,51.5,24.3,0,1.5096443452381,0.210069553241103,0,0.211,0.00318534956845239,0.000318534956845239,3.18534956845239
"59","bethera","20_40",46.1,49.95,38.55,0,1.34,0.215883238671701,1,0.144,0.0019296,0.00038592,3.8592
"60","bethera","40_100",15.5666666666667,30.1,53.9,0,1.74,0.19649269329816,1,0.062,0.0010788,0.00064728,6.4728
"61","betis","0_10",48.2886660985049,31.5216808172776,14.2365984772959,2.55253239021966,1.3509262485482,0.246635757280942,0,0.0525,0.000691132794705165,6.91132794705165e-05,0.691132794705165
"62","betis","10_20",90.85,7.35,1.8,0,1.5096443452381,0.210069553241103,0,0.0525,0.000792563281250002,7.92563281250002e-05,0.792563281250003
"63","betis","20_40",84.3,13.1,2.6,0,1.50104635443921,0.215883238671701,0,0.018,0.000270188343799058,5.40376687598116e-05,0.540376687598116
"64","betis","40_100",86.76,9.2,4.04,0,1.72,0.19649269329816,1,0.0205,0.0003526,0.00021156,2.1156
"65","bibb","0_10",70.375,21.9,7.725,0,1.3509262485482,0.246635757280942,0,0.253,0.00341784340882695,0.000341784340882695,3.41784340882695
"66","bibb","10_20",48.3,37.55,14.05,0,1.5096443452381,0.210069553241103,0,0.178666666666667,0.00269723123015874,0.000269723123015874,2.69723123015874
"67","bibb","20_40",61.52,27.56,10.88,0,1.14,0.215883238671701,1,0.104333333333333,0.0011894,0.00023788,2.3788
"68","bibb","40_100",76.28,15.69,7.99,0.2,1.38,0.127279220613579,2,0.0803333333333333,0.0011063828,0.00066382968,6.6382968
"69","blanton","0_10",54.0944444444444,6.24736842105263,2.58947368421053,0,1.45,0.246635757280942,1,0.103,0.0014935,0.00014935,1.4935
"70","blanton","10_20",64.475,8.375,2.9875,0,1.5096443452381,0.210069553241103,0,0.044,0.000664243511904764,6.64243511904764e-05,0.664243511904764
"71","blanton","20_40",51.1769230769231,7.76428571428571,3.35714285714286,0,1.50104635443921,0.215883238671701,0,0.023,0.000345240661521018,6.90481323042037e-05,0.690481323042037
"72","blanton","40_100",58.4387755102041,6.66734693877551,2.73877551020408,0,1.57,0.0264575131106459,3,0.0076,0.00011932,7.1592e-05,0.71592
"73","bonneau","0_10",76.54,11.3454545454545,4.59090909090909,1.81818181818182,1.66,0.246635757280942,1,0.1756,0.00286196072727273,0.000286196072727273,2.86196072727273
"74","bonneau","10_20",75.9833333333333,8.43333333333333,2.73333333333333,4.16666666666667,1.81,0.210069553241103,1,0.041,0.000711179166666667,7.11179166666667e-05,0.711179166666667
"75","bonneau","20_40",65.4692307692308,11.6076923076923,6.16923076923077,1.46153846153846,1.50104635443921,0.215883238671701,0,0.022,0.000325403756621583,6.50807513243167e-05,0.650807513243167
"76","bonneau","40_100",55.8648148148148,9.37592592592593,18.2851851851852,1.18518518518519,1.64,0.0299999999999999,3,0.0242608695652174,0.000393162666666667,0.0002358976,2.358976
"77","boulogne","0_10",59.3333333333333,4.66666666666667,1.86666666666667,0,1.3509262485482,0.246635757280942,0,NA,NA,NA,NA
"78","boulogne","10_20",46.7895312870223,30.4653139464118,15.1362533561418,2.95214027796427,1.5096443452381,0.210069553241103,0,NA,NA,NA,NA
"79","boulogne","20_40",33.675,5.22,2.54,0,1.50104635443921,0.215883238671701,0,NA,NA,NA,NA
"80","boulogne","40_100",67.5444444444445,4.33,2.65,0,1.59451747615447,0.19649269329816,0,NA,NA,NA,NA
"81","bude","0_10",24.4,65.55,10.05,0,1.54,0.127279220613579,2,NA,NA,NA,NA
"82","bude","10_20",46.7895312870223,30.4653139464118,15.1362533561418,2.95214027796427,1.5096443452381,0.210069553241103,0,NA,NA,NA,NA
"83","bude","20_40",16.15,64.55,19.3,0,1.50104635443921,0.215883238671701,0,NA,NA,NA,NA
"84","bude","40_100",14.8888888888889,61.2222222222222,23.8888888888889,0,1.675,0.124766448481419,4,NA,NA,NA,NA
"85","burton","0_10",55.0444444444444,29.3111111111111,20.5125,11.7777777777778,0.7225,0.12737739202857,4,0.9442,0.00601838325555555,0.000601838325555556,6.01838325555556
"86","burton","10_20",55.35,28.125,16.525,5.25,0.935,0.275771644662753,2,0.4025,0.0035657978125,0.00035657978125,3.5657978125
"87","burton","20_40",54.7625,30.6875,14.55,15.75,1.046,0.114367827643966,5,0.278,0.0024498889,0.00048997778,4.8997778
"88","burton","40_100",56.1636363636364,30.5181818181818,13.3181818181818,10.7272727272727,1.27166666666667,0.0847152091815081,6,0.0782,0.000887766684848487,0.000532660010909092,5.32660010909092
"89","caddo","0_10",24.4285714285714,69.4571428571429,6.11428571428571,0.714285714285714,1.465,0.0494974746830584,2,0.0675,0.000981811607142857,9.81811607142858e-05,0.981811607142858
"90","caddo","10_20",19.1,69.575,11.325,0.5,1.6,0.210069553241103,1,0.0286666666666667,0.000456373333333333,4.56373333333333e-05,0.456373333333333
"91","caddo","20_40",21.4,66.675,11.925,0.25,1.685,0.0212132034355964,2,0.02,0.0003361575,6.72315e-05,0.672315
"92","caddo","40_100",18.26875,63.74375,17.9875,0.3125,1.7075,0.0713559154286921,4,0.0155,0.0002638354296875,0.0001583012578125,1.583012578125
"93","cahaba","0_10",51.35,34.175,14.4666666666667,0,1.4,0.0556776436283002,3,0.1812,0.0025368,0.00025368,2.5368
"94","cahaba","10_20",51.3,31.5,17.2,0,1.37,0.210069553241103,1,0.175,0.0023975,0.00023975,2.3975
"95","cahaba","20_40",47.9466666666667,32.9,19.14,0,1.47333333333333,0.0757187779440037,3,0.09325,0.00137388333333333,0.000274776666666666,2.74776666666666
"96","cahaba","40_100",46.1545454545455,28.3606060606061,25.469696969697,0,1.526,0.0439317652729776,5,0.0772,0.001178072,0.0007068432,7.068432
"97","carnasaw","0_10",27.6,61.4,10.975,8.25,1.5,0.325269119345812,2,NA,NA,NA,NA
"98","carnasaw","10_20",29.775,56.975,14.3,9.75,1.59,0.0565685424949237,2,NA,NA,NA,NA
"99","carnasaw","20_40",11.4333333333333,36.4666666666667,52.0666666666667,4.66666666666667,1.43333333333333,0.155349069303081,3,NA,NA,NA,NA
"100","carnasaw","40_100",15.6923076923077,33.7153846153846,51.8769230769231,5.61538461538461,1.55142857142857,0.110064915910047,7,NA,NA,NA,NA
"101","cartecay","0_10",53.1,26,20.9,0,1.3509262485482,0.246635757280942,0,NA,NA,NA,NA
"102","cartecay","10_20",46.7895312870223,30.4653139464118,15.1362533561418,2.95214027796427,1.5096443452381,0.210069553241103,0,NA,NA,NA,NA
"103","cartecay","20_40",71.2,16.3,12.5,0,1.50104635443921,0.215883238671701,0,NA,NA,NA,NA
"104","cartecay","40_100",69,18.8,12.2,0,1.59451747615447,0.19649269329816,0,NA,NA,NA,NA
"105","cashiers","0_10",54.6,25.6,19.8,8,1.3509262485482,0.246635757280942,0,0.308,0.00382798461788618,0.000382798461788618,3.82798461788618
"106","cashiers","10_20",46.7895312870223,30.4653139464118,15.1362533561418,2.95214027796427,1.5096443452381,0.210069553241103,0,0.221,0.00323782133349498,0.000323782133349498,3.23782133349498
"107","cashiers","20_40",59.3,23,17.7,9,1.04,0.215883238671701,1,0.134,0.001268176,0.0002536352,2.536352
"108","cashiers","40_100",66.4,18.5,15.1,7.5,1.31,0.0989949493661166,2,0.064,0.00077552,0.000465312,4.65312
"109","cataula","0_10",66.2,18.5,15.3,4,1.39,0.246635757280942,1,0.136,0.001814784,0.0001814784,1.814784
"110","cataula","10_20",68,18,14,11,1.72,0.210069553241103,1,0.045,0.00068886,6.8886e-05,0.68886
"111","cataula","20_40",36.7,13.5,49.8,4,1.51,0.215883238671701,1,0.071,0.001029216,0.0002058432,2.058432
"112","cataula","40_100",32.0333333333333,15.6,52.3666666666667,2.66666666666667,1.505,0.120208152801713,2,0.0333333333333333,0.000488288888888889,0.000292973333333333,2.92973333333333
"113","cecil","0_10",58.4710526315789,21.9894736842105,21.9684210526316,6.13157894736842,1.58571428571429,0.13226956602045,7,0.193060606060606,0.00287367808954205,0.000287367808954205,2.87367808954205
"114","cecil","10_20",53.74,20.095,29.655,5.6,1.64666666666667,0.102143689640297,3,0.0673333333333333,0.00104666524444445,0.000104666524444445,1.04666524444445
"115","cecil","20_40",46.504347826087,20.4652173913043,36.6217391304348,5.21739130434783,1.59083333333333,0.124568953766275,12,0.0398181818181818,0.000600391818181817,0.000120078363636363,1.20078363636363
"116","cecil","40_100",35.9277777777778,21.0986111111111,42.8472222222222,2.30555555555556,1.498,0.097689087900015,20,0.0298965517241379,0.000437524906321839,0.000262514943793103,2.62514943793103
"117","chandler","0_10",40.35,22.05,29.3,22,1.3509262485482,0.246635757280942,0,0.2475,0.0026079631228223,0.00026079631228223,2.6079631228223
"118","chandler","10_20",65,22,13,47,1.62,0.210069553241103,1,0.05,0.0004293,4.293e-05,0.4293
"119","chandler","20_40",44.2,18.4,37.4,10,1.50104635443921,0.215883238671701,0,0.049,0.000661961442307692,0.000132392288461538,1.32392288461538
"120","chandler","40_100",80.75,10.1,9.15,21.75,2.07666666666667,0.271538824725551,3,0.0236666666666667,0.000384581361111112,0.000230748816666667,2.30748816666667
"121","chestnut","0_10",34.7,48.6,14.6333333333333,3,1.3509262485482,0.246635757280942,0,1.325,0.0173627796094657,0.00173627796094657,17.3627796094657
"122","chestnut","10_20",46.7895312870223,30.4653139464118,15.1362533561418,2.95214027796427,1.5096443452381,0.210069553241103,0,0.6975,0.0102189157471165,0.00102189157471165,10.2189157471165
"123","chestnut","20_40",42.05,37.05,20.9,10,1.13,0.215883238671701,1,0.07,0.0007119,0.00014238,1.4238
"124","chestnut","40_100",65,29.3,5.7,1.66666666666667,1.45,0.0989949493661167,2,0.07,0.000998083333333333,0.00059885,5.9885
"125","chewacla","0_10",13.0714285714286,48.3571428571429,38.5714285714286,1.28571428571429,1.355,0.190918830920368,2,0.4114,0.00550279824285714,0.000550279824285714,5.50279824285714
"126","chewacla","10_20",12.45,41,46.55,0.5,1.5096443452381,0.210069553241103,0,0.143,0.00214799745662203,0.000214799745662203,2.14799745662203
"127","chewacla","20_40",11.45,48.925,39.625,3.5,1.48,0.0692820323027551,3,0.105,0.00149961,0.000299922,2.99922
"128","chewacla","40_100",15.65,46.3285714285714,38.0214285714286,0.5,1.53333333333333,0.118462370959446,3,0.0743,0.00113357033333333,0.000680142199999999,6.80142199999999
"129","clarksville","0_10",26.5863905325444,63.2307692307692,10.1786982248521,0.93491124260355,1.3509262485482,0.246635757280942,0,0.1765,0.00236209294685724,0.000236209294685724,2.36209294685724
"130","clarksville","10_20",24.1833333333333,65.2088235294118,10.6098039215686,0.235294117647059,1.5096443452381,0.210069553241103,0,0.08,0.00120487379271709,0.000120487379271709,1.20487379271709
"131","clarksville","20_40",24.6770491803279,62.575956284153,12.7448087431694,1.2568306010929,1.50104635443921,0.215883238671701,0,0.041,0.000607694105253212,0.000121538821050642,1.21538821050642
"132","clarksville","40_100",26.1935546875,46.393359375,27.41328125,1.05078125,2.04,0.0916515138991169,3,0.0543333333333333,0.001096753140625,0.000658051884375,6.58051884375
"133","clebit","0_10",57.1,28.5,14.4,10,1.48,0.246635757280942,1,NA,NA,NA,NA
"134","clebit","10_20",46.7895312870223,30.4653139464118,15.1362533561418,2.95214027796427,1.5096443452381,0.210069553241103,0,NA,NA,NA,NA
"135","clebit","20_40",56.5,30,13.5,14,1.51,0.215883238671701,1,NA,NA,NA,NA
"136","clebit","40_100",47.1527031434407,24.7802985973975,23.2730709428291,3.29052854268621,1.59451747615447,0.19649269329816,0,NA,NA,NA,NA
"137","clifton","0_10",36.05,35.75,28.2,11.375,1.29857142857143,0.108386433872598,7,0.230875,0.00265704555133929,0.000265704555133929,2.65704555133929
"138","clifton","10_20",27.4666666666667,37.0666666666667,35.4666666666667,2,1.53,0.0916515138991168,3,0.0675,0.001012095,0.0001012095,1.012095
"139","clifton","20_40",28.0125,31.425,40.5625,5.75,1.47166666666667,0.0820771994324043,6,0.0555,0.000769810437500002,0.0001539620875,1.539620875
"140","clifton","40_100",38.1909090909091,27.1363636363636,34.6727272727273,5.45454545454545,1.3935,0.106389304963076,20,0.0346470588235294,0.00045647185026738,0.000273883110160428,2.73883110160428
"141","congaree","0_10",48.2886660985049,31.5216808172776,14.2365984772959,2.55253239021966,1.3509262485482,0.246635757280942,0,NA,NA,NA,NA
"142","congaree","10_20",53.2,29,17.8,0,1.5096443452381,0.210069553241103,0,NA,NA,NA,NA
"143","congaree","20_40",44.6474010593,29.3694540148412,19.535668248824,2.4242495503916,1.50104635443921,0.215883238671701,0,NA,NA,NA,NA
"144","congaree","40_100",43.05,35.725,21.225,0,1.59451747615447,0.19649269329816,0,NA,NA,NA,NA
"145","cowarts","0_10",73.7916666666667,9.60833333333333,8.75,3.83333333333333,1.525,0.088881944173156,4,0.08225,0.00120623052083333,0.000120623052083333,1.20623052083333
"146","cowarts","10_20",79.2,10.26,10.54,3.4,1.65,0.0282842712474619,2,0.061625,0.000982240875,9.82240875e-05,0.982240875
"147","cowarts","20_40",65.7857142857143,8.22857142857143,23.6357142857143,5.42857142857143,1.66333333333333,0.091796877216312,6,0.041,0.000644945619047618,0.000128989123809524,1.28989123809524
"148","cowarts","40_100",61.2027777777778,6.44864864864865,31.6567567567568,2.75675675675676,1.70055555555556,0.108653373420044,18,0.0169,0.000279471138438439,0.000167682683063064,1.67682683063064
"149","cowee","0_10",67.2,20.6,12.2,20,1.33,0.246635757280942,1,0.088,0.00093632,9.3632e-05,0.93632
"150","cowee","10_20",46.7895312870223,30.4653139464118,15.1362533561418,2.95214027796427,1.5096443452381,0.210069553241103,0,0.0525,0.000769165701395866,7.69165701395866e-05,0.769165701395866
"151","cowee","20_40",62.8,18.6,18.6,17,1.64,0.215883238671701,1,0.017,0.000231404,4.62808e-05,0.462808
"152","cowee","40_100",78.9666666666667,9.6,11.4333333333333,18.3333333333333,1.83,0.395979797464466,2,0.014,0.00020923,0.000125538,1.25538
"153","craggey","0_10",60.075,33.2,23.625,6.75,0.76,0.10816653826392,3,0.789,0.005591643,0.0005591643,5.591643
"154","craggey","10_20",71.85,20.6,7.55,21,1.04,0.210069553241103,1,0.3505,0.002879708,0.0002879708,2.879708
"155","craggey","20_40",79.6666666666667,16.9,3.43333333333333,20.3333333333333,0.97,0.215883238671701,1,0.171666666666667,0.00132658277777778,0.000265316555555556,2.65316555555556
"156","craggey","40_100",68.1,23.5,8.4,20,1.59451747615447,0.19649269329816,0,0.236,0.00301044899497964,0.00180626939698778,18.0626939698778
"157","craven","0_10",23.3,67.2,9.5,0,1.45,0.014142135623731,2,0.0555,0.00080475,8.0475e-05,0.80475
"158","craven","10_20",25.9,63.9,10.2,0,1.62,0.210069553241103,1,0.025,0.000405,4.05e-05,0.405
"159","craven","20_40",15.0666666666667,57.7666666666667,27.1666666666667,0,1.58333333333333,0.153079500042734,3,0.0286666666666667,0.000453888888888888,9.07777777777776e-05,0.907777777777776
"160","craven","40_100",15.24,38.26,46.5,0,1.588,0.0402492235949962,5,0.034,0.00053992,0.000323952,3.23952
"161","cullasaja","0_10",58.7,29,12.3,57,0.925,0.0353553390593273,2,0.386,0.001535315,0.0001535315,1.535315
"162","cullasaja","10_20",55.3,23.7,21,51,0.84,0.210069553241103,1,0.618,0.002543688,0.0002543688,2.543688
"163","cullasaja","20_40",58.0666666666667,28.8,13.1333333333333,46.6666666666667,1.32666666666667,0.319426569548204,3,0.196,0.00138680888888889,0.000277361777777778,2.77361777777778
"164","cullasaja","40_100",63.9428571428571,23.8571428571429,12.2,58.8571428571429,1.54666666666667,0.185022521151706,3,0.06725,0.000427940571428572,0.000256764342857143,2.56764342857143
"165","davidson","0_10",47.1571428571429,23.3,29.5428571428571,1,1.59,0.12,3,0.157,0.002471337,0.0002471337,2.471337
"166","davidson","10_20",30.9333333333333,34.0333333333333,30.7,1.33333333333333,1.5096443452381,0.210069553241103,0,0.083,0.00123629807579365,0.000123629807579365,1.23629807579365
"167","davidson","20_40",40.1,20.9666666666667,38.9333333333333,0.666666666666667,1.5725,0.0206155281280883,4,0.0516,0.0008060006,0.00016120012,1.6120012
"168","davidson","40_100",27.2,16.3357142857143,56.4642857142857,0.785714285714286,1.57666666666667,0.104626319187223,6,0.0235,0.000367605464285715,0.000220563278571429,2.20563278571429
"169","dorovan","0_10",48.2886660985049,31.5216808172776,14.2365984772959,2.55253239021966,1.3509262485482,0.246635757280942,0,NA,NA,NA,NA
"170","dorovan","10_20",21,0.1,17.9,0,1.5096443452381,0.210069553241103,0,NA,NA,NA,NA
"171","dorovan","20_40",44.6474010593,29.3694540148412,19.535668248824,2.4242495503916,1.50104635443921,0.215883238671701,0,NA,NA,NA,NA
"172","dorovan","40_100",65.3,0.8,22.2,0,1.59451747615447,0.19649269329816,0,NA,NA,NA,NA
"173","dothan","0_10",74.3809523809524,14.13125,7.63125,1.8125,1.405,0.346482322781408,2,0.304142857142857,0.00419575526339286,0.000419575526339286,4.19575526339286
"174","dothan","10_20",78.5595238095238,13.047619047619,7.08095238095238,2.19047619047619,1.65666666666667,0.124525767079214,6,0.0809655172413793,0.00131194724904215,0.000131194724904215,1.31194724904215
"175","dothan","20_40",66.6610169491525,13.3305084745763,15.0779661016949,2.91525423728814,1.778,0.0834865258589673,5,0.0288684210526316,0.000498317094023193,9.96634188046387e-05,0.996634188046387
"176","dothan","40_100",55.375,12.6240740740741,27.6231481481481,3.31481481481481,1.636,0.068677992593455,25,0.0197,0.000311608617037037,0.000186965170222222,1.86965170222222
"177","duplin","0_10",37.2,23.2,9.4,0,1.3509262485482,0.246635757280942,0,NA,NA,NA,NA
"178","duplin","10_20",7.3,17.8,12,0,1.5096443452381,0.210069553241103,0,NA,NA,NA,NA
"179","duplin","20_40",52.9333333333333,21.7666666666667,24.9333333333333,0,1.50104635443921,0.215883238671701,0,NA,NA,NA,NA
"180","duplin","40_100",38.5,18.2857142857143,49.5714285714286,0,1.59451747615447,0.19649269329816,0,NA,NA,NA,NA
"181","edneyville","0_10",32.7,38.7,28.6,5,0.82,0.246635757280942,1,0.232,0.00180728,0.000180728,1.80728
"182","edneyville","10_20",36.5,34.2,29.3,2,1.19,0.210069553241103,1,0.036,0.000419832,4.19832e-05,0.419832
"183","edneyville","20_40",44.6474010593,29.3694540148412,19.535668248824,2.4242495503916,1.50104635443921,0.215883238671701,0,0.02275,0.000333209523223975,6.66419046447949e-05,0.666419046447949
"184","edneyville","40_100",66.5,24.24,9.26,0.6,1.075,0.0493288286231624,4,0.0095,0.00010151225,6.090735e-05,0.6090735
"185","enon","0_10",60.1,29.95,9.95,27.5,1.07,0.246635757280942,1,0.252,0.00195489,0.000195489,1.95489
"186","enon","10_20",46.3,40.6,13.1,29,1.48,0.210069553241103,1,0.054,0.000567432,5.67432e-05,0.567432
"187","enon","20_40",30.75,19.9,49.35,8,1.52,0.215883238671701,1,0.056,0.000783104,0.0001566208,1.566208
"188","enon","40_100",32.3857142857143,17.5285714285714,50.0857142857143,2.57142857142857,1.76333333333333,0.0873689494805411,3,0.04,0.000687196190476189,0.000412317714285714,4.12317714285714
"189","escambia","0_10",60.7333333333333,29.2666666666667,7.6,0,1.3509262485482,0.246635757280942,0,0.067,0.000905120586527294,9.05120586527294e-05,0.905120586527294
"190","escambia","10_20",48.525,31.9,6.7,0.5,1.33,0.210069553241103,1,0.067,0.0008866445,8.866445e-05,0.8866445
"191","escambia","20_40",49.56,29.92,9.44,0.6,1.7,0.215883238671701,1,0.013,0.000219674,4.39348e-05,0.439348
"192","escambia","40_100",57.0076923076923,29.0076923076923,15.3538461538462,0.615384615384615,1.78,0.0282842712474619,2,0.009,0.000159214153846154,9.55284923076923e-05,0.955284923076923
"193","estate","0_10",45.975,45.375,8.65,0,1.3509262485482,0.246635757280942,0,NA,NA,NA,NA
"194","estate","10_20",37.175,47.8,15.025,0,1.64,0.210069553241103,1,NA,NA,NA,NA
"195","estate","20_40",23.96,49.14,26.9,0,1.50104635443921,0.215883238671701,0,NA,NA,NA,NA
"196","estate","40_100",29.3923076923077,30,40.6076923076923,0,1.74,0.19649269329816,1,NA,NA,NA,NA
"197","esto","0_10",57.84,13.68,11.89,0,1.3509262485482,0.246635757280942,0,NA,NA,NA,NA
"198","esto","10_20",38.78,18.04,21.58,0,1.5096443452381,0.210069553241103,0,NA,NA,NA,NA
"199","esto","20_40",38.5363636363636,13.2272727272727,39.6,0,1.50104635443921,0.215883238671701,0,NA,NA,NA,NA
"200","esto","40_100",44.1565217391304,8.68695652173913,53.5130434782609,0,1.59451747615447,0.19649269329816,0,NA,NA,NA,NA
"201","evard","0_10",49.9,28.7,21.4,6,1.3509262485482,0.246635757280942,0,0.139,0.00176512023635308,0.000176512023635308,1.76512023635308
"202","evard","10_20",46.7895312870223,30.4653139464118,15.1362533561418,2.95214027796427,1.5096443452381,0.210069553241103,0,0.0905,0.00132589516145383,0.000132589516145383,1.32589516145383
"203","evard","20_40",40.6,32.8,26.6,4,1.49,0.215883238671701,1,0.042,0.000600768,0.0001201536,1.201536
"204","evard","40_100",42.05,26.35,31.6,4,1.555,0.0636396103067893,2,0.015,0.00022392,0.000134352,1.34352
"205","evergreen","0_10",48.2886660985049,31.5216808172776,14.2365984772959,2.55253239021966,1.3509262485482,0.246635757280942,0,NA,NA,NA,NA
"206","evergreen","10_20",46.7895312870223,30.4653139464118,15.1362533561418,2.95214027796427,1.5096443452381,0.210069553241103,0,NA,NA,NA,NA
"207","evergreen","20_40",56.1333333333333,4.9,4.2,0,1.50104635443921,0.215883238671701,0,NA,NA,NA,NA
"208","evergreen","40_100",44.9,1.45,1.75,0,1.59451747615447,0.19649269329816,0,NA,NA,NA,NA
"209","fannin","0_10",40.3833333333333,29.0833333333333,21.1,4.5,1.19,0.212132034355964,2,0.452666666666667,0.00514433033333333,0.000514433033333333,5.14433033333333
"210","fannin","10_20",61.55,18.7,19.75,13.5,1.305,0.0212132034355964,2,0.056,0.000632142,6.32142e-05,0.632142
"211","fannin","20_40",48.36,17.68,33.96,2.8,1.3075,0.0590903263374528,4,0.0534,0.00067865526,0.000135731052,1.35731052
"212","fannin","40_100",62.5631578947368,17.3736842105263,20.0631578947368,9.05263157894737,1.35818181818182,0.124082084268292,11,0.0270526315789474,0.000334162389322589,0.000200497433593554,2.00497433593554
"213","forestdale","0_10",14.2272727272727,52.6,33.1636363636364,0,1.595,0.141539158303748,4,0.095,0.00151525,0.000151525,1.51525
"214","forestdale","10_20",12.8125,52.2875,34.9,0,1.5096443452381,0.210069553241103,0,0.076,0.00114732970238096,0.000114732970238096,1.14732970238096
"215","forestdale","20_40",9.60769230769231,52.8,37.5923076923077,0,1.686,0.133341666406266,5,0.057,0.00096102,0.000192204,1.92204
"216","forestdale","40_100",12.1447368421053,44.3947368421053,43.4631578947368,0,1.70538461538462,0.08471672253412,13,0.0516666666666667,0.000881115384615387,0.000528669230769232,5.28669230769232
"217","foxworth","0_10",44.8055555555556,3.75,1.8,0,1.3509262485482,0.246635757280942,0,0.008,0.000108074099883856,1.08074099883856e-05,0.108074099883856
"218","foxworth","10_20",78.3222222222222,3.52222222222222,1.74444444444444,0,1.5096443452381,0.210069553241103,0,0.042,0.000634050625000002,6.34050625000002e-05,0.634050625000002
"219","foxworth","20_40",58.0875,4.1625,1.8125,0,1.50104635443921,0.215883238671701,0,0.026375,0.000395900975983342,7.91801951966683e-05,0.791801951966683
"220","foxworth","40_100",69.3025641025641,3.5325,2.055,0,1.795,0.00707106781186548,2,0.01075,0.0001929625,0.0001157775,1.157775
"221","fuquay","0_10",75.1590909090909,12.25,4.24090909090909,3.04545454545455,1.43,0.246635757280942,1,0.239583333333333,0.003321703125,0.0003321703125,3.321703125
"222","fuquay","10_20",77.2076923076923,9.32307692307692,3.96153846153846,5.69230769230769,1.805,0.106066017177982,2,0.0381,0.000648558715384615,6.48558715384615e-05,0.648558715384615
"223","fuquay","20_40",65.6533333333333,11.1866666666667,5.38666666666667,7.2,1.69,0.215883238671701,1,0.0204285714285714,0.000320385371428571,6.40770742857143e-05,0.640770742857143
"224","fuquay","40_100",67.2641509433962,9.54339622641509,13.9320754716981,1.75471698113208,1.704,0.045752959831396,10,0.0174,0.000291293334339623,0.000174776000603774,1.74776000603774
"225","glenmora","0_10",43.3,50.9,5.8,0,1.42,0.246635757280942,1,0.085,0.001207,0.0001207,1.207
"226","glenmora","10_20",46.7895312870223,30.4653139464118,15.1362533561418,2.95214027796427,1.5096443452381,0.210069553241103,0,0.058,0.000849744965351623,8.49744965351623e-05,0.849744965351623
"227","glenmora","20_40",35.7,52.1,12.2,1,1.59,0.215883238671701,1,0.031,0.000487971,9.75942e-05,0.975942
"228","glenmora","40_100",30.15,51.2,18.65,2,1.635,0.0353553390593273,2,0.0245,0.0003925635,0.0002355381,2.355381
"229","goldsboro","0_10",64.5333333333333,28.7,10,0,1.38,0.246635757280942,1,0.337,0.0046506,0.00046506,4.6506
"230","goldsboro","10_20",74.78,18.88,6.34,0.2,1.5096443452381,0.210069553241103,0,0.057,0.000858776282232146,8.58776282232146e-05,0.858776282232146
"231","goldsboro","20_40",61.5916666666667,26.8666666666667,11.5416666666667,0.166666666666667,1.55,0.062449979983984,3,0.0195,0.00030174625,6.034925e-05,0.6034925
"232","goldsboro","40_100",56.004,22.38,21.62,0.2,1.668,0.0396232255123179,5,0.0181666666666667,0.00030241396,0.000181448376,1.81448376
"233","greenville","0_10",64.2727272727273,17.5272727272727,20.4818181818182,0,1.765,0.109498858441538,6,0.094,0.0016591,0.00016591,1.6591
"234","greenville","10_20",51.3,24.32,24.38,0,1.69,0.0707106781186548,2,0.071,0.0011999,0.00011999,1.1999
"235","greenville","20_40",45.08,16.9333333333333,40.22,0,1.6375,0.0747854072854935,8,0.0255,0.0004175625,8.35125e-05,0.835125
"236","greenville","40_100",41.9485714285714,14.68,43.0828571428571,0,1.62611111111111,0.0825433140406324,18,0.011,0.000178872222222222,0.000107323333333333,1.07323333333333
"237","guyton","0_10",29.45,54.3666666666667,15.9666666666667,0,1.4525,0.097082439194738,4,0.248,0.0036022,0.00036022,3.6022
"238","guyton","10_20",20.65,59.5,19.85,0,1.655,0.120208152801713,2,0.1045,0.001729475,0.0001729475,1.729475
"239","guyton","20_40",21.06,64.76,14.18,0,1.58,0.0724568837309472,5,0.0492,0.00077736,0.000155472,1.55472
"240","guyton","40_100",19.3916666666667,57.5333333333333,23.075,0.25,1.646,0.135088448391744,10,0.0423,0.000694517355,0.000416710413,4.16710413
"241","gwinnett","0_10",48.6333333333333,31,20.3666666666667,0,1.3509262485482,0.246635757280942,0,NA,NA,NA,NA
"242","gwinnett","10_20",46.7895312870223,30.4653139464118,15.1362533561418,2.95214027796427,1.5096443452381,0.210069553241103,0,NA,NA,NA,NA
"243","gwinnett","20_40",26,35.6,38.4,0,1.50104635443921,0.215883238671701,0,NA,NA,NA,NA
"244","gwinnett","40_100",37.55,20.75,41.7,0,1.59451747615447,0.19649269329816,0,NA,NA,NA,NA
"245","hard labor","0_10",75.3,17.9,6.8,0,1.3509262485482,0.246635757280942,0,NA,NA,NA,NA
"246","hard labor","10_20",79.9,15.3,4.8,0,1.5096443452381,0.210069553241103,0,NA,NA,NA,NA
"247","hard labor","20_40",75.9,18.1,6,0,1.50104635443921,0.215883238671701,0,NA,NA,NA,NA
"248","hard labor","40_100",36.75,14,49.25,0,1.59451747615447,0.19649269329816,0,NA,NA,NA,NA
"249","harleston","0_10",67.8333333333333,27.5666666666667,4.6,0.333333333333333,1.28,0.246635757280942,1,NA,NA,NA,NA
"250","harleston","10_20",44.5,45,10.5,2,1.49,0.210069553241103,1,NA,NA,NA,NA
"251","harleston","20_40",53.45,34.9,11.65,0.25,1.565,0.0494974746830584,2,NA,NA,NA,NA
"252","harleston","40_100",55.775,27.2375,16.9875,0.375,1.7,0.03,3,NA,NA,NA,NA
"253","helena","0_10",76.75,32.45,11.3,0,1.3509262485482,0.246635757280942,0,0.044,0.000594407549361208,5.94407549361208e-05,0.594407549361208
"254","helena","10_20",46.7895312870223,30.4653139464118,15.1362533561418,2.95214027796427,1.5096443452381,0.210069553241103,0,0.04,0.000586031010587326,5.86031010587326e-05,0.586031010587326
"255","helena","20_40",27.4,31.6,17.75,0,1.50104635443921,0.215883238671701,0,0.036,0.000540376687598116,0.000108075337519623,1.08075337519623
"256","helena","40_100",21.875,20.575,48.175,0,1.59451747615447,0.19649269329816,0,0.045,0.000717532864269512,0.000430519718561707,4.30519718561707
"257","hemphill","0_10",48.2886660985049,31.5216808172776,14.2365984772959,2.55253239021966,1.3509262485482,0.246635757280942,0,0.2645,0.00348199284189554,0.000348199284189554,3.48199284189554
"258","hemphill","10_20",26.3,37.2,36.5,0,1.53,0.15556349186104,2,0.2645,0.00404685,0.000404685,4.04685
"259","hemphill","20_40",8.8,33.8,57.4,0,1.64,0.215883238671701,1,0.132,0.0021648,0.00043296,4.3296
"260","hemphill","40_100",35.5857142857143,35.3142857142857,29.1,0,1.45571428571429,0.11355720186425,7,0.0928,0.00135090285714286,0.000810541714285717,8.10541714285717
"261","hiwassee","0_10",31.3769230769231,29.2,39.4230769230769,1.46153846153846,1.60333333333333,0.159457413332421,6,0.1296,0.0020475504,0.00020475504,2.0475504
"262","hiwassee","10_20",57.1,22.525,20.375,3.25,1.645,0.0881286937760152,4,0.069,0.001098160875,0.0001098160875,1.098160875
"263","hiwassee","20_40",23.7066666666667,22.0066666666667,54.2866666666667,1.13333333333333,1.625,0.0808879295250975,8,0.0715384615384615,0.001149325,0.000229865,2.29865
"264","hiwassee","40_100",22.7269230769231,23.0730769230769,55.0192307692308,0.846153846153846,1.56769230769231,0.0953199739608516,13,0.0418,0.000649750577514794,0.000389850346508876,3.89850346508876
"265","hurricane","0_10",46.3666666666667,3.52631578947368,1.56315789473684,0,1.3509262485482,0.246635757280942,0,0.072,0.000972666898954704,9.72666898954704e-05,0.972666898954704
"266","hurricane","10_20",62.3428571428571,3.44285714285714,1.3,0,1.5096443452381,0.210069553241103,0,0.0531666666666667,0.000802627576884923,8.02627576884923e-05,0.802627576884923
"267","hurricane","20_40",56.68,4.65454545454545,1.80909090909091,0,1.50104635443921,0.215883238671701,0,0.0343333333333333,0.000515359248357462,0.000103071849671492,1.03071849671492
"268","hurricane","40_100",51.8738095238095,3.25581395348837,1.62790697674419,0,1.59451747615447,0.19649269329816,0,0.0155,0.000247150208803943,0.000148290125282366,1.48290125282366
"269","kingsferry","0_10",46.6,4.3,1.1,0,1.3509262485482,0.246635757280942,0,NA,NA,NA,NA
"270","kingsferry","10_20",55.8,3.6,1.3,0,1.5096443452381,0.210069553241103,0,NA,NA,NA,NA
"271","kingsferry","20_40",32.4,5.5,1.4,0,1.50104635443921,0.215883238671701,0,NA,NA,NA,NA
"272","kingsferry","40_100",67.22,4.6,2.52,0,1.59451747615447,0.19649269329816,0,NA,NA,NA,NA
"273","kinston","0_10",1.3,40.6,46.3,0,1.3509262485482,0.246635757280942,0,NA,NA,NA,NA
"274","kinston","10_20",21.1,33.7,29.3,0,1.5096443452381,0.210069553241103,0,NA,NA,NA,NA
"275","kinston","20_40",44.6474010593,29.3694540148412,19.535668248824,2.4242495503916,1.50104635443921,0.215883238671701,0,NA,NA,NA,NA
"276","kinston","40_100",41.05,34.15,32.7,0,1.59451747615447,0.19649269329816,0,NA,NA,NA,NA
"277","kolin","0_10",33.9333333333333,57.8666666666667,8.2,0,1.435,0.0494974746830584,2,0.056,0.0008036,8.036e-05,0.8036
"278","kolin","10_20",23.1,64.6,12.3,0,1.53,0.210069553241103,1,0.038,0.0005814,5.814e-05,0.5814
"279","kolin","20_40",26.8666666666667,57.1333333333333,16,0.333333333333333,1.56,0.215883238671701,1,0.026,0.000404248,8.08496e-05,0.808496
"280","kolin","40_100",20.1545454545455,51.7818181818182,28.0636363636364,0.545454545454545,1.706,0.105261578935526,5,0.0388333333333333,0.000658883048484849,0.000395329829090909,3.95329829090909
"281","lakeland","0_10",65.7052631578947,4.18421052631579,2.32631578947368,0,1.3509262485482,0.246635757280942,0,0.0145,0.000195884306039489,1.95884306039489e-05,0.195884306039489
"282","lakeland","10_20",42.3857142857143,5.55714285714286,2.45714285714286,0,1.5096443452381,0.210069553241103,0,0.0214285714285714,0.000323495216836736,3.23495216836736e-05,0.323495216836736
"283","lakeland","20_40",63.5625,4.87777777777778,3.25555555555556,0,1.50104635443921,0.215883238671701,0,0.0283571428571429,0.000425653859080262,8.51307718160523e-05,0.851307718160523
"284","lakeland","40_100",75.0088888888889,4.51333333333333,3.22888888888889,0,1.59451747615447,0.19649269329816,0,0.0352857142857143,0.000562636880871649,0.000337582128522989,3.37582128522989
"285","latonia","0_10",58.7,36,5.3,1,1.51,0.246635757280942,1,0.099,0.001479951,0.0001479951,1.479951
"286","latonia","10_20",46.7895312870223,30.4653139464118,15.1362533561418,2.95214027796427,1.5096443452381,0.210069553241103,0,0.05925,0.000868058434432477,8.68058434432477e-05,0.868058434432477
"287","latonia","20_40",52.95,35.9,11.15,0,1.58,0,2,0.0195,0.0003081,6.162e-05,0.6162
"288","latonia","40_100",51.3666666666667,32.7333333333333,15.9,0.666666666666667,1.65333333333333,0.0305505046330388,3,0.0133333333333333,0.000218974814814814,0.000131384888888889,1.31384888888889
"289","leadvale","0_10",23.6461538461538,63.9,12.4615384615385,0,1.3509262485482,0.246635757280942,0,NA,NA,NA,NA
"290","leadvale","10_20",21.3333333333333,63.6666666666667,15,0,1.5096443452381,0.210069553241103,0,NA,NA,NA,NA
"291","leadvale","20_40",15.575,62.75,21.6833333333333,0,1.50104635443921,0.215883238671701,0,NA,NA,NA,NA
"292","leadvale","40_100",16.4655172413793,55.3344827586207,28.2034482758621,0,1.59451747615447,0.19649269329816,0,NA,NA,NA,NA
"293","leefield","0_10",38.7666666666667,8.31666666666667,5.63333333333333,0,1.3509262485482,0.246635757280942,0,NA,NA,NA,NA
"294","leefield","10_20",56.58,7.98,5.02,0,1.5096443452381,0.210069553241103,0,NA,NA,NA,NA
"295","leefield","20_40",33.8571428571429,10.7875,5.25,0,1.50104635443921,0.215883238671701,0,NA,NA,NA,NA
"296","leefield","40_100",52.0571428571429,8.46111111111111,11.4777777777778,0,1.59451747615447,0.19649269329816,0,0.0175,0.000279040558327032,0.000167424334996219,1.67424334996219
"297","lenoir","0_10",14.0333333333333,52.6333333333333,33.3333333333333,0,1.41,0,2,0.229,0.0032289,0.00032289,3.2289
"298","lenoir","10_20",6,45.2,48.8,0,1.61,0.210069553241103,1,0.176,0.0028336,0.00028336,2.8336
"299","lenoir","20_40",16.5,48.55,34.95,0,1.47,0.215883238671701,1,0.094,0.0013818,0.00027636,2.7636
"300","lenoir","40_100",7.74285714285714,46.4714285714286,45.7857142857143,0,1.486,0.0702139587261679,5,0.112,0.00166432,0.000998592,9.98592
"301","leon","0_10",50.95,8.12916666666667,1.325,0,1.05,0.29698484809835,2,0.513,0.0053865,0.00053865,5.3865
"302","leon","10_20",68.85,4.9125,0.6125,0,1.5096443452381,0.210069553241103,0,0.022,0.000332121755952382,3.32121755952382e-05,0.332121755952382
"303","leon","20_40",64.9035714285714,3.72142857142857,1.00357142857143,0,1.47666666666667,0.21594752448994,3,0.049,0.000723566666666668,0.000144713333333334,1.44713333333334
"304","leon","40_100",64.0475,4.40740740740741,2.3,0,1.45,0.321403173599764,3,0.031,0.0004495,0.0002697,2.697
"305","lexington","0_10",19.16,67.86,12.98,0,1.3509262485482,0.246635757280942,0,0.2225,0.00300581090301975,0.000300581090301975,3.00581090301975
"306","lexington","10_20",6.45,65.45,28.1,0,1.5096443452381,0.210069553241103,0,0.16675,0.00251733194568453,0.000251733194568453,2.51733194568453
"307","lexington","20_40",7.825,59.825,32.35,0,1.50104635443921,0.215883238671701,0,0.111,0.00166616145342752,0.000333232290685505,3.33232290685505
"308","lexington","40_100",24.5272727272727,52.9818181818182,22.4909090909091,0,1.59451747615447,0.19649269329816,0,0.0316666666666667,0.000504930534115582,0.000302958320469349,3.02958320469349
"309","lily","0_10",43.6695652173913,43.9326086956522,11.1130434782609,1.1304347826087,1.39333333333333,0.300222139978605,3,0.8766,0.0120758891478261,0.00120758891478261,12.0758891478261
"310","lily","10_20",43.1093023255814,44.2767441860465,12.6186046511628,2.23255813953488,1.35833333333333,0.128127540625217,6,0.113,0.00150064875968992,0.000150064875968992,1.50064875968992
"311","lily","20_40",41.4625,39.3395833333333,19.1958333333333,1.6875,1.55875,0.122408858222878,8,0.0546666666666667,0.000837737197916667,0.000167547439583333,1.67547439583333
"312","lily","40_100",51.4365384615385,28.2048076923077,20.3586538461538,1.27884615384615,1.65714285714286,0.112552795914326,14,0.0272666666666667,0.000446069183150184,0.00026764150989011,2.6764150989011
"313","lloyd","0_10",58.725,20.675,20.6,7.25,1.415,0.558614357137373,2,0.219666666666667,0.00288293279166667,0.000288293279166667,2.88293279166667
"314","lloyd","10_20",50.65,24.05,25.3,11,1.51,0.210069553241103,1,0.122,0.001639558,0.0001639558,1.639558
"315","lloyd","20_40",35.6,20.6571428571429,43.7428571428571,2.42857142857143,1.57,0.254558441227157,2,0.0801666666666667,0.00122805026190476,0.000245610052380952,2.45610052380952
"316","lloyd","40_100",33.81,23.39,42.8,1.7,1.558,0.228516957795259,5,0.0397368421052632,0.0006085753,0.00036514518,3.6514518
"317","louisburg","0_10",65.2,27.8,7,0,1.3509262485482,0.246635757280942,0,NA,NA,NA,NA
"318","louisburg","10_20",46.7895312870223,30.4653139464118,15.1362533561418,2.95214027796427,1.5096443452381,0.210069553241103,0,NA,NA,NA,NA
"319","louisburg","20_40",60.2,30.9,8.9,0,1.50104635443921,0.215883238671701,0,NA,NA,NA,NA
"320","louisburg","40_100",62.4,24.6333333333333,12.9666666666667,0,1.59451747615447,0.19649269329816,0,NA,NA,NA,NA
"321","lucy","0_10",71.9,7.88571428571429,4.21428571428571,1.85714285714286,1.3509262485482,0.246635757280942,0,0.07,0.000928086332752614,9.28086332752614e-05,0.928086332752614
"322","lucy","10_20",73.3,5.65,5.45,0,1.58,0.210069553241103,1,0.037,0.0005846,5.846e-05,0.5846
"323","lucy","20_40",59.0428571428571,8.75714285714286,6.37142857142857,0.142857142857143,1.50104635443921,0.215883238671701,0,0.03,0.000449670600751289,8.99341201502578e-05,0.899341201502578
"324","lucy","40_100",61.7863636363636,7.00909090909091,13.7954545454545,0.0454545454545455,1.616,0.0512835256198323,5,0.0146666666666667,0.0002369056,0.00014214336,1.4214336
"325","lynchburg","0_10",52.36,27.4,10.38,0,1.33,0.29698484809835,2,NA,NA,NA,NA
"326","lynchburg","10_20",74.02,21.9,7.8,0,1.7,0.0565685424949239,2,NA,NA,NA,NA
"327","lynchburg","20_40",56.32,18.9,9.27,0,1.71,0.0989949493661167,2,NA,NA,NA,NA
"328","lynchburg","40_100",61.5529411764706,16.3294117647059,17.8058823529412,0,1.816,0.0931665175908169,5,NA,NA,NA,NA
"329","madison","0_10",59.84,19.96,20.2,4.4,1.35,0.306104557300279,3,0.27275,0.0035201115,0.00035201115,3.5201115
"330","madison","10_20",49.45,21.5666666666667,28.9833333333333,4.5,1.765,0.0212132034355964,2,0.08525,0.0014369526875,0.00014369526875,1.4369526875
"331","madison","20_40",37.65,18.1333333333333,44.2166666666667,0.833333333333333,1.47666666666667,0.0929157324317756,3,0.05075,0.00074316326388889,0.000148632652777778,1.48632652777778
"332","madison","40_100",41.00625,17.0875,41.90625,0.25,1.46444444444444,0.07650344945019,9,0.0398888888888889,0.000582690240740739,0.000349614144444443,3.49614144444443
"333","malbis","0_10",60.0388888888889,31.9444444444444,6.41666666666667,1,1.58666666666667,0.108750478926148,6,0.0556666666666667,0.000874412000000002,8.74412000000002e-05,0.874412000000002
"334","malbis","10_20",58.26875,33.7875,7.23125,1.5,1.63857142857143,0.162729691147474,7,0.0391818181818182,0.000632391746753247,6.32391746753247e-05,0.632391746753247
"335","malbis","20_40",53.3095238095238,31.7619047619048,17.0047619047619,1.57142857142857,1.67,0.0616441400296898,9,0.0203636363636364,0.000334728727272727,6.69457454545455e-05,0.669457454545455
"336","malbis","40_100",45.630985915493,29.369014084507,24.5154929577465,1.74647887323944,1.72321428571429,0.0730830867310459,28,0.0189,0.000319999436619719,0.000191999661971831,1.91999661971831
"337","mantachie","0_10",44.425,31.2083333333333,24.375,0.583333333333333,1.55,0.0294392028877595,4,0.289428571428571,0.00445997369047619,0.000445997369047619,4.45997369047619
"338","mantachie","10_20",43.1125,35.275,21.6125,1.5,1.635,0.0777817459305201,2,0.0946666666666667,0.001524583,0.0001524583,1.524583
"339","mantachie","20_40",54.4727272727273,27.8909090909091,17.6363636363636,1.45454545454545,1.595,0.106160256216722,6,0.0541666666666667,0.000851391666666667,0.000170278333333333,1.70278333333333
"340","mantachie","40_100",56.19375,24.603125,19.203125,1.5,1.61384615384615,0.12692113440627,13,0.0412777777777778,0.00065616743162393,0.000393700458974358,3.93700458974358
"341","mascotte","0_10",33.05,6,2.4,0,1.3509262485482,0.246635757280942,0,NA,NA,NA,NA
"342","mascotte","10_20",63.6,4,2.7,0,1.5096443452381,0.210069553241103,0,NA,NA,NA,NA
"343","mascotte","20_40",28.05,4.6,1.15,0,1.50104635443921,0.215883238671701,0,NA,NA,NA,NA
"344","mascotte","40_100",42.5555555555556,5.32,11.36,0,1.59451747615447,0.19649269329816,0,NA,NA,NA,NA
"345","mattex","0_10",11.5,58,30.5,0,1.24,0.246635757280942,1,0.2,0.00248,0.000248,2.48
"346","mattex","10_20",46.7895312870223,30.4653139464118,15.1362533561418,2.95214027796427,1.5096443452381,0.210069553241103,0,0.16275,0.00238441367432718,0.000238441367432718,2.38441367432718
"347","mattex","20_40",23.3,46.25,30.45,0.5,1.47,0.0565685424949239,2,0.1255,0.00183562575,0.00036712515,3.6712515
"348","mattex","40_100",46.3,37.35,16.35,2,1.715,0.0212132034355964,2,0.035,0.000588245,0.000352947,3.52947
"349","mclaurin","0_10",53.2,40.6,6.2,0,1.4,0.246635757280942,1,0.064,0.000896,8.96e-05,0.896
"350","mclaurin","10_20",56.9,39,4.1,0,1.59,0.210069553241103,1,0.038,0.0006042,6.042e-05,0.6042
"351","mclaurin","20_40",50.4,39.5,10.1,0,1.62,0.215883238671701,1,0.02,0.000324,6.48e-05,0.648
"352","mclaurin","40_100",46.7,38.3,15,0,1.6,0.19649269329816,1,0.012,0.000192,0.0001152,1.152
"353","mecklenburg","0_10",39.8333333333333,28.6,31.5666666666667,1.66666666666667,1.61,0.0424264068711927,2,0.136,0.00215310666666667,0.000215310666666667,2.15310666666667
"354","mecklenburg","10_20",40.7,33.9,25.4,0,1.5096443452381,0.210069553241103,0,0.108,0.00163041589285715,0.000163041589285715,1.63041589285715
"355","mecklenburg","20_40",21.2,21.15,57.65,0,1.41,0.215883238671701,1,0.08,0.001128,0.0002256,2.256
"356","mecklenburg","40_100",25.36,33.84,40.8,0.1,1.346,0.146901327427631,5,0.04625,0.000621902475,0.000373141485,3.73141485
"357","meggett","0_10",69.0333333333333,21.7166666666667,8.13333333333333,0,1.37,0.113137084989848,2,0.0895,0.00122615,0.000122615,1.22615
"358","meggett","10_20",62.7,22.3666666666667,8.2,0,1.515,0.0494974746830584,2,0.055,0.00083325,8.3325e-05,0.83325
"359","meggett","20_40",48.25,18.65,20.8166666666667,0,1.7,0.0565685424949239,2,0.0565,0.0009605,0.0001921,1.921
"360","meggett","40_100",46.3285714285714,18.75,42.9642857142857,0.857142857142857,1.75,0.0707106781186548,5,0.085,0.00147475,0.00088485,8.8485
"361","moko","0_10",29.2196428571429,44.3776785714286,26.4017857142857,0.267857142857143,1.29,0.246635757280942,1,NA,NA,NA,NA
"362","moko","10_20",32.4105263157895,40.5157894736842,27.0754385964912,0.508771929824561,1.37,0.210069553241103,1,NA,NA,NA,NA
"363","moko","20_40",29.99,42.65,27.356,0.66,1.52,0.215883238671701,1,NA,NA,NA,NA
"364","moko","40_100",46.1,33.075,20.825,0,1.47,0.19649269329816,1,NA,NA,NA,NA
"365","mollville","0_10",39.7333333333333,46.3,13.9666666666667,0,1.335,0.388908729652601,2,0.288,0.0038448,0.00038448,3.8448
"366","mollville","10_20",61.9,28,10.1,0,1.57,0.0282842712474619,2,0.085,0.0013345,0.00013345,1.3345
"367","mollville","20_40",46.525,37.225,16.25,0,1.7125,0.199895806192459,4,0.043,0.000736375,0.000147275,1.47275
"368","mollville","40_100",49.4555555555556,31.0111111111111,19.5333333333333,0.111111111111111,1.65777777777778,0.158727579344122,9,0.043,0.000712052395061729,0.000427231437037038,4.27231437037037
"369","nikwasi","0_10",70,17.5,12.5,0,0.96,0.246635757280942,1,0.309,0.0029664,0.00029664,2.9664
"370","nikwasi","10_20",46.7895312870223,30.4653139464118,15.1362533561418,2.95214027796427,1.5096443452381,0.210069553241103,0,0.2025,0.00296678199109834,0.000296678199109834,2.96678199109834
"371","nikwasi","20_40",80.1,13.6,6.3,5,1.24,0.215883238671701,1,0.096,0.00113088,0.000226176,2.26176
"372","nikwasi","40_100",92.6666666666667,4.66666666666667,2.66666666666667,34,1.325,0.00707106781186548,2,0.074,0.00064713,0.000388278,3.88278
"373","nixa","0_10",21.9785714285714,68.2535714285714,9.75714285714286,2.39285714285714,1.3509262485482,0.246635757280942,0,NA,NA,NA,NA
"374","nixa","10_20",19.2875,70.8875,9.8375,4.9375,1.5096443452381,0.210069553241103,0,NA,NA,NA,NA
"375","nixa","20_40",22.6,66.0774193548387,11.3322580645161,2.41935483870968,1.50104635443921,0.215883238671701,0,NA,NA,NA,NA
"376","nixa","40_100",22.3758620689655,47.9954022988506,29.6310344827586,1.64367816091954,1.96,0.212132034355964,2,NA,NA,NA,NA
"377","noark","0_10",17.9860465116279,71.5581395348837,10.4581395348837,0,1.3509262485482,0.246635757280942,0,NA,NA,NA,NA
"378","noark","10_20",16.5272727272727,73.5045454545455,9.95909090909091,0,1.5096443452381,0.210069553241103,0,NA,NA,NA,NA
"379","noark","20_40",14.056,67.232,18.718,0.74,1.50104635443921,0.215883238671701,0,NA,NA,NA,NA
"380","noark","40_100",13.0622807017544,38.480701754386,48.4605263157895,0.771929824561403,1.44,0.19649269329816,1,NA,NA,NA,NA
"381","norfolk","0_10",76.7230769230769,13.1,4.5,0.153846153846154,1.735,0.0443471156521669,4,0.0875,0.00151578942307692,0.000151578942307692,1.51578942307692
"382","norfolk","10_20",82.6230769230769,12.0153846153846,4.52307692307692,0,1.72,0.0565685424949239,2,0.0345,0.0005934,5.934e-05,0.5934
"383","norfolk","20_40",68.3,13.5086956521739,10.9565217391304,0.260869565217391,1.774,0.0622896460095898,5,0.0241666666666667,0.000427598275362319,8.55196550724638e-05,0.855196550724638
"384","norfolk","40_100",63.2137931034483,11.4120689655172,25.4137931034483,0.413793103448276,1.70833333333333,0.0649207661873529,18,0.0154285714285714,0.000262480788177339,0.000157488472906404,1.57488472906404
"385","ocilla","0_10",64.4272727272727,8.90909090909091,2.93636363636364,0,1.3509262485482,0.246635757280942,0,NA,NA,NA,NA
"386","ocilla","10_20",52.4,6.6,3.4,0,1.5096443452381,0.210069553241103,0,NA,NA,NA,NA
"387","ocilla","20_40",55.2416666666667,8.175,3.31666666666667,0,1.50104635443921,0.215883238671701,0,NA,NA,NA,NA
"388","ocilla","40_100",51.8027777777778,9.11842105263158,12.9078947368421,0,1.59451747615447,0.19649269329816,0,0.018,0.000287013145707805,0.000172207887424683,1.72207887424683
"389","olustee","0_10",36.025,7.75,2.225,0,1.3509262485482,0.246635757280942,0,NA,NA,NA,NA
"390","olustee","10_20",46.7895312870223,30.4653139464118,15.1362533561418,2.95214027796427,1.5096443452381,0.210069553241103,0,NA,NA,NA,NA
"391","olustee","20_40",46.86,5.4,3.1,0,1.50104635443921,0.215883238671701,0,NA,NA,NA,NA
"392","olustee","40_100",52.8818181818182,5.21818181818182,9.81818181818182,0,1.59451747615447,0.19649269329816,0,NA,NA,NA,NA
"393","orangeburg","0_10",69.8076923076923,13.1230769230769,7.66538461538462,0.192307692307692,1.76333333333333,0.185022521151706,3,0.0602,0.00105948526923077,0.000105948526923077,1.05948526923077
"394","orangeburg","10_20",68.4473684210526,12.0947368421053,8.32631578947368,0.842105263157895,1.83,0.210069553241103,1,0.0305,0.000553449789473684,5.53449789473684e-05,0.553449789473684
"395","orangeburg","20_40",66.3588235294118,13.4114285714286,14.8342857142857,0.257142857142857,1.73111111111111,0.0964940988408675,9,0.0263333333333333,0.000454687049735449,9.09374099470899e-05,0.909374099470899
"396","orangeburg","40_100",56.6493670886076,10.6625,26.32125,0.575,1.683125,0.0878421880419653,16,0.0198846153846154,0.000332758505829327,0.000199655103497596,1.99655103497596
"397","ouachita","0_10",48.2886660985049,31.5216808172776,14.2365984772959,2.55253239021966,1.3509262485482,0.246635757280942,0,0.183,0.00240909145582943,0.000240909145582943,2.40909145582943
"398","ouachita","10_20",16.6,60.7,22.7,1,1.54,0.210069553241103,1,0.183,0.002790018,0.0002790018,2.790018
"399","ouachita","20_40",17.9,60,22.1,0,1.46,0.215883238671701,1,0.061,0.0008906,0.00017812,1.7812
"400","ouachita","40_100",20.9,58,21.1,0,1.56,0.19649269329816,1,0.02,0.000312,0.0001872,1.872
"401","pacolet","0_10",60.1285714285714,19.9714285714286,19.9,10.2857142857143,1.16,0.0888819441731559,3,0.0648333333333333,0.000674711238095238,6.74711238095238e-05,0.674711238095238
"402","pacolet","10_20",46.7895312870223,30.4653139464118,15.1362533561418,2.95214027796427,1.5096443452381,0.210069553241103,0,0.0482916666666667,0.000707510355490324,7.07510355490324e-05,0.707510355490324
"403","pacolet","20_40",50.52,20.96,28.52,12.6,1.4325,0.177270979012358,4,0.03175,0.0003975115875,7.95023175e-05,0.795023175
"404","pacolet","40_100",45.7,15.4642857142857,38.8357142857143,7.14285714285714,1.60272727272727,0.269224475450911,11,0.027,0.000401826623376623,0.000241095974025974,2.41095974025974
"405","pamlico","0_10",48.2886660985049,31.5216808172776,14.2365984772959,2.55253239021966,1.3509262485482,0.246635757280942,0,2.096,0.0275926540514672,0.00275926540514672,27.5926540514672
"406","pamlico","10_20",9.15000000000001,34.9,26.45,0,1.5096443452381,0.210069553241103,0,2.096,0.0316421454761906,0.00316421454761906,31.6421454761906
"407","pamlico","20_40",68.45,28.95,2.6,0,1.50104635443921,0.215883238671701,0,0.5015,0.00752774746751264,0.00150554949350253,15.0554949350253
"408","pamlico","40_100",78.8066666666667,5.56666666666667,2.62666666666667,0,1.59451747615447,0.19649269329816,0,0.0278333333333333,0.000443807364196328,0.000266284418517796,2.66284418517796
"409","pantego","0_10",48.2886660985049,31.5216808172776,14.2365984772959,2.55253239021966,1.3509262485482,0.246635757280942,0,NA,NA,NA,NA
"410","pantego","10_20",38.4,26.9,19.7,0,1.5096443452381,0.210069553241103,0,NA,NA,NA,NA
"411","pantego","20_40",26.65,31.65,16.45,0,1.50104635443921,0.215883238671701,0,NA,NA,NA,NA
"412","pantego","40_100",47.925,28.225,18.95,0,1.59451747615447,0.19649269329816,0,NA,NA,NA,NA
"413","pelham","0_10",67.0181818181818,8.90909090909091,4.19090909090909,0.0909090909090909,1.6,0.246635757280942,1,0.07575,0.00121089818181818,0.000121089818181818,1.21089818181818
"414","pelham","10_20",31.2,7,2.2,0,1.5096443452381,0.210069553241103,0,0.0485,0.000732177507440479,7.32177507440479e-05,0.732177507440479
"415","pelham","20_40",60.9,9.24,3.54,0,1.65,0.215883238671701,1,0.02125,0.000350625,7.0125e-05,0.70125
"416","pelham","40_100",63.6935483870968,8.23870967741935,11.3387096774194,0.032258064516129,1.8,0.0360555127546399,3,0.0136363636363636,0.000245375366568915,0.000147225219941349,1.47225219941349
"417","plott","0_10",46.2,37.3,16.5,2,0.95,0.246635757280942,1,0.557,0.00518567,0.000518567,5.18567
"418","plott","10_20",46.7895312870223,30.4653139464118,15.1362533561418,2.95214027796427,1.5096443452381,0.210069553241103,0,0.375,0.00549404072425618,0.000549404072425619,5.49404072425619
"419","plott","20_40",46.9,40.7,12.4,8,0.96,0.215883238671701,1,0.193,0.001704576,0.0003409152,3.409152
"420","plott","40_100",56.9666666666667,29.3666666666667,13.6666666666667,9.33333333333333,1.18666666666667,0.128970280814354,3,0.078,0.000839210666666669,0.000503526400000001,5.03526400000001
"421","plummer","0_10",40.34,7.56,4.52,0,1.3509262485482,0.246635757280942,0,NA,NA,NA,NA
"422","plummer","10_20",52.3666666666667,5.96666666666667,2.4,0,1.5096443452381,0.210069553241103,0,NA,NA,NA,NA
"423","plummer","20_40",66.675,7.35,3.225,0,1.50104635443921,0.215883238671701,0,NA,NA,NA,NA
"424","plummer","40_100",52.2722222222222,4.71111111111111,2.12222222222222,0,1.59451747615447,0.19649269329816,0,NA,NA,NA,NA
"425","poarch","0_10",51.3,25.2,4.66666666666667,0,1.3509262485482,0.246635757280942,0,0.069,0.000932139111498258,9.32139111498258e-05,0.932139111498258
"426","poarch","10_20",46.7895312870223,30.4653139464118,15.1362533561418,2.95214027796427,1.5096443452381,0.210069553241103,0,0.0345,0.000505451746631569,5.05451746631569e-05,0.505451746631569
"427","poarch","20_40",55.8333333333333,25.6333333333333,7.86666666666667,0.333333333333333,1.50104635443921,0.215883238671701,0,0,0,0,0
"428","poarch","40_100",70.2555555555556,20.4666666666667,14.6,0.222222222222222,1.59451747615447,0.19649269329816,0,0.019,0.000302285079757195,0.000181371047854317,1.81371047854317
"429","ponzer","0_10",59.5,13.6,46.6,0,0.8,0.246635757280942,1,0.568,0.004544,0.0004544,4.544
"430","ponzer","10_20",46.7895312870223,30.4653139464118,15.1362533561418,2.95214027796427,1.5096443452381,0.210069553241103,0,0.479166666666667,0.00702016314766068,0.000702016314766068,7.02016314766068
"431","ponzer","20_40",69.1666666666667,42.6333333333333,24.8666666666667,0,0.72,0.215883238671701,1,0.390333333333333,0.0028104,0.00056208,5.6208
"432","ponzer","40_100",33.3857142857143,49.9285714285714,13.7571428571429,0.142857142857143,1.15,0.240416305603426,2,0.265666666666667,0.00305080214285714,0.00183048128571429,18.3048128571429
"433","portia","0_10",34.0458333333333,55.7708333333333,10.1833333333333,0,1.3509262485482,0.246635757280942,0,NA,NA,NA,NA
"434","portia","10_20",38.0384615384615,51.0538461538462,10.9,0,1.5096443452381,0.210069553241103,0,NA,NA,NA,NA
"435","portia","20_40",28.7516129032258,53.6387096774194,17.6129032258065,0,1.50104635443921,0.215883238671701,0,NA,NA,NA,NA
"436","portia","40_100",27.6267605633803,37.1450704225352,35.230985915493,0,1.59451747615447,0.19649269329816,0,NA,NA,NA,NA
"437","pottsburg","0_10",47.425,4.175,1.7625,0,1.3509262485482,0.246635757280942,0,NA,NA,NA,NA
"438","pottsburg","10_20",47.6,5,1.85,0,1.5096443452381,0.210069553241103,0,NA,NA,NA,NA
"439","pottsburg","20_40",47.2,4.8375,1.6875,0,1.50104635443921,0.215883238671701,0,NA,NA,NA,NA
"440","pottsburg","40_100",44.3944444444444,4.37777777777778,1.92777777777778,0,1.59451747615447,0.19649269329816,0,NA,NA,NA,NA
"441","providence","0_10",14.5,75.5,10,0,1.21333333333333,0.204287379280594,3,0.1065,0.0012922,0.00012922,1.2922
"442","providence","10_20",15.625,68.425,15.95,0,1.5275,0.0846069343099804,4,0.039,0.000595725,5.95725e-05,0.595725
"443","providence","20_40",11.1666666666667,65.0333333333333,23.8,0,1.56666666666667,0.0152752523165195,3,0.0365,0.000571833333333335,0.000114366666666667,1.14366666666667
"444","providence","40_100",19.2285714285714,57.4071428571429,23.3642857142857,0,1.635,0.0988571053224161,12,0.0245,0.000400575,0.000240345,2.40345
"445","rains","0_10",58.4916666666667,25.2153846153846,10.2076923076923,0.153846153846154,1.35,0.06557438524302,3,0.168666666666667,0.00227349692307692,0.000227349692307692,2.27349692307692
"446","rains","10_20",61.8,25.74,8.72,0,1.465,0.0777817459305203,2,0.0973333333333333,0.00142593333333333,0.000142593333333333,1.42593333333333
"447","rains","20_40",69.58,20.0333333333333,12.1066666666667,0.133333333333333,1.5725,0.0602079728939614,4,0.026,0.000408304866666667,8.16609733333333e-05,0.816609733333333
"448","rains","40_100",61.1533333333333,19.1766666666667,23.5466666666667,0.133333333333333,1.69714285714286,0.0446147530585589,7,0.0326666666666667,0.000553660800000001,0.000332196480000001,3.32196480000001
"449","reddies","0_10",64.475,31.025,8.05,0,0.91,0.197989898732233,2,0.36925,0.003360175,0.0003360175,3.360175
"450","reddies","10_20",68.2,21.8,10,3.33333333333333,1.34,0.210069553241103,1,0.204,0.00264248,0.000264248,2.64248
"451","reddies","20_40",69.95,23.375,6.675,0,1.24333333333333,0.280059517483933,3,0.104,0.00129306666666666,0.000258613333333333,2.58613333333333
"452","reddies","40_100",80.3636363636364,13.2272727272727,6.40909090909091,46.2727272727273,1.23,0.13076696830622,3,0.0735714285714286,0.000486193441558441,0.000291716064935065,2.91716064935065
"453","rexor","0_10",48.2886660985049,31.5216808172776,14.2365984772959,2.55253239021966,1.3509262485482,0.246635757280942,0,NA,NA,NA,NA
"454","rexor","10_20",26.7,62.3,10.9,0,1.5096443452381,0.210069553241103,0,NA,NA,NA,NA
"455","rexor","20_40",44.6474010593,29.3694540148412,19.535668248824,2.4242495503916,1.50104635443921,0.215883238671701,0,NA,NA,NA,NA
"456","rexor","40_100",27.35,54.45,20.2,0,1.59451747615447,0.19649269329816,0,NA,NA,NA,NA
"457","rosman","0_10",43.3,41.35,15.35,0,1.1,0.212132034355964,2,0.266,0.002926,0.0002926,2.926
"458","rosman","10_20",62.4,25.2,12.4,1,1.33,0.210069553241103,1,0.142,0.001869714,0.0001869714,1.869714
"459","rosman","20_40",43.7,41.7,14.6,0,1.24,0.127279220613579,2,0.1735,0.0021514,0.00043028,4.3028
"460","rosman","40_100",69.6222222222222,23.7555555555556,6.62222222222222,0,1.29,0.132233559604642,8,0.0645714285714286,0.000832971428571429,0.000499782857142857,4.99782857142857
"461","ruston","0_10",65.26,29.2666666666667,5.47333333333333,0.0666666666666667,1.49,0.0367423461417477,5,0.0772857142857143,0.00115078943809524,0.000115078943809524,1.15078943809524
"462","ruston","10_20",57.8,31.1888888888889,11.0111111111111,0,1.7175,0.17423642940939,4,0.0283333333333333,0.000486625,4.86625e-05,0.486625
"463","ruston","20_40",57.4733333333333,29.6933333333333,12.8333333333333,0.0666666666666667,1.7025,0.0394757309410901,4,0.0201428571428571,0.000342703521428571,6.85407042857143e-05,0.685407042857143
"464","ruston","40_100",56.6116279069767,23.5860465116279,19.8023255813953,0.116279069767442,1.75352941176471,0.0561183098986628,17,0.015125,0.000264912926641587,0.000158947755984952,1.58947755984952
"465","rutlege","0_10",76.75,7,3.25,0,1.3509262485482,0.246635757280942,0,NA,NA,NA,NA
"466","rutlege","10_20",44,11.6,2.6,0,1.5096443452381,0.210069553241103,0,NA,NA,NA,NA
"467","rutlege","20_40",58.3666666666667,5.83333333333333,2.96666666666667,0,1.50104635443921,0.215883238671701,0,NA,NA,NA,NA
"468","rutlege","40_100",50.0444444444444,4.46666666666667,4.2,0,1.59451747615447,0.19649269329816,0,NA,NA,NA,NA
"469","sacul","0_10",50.0142857142857,41.5428571428571,30.3,1.28571428571429,1.435,0.0919238815542511,2,0.095,0.0013457225,0.00013457225,1.3457225
"470","sacul","10_20",36.82,41.44,36.78,0,1.48,0.210069553241103,1,0.0635,0.0009398,9.398e-05,0.9398
"471","sacul","20_40",37.5142857142857,42.0142857142857,31.9857142857143,1.42857142857143,1.62666666666667,0.0513160143944688,3,0.032,0.000513097142857144,0.000102619428571429,1.02619428571429
"472","sacul","40_100",30.3095238095238,36.5,35.4904761904762,1.57142857142857,1.64,0.0728010988928051,5,0.034,0.000548837714285714,0.000329302628571429,3.29302628571429
"473","saffell","0_10",32.65,55.9875,11.3625,6.25,1.3509262485482,0.246635757280942,0,0.166,0.00210237897430314,0.000210237897430314,2.10237897430314
"474","saffell","10_20",18,65.775,16.225,11.75,1.38,0.210069553241103,1,0.0625,0.00076115625,7.6115625e-05,0.76115625
"475","saffell","20_40",32.9285714285714,50.7714285714286,16.3,15.2857142857143,1.36,0.215883238671701,1,0.053,0.000610620571428571,0.000122124114285714,1.22124114285714
"476","saffell","40_100",47.7714285714286,31.6142857142857,20.6142857142857,19.2857142857143,1.21,0.19649269329816,1,0.032,0.000312525714285714,0.000187515428571429,1.87515428571429
"477","sapelo","0_10",53.2846153846154,7.10714285714286,1.12857142857143,0,1.3509262485482,0.246635757280942,0,0.064,0.000864592799070848,8.64592799070848e-05,0.864592799070848
"478","sapelo","10_20",79.46,6.76666666666667,1.01666666666667,0,1.52,0.210069553241103,1,0.064,0.0009728,9.728e-05,0.9728
"479","sapelo","20_40",55.26,6.45,1.435,0,1.50104635443921,0.215883238671701,0,0.0471,0.000706992832940868,0.000141398566588174,1.41398566588174
"480","sapelo","40_100",56.3903225806452,5.73548387096774,4.24354838709677,0,1.61,0.0692820323027551,6,0.0302,0.00048622,0.000291732,2.91732
"481","saucier","0_10",40.75,29.55,12.525,2.5,1.42,0.127279220613579,2,0.097,0.001342965,0.0001342965,1.342965
"482","saucier","10_20",44.3,39.5,16.2,1,1.59,0.210069553241103,1,0.087,0.001369467,0.0001369467,1.369467
"483","saucier","20_40",53.65,25.925,14.175,1,1.67,0.014142135623731,2,0.0225,0.0003719925,7.43985e-05,0.743985
"484","saucier","40_100",45.32,27.27,27.61,0.5,1.685,0.0404145188432738,4,0.0195,0.000326932125,0.000196159275,1.96159275
"485","saunook","0_10",43.1,32.2,24.7,16,1.3,0.246635757280942,1,0.373,0.00407316,0.000407316,4.07316
"486","saunook","10_20",40.8666666666667,37.9,21.2333333333333,7.66666666666667,1.29,0.175214154679352,3,0.276666666666667,0.00329537666666667,0.000329537666666667,3.29537666666667
"487","saunook","20_40",43.4333333333333,34.8,21.7666666666667,10.6666666666667,1.43,0.229128784747792,3,0.114,0.001456312,0.0002912624,2.912624
"488","saunook","40_100",44.8,33.8375,21.3625,29.875,1.26,0.208885933785244,7,0.083,0.00073336725,0.00044002035,4.4002035
"489","sharkey","0_10",5.41904761904762,31.7333333333333,62.847619047619,0.19047619047619,1.54,0.346121365997536,7,0.39225,0.006029144,0.0006029144,6.029144
"490","sharkey","10_20",1.27272727272727,32.0136363636364,66.7136363636364,0.0454545454545455,1.852,0.055703295619354,15,0.183625,0.00339918921136364,0.000339918921136364,3.39918921136364
"491","sharkey","20_40",3.63076923076923,31.5384615384615,64.8307692307692,0,1.80785714285714,0.0867515082048962,14,0.154391304347826,0.00279117422360248,0.000558234844720496,5.58234844720496
"492","sharkey","40_100",3.2125,30.6825,66.105,0.0125,1.81230769230769,0.104280686315643,26,0.114083333333333,0.00206728258301282,0.00124036954980769,12.4036954980769
"493","smithdale","0_10",74.7,19.7083333333333,5.59166666666667,2.5,1.57,0.0264575131106459,3,0.138,0.002112435,0.0002112435,2.112435
"494","smithdale","10_20",74.72,19.94,5.34,4.2,1.5096443452381,0.210069553241103,0,0.0798,0.001154098947625,0.0001154098947625,1.154098947625
"495","smithdale","20_40",68.1714285714286,20.7285714285714,11.1,3.42857142857143,1.5575,0.0903234926989282,4,0.0408,0.0006136728,0.00012273456,1.2273456
"496","smithdale","40_100",62.636,16.14,21.224,1.04,1.7,0.05,5,0.0431666666666667,0.000726201466666667,0.00043572088,4.3572088
"497","smithton","0_10",48.6,45.5,5.9,0,1.3509262485482,0.246635757280942,0,NA,NA,NA,NA
"498","smithton","10_20",46.7895312870223,30.4653139464118,15.1362533561418,2.95214027796427,1.5096443452381,0.210069553241103,0,NA,NA,NA,NA
"499","smithton","20_40",51.7,41.6,6.7,0,1.50104635443921,0.215883238671701,0,NA,NA,NA,NA
"500","smithton","40_100",51.8,40.05,8.15,0,1.59451747615447,0.19649269329816,0,NA,NA,NA,NA
"501","susquehanna","0_10",59.6333333333333,36.2666666666667,4.1,0.333333333333333,1.36,0.226274169979695,2,0.082,0.00111148266666667,0.000111148266666667,1.11148266666667
"502","susquehanna","10_20",29.7,44.95,25.35,0.5,1.475,0.162634559672906,2,0.04,0.00058705,5.8705e-05,0.58705
"503","susquehanna","20_40",30.8,19.95,49.25,0,1.77,0.0761577310586392,4,0.038,0.0006726,0.00013452,1.3452
"504","susquehanna","40_100",32.9857142857143,18.0571428571429,48.9571428571429,0,1.88333333333333,0.0553774924194538,6,0.0265,0.000499083333333332,0.000299449999999999,2.9945
"505","tate","0_10",72.6666666666667,37,14.3,10.3333333333333,1.55,0.246635757280942,1,0.773,0.0107434116666667,0.00107434116666667,10.7434116666667
"506","tate","10_20",57.8,24.25,17.95,12,1.345,0.205060966544099,2,0.125,0.0014795,0.00014795,1.4795
"507","tate","20_40",51.95,24.5,23.55,9,1.505,0.0919238815542513,2,0.064,0.000876512,0.0001753024,1.753024
"508","tate","40_100",58.04,21.62,20.34,16,1.526,0.0998999499499374,5,0.029,0.0003717336,0.00022304016,2.2304016
"509","tippah","0_10",9.8,81.3,8.9,0,1.29,0.246635757280942,1,0.073,0.0009417,9.417e-05,0.9417
"510","tippah","10_20",46.7895312870223,30.4653139464118,15.1362533561418,2.95214027796427,1.5096443452381,0.210069553241103,0,0.0505,0.0007398641508665,7.398641508665e-05,0.7398641508665
"511","tippah","20_40",6.15,70.15,23.7,0,1.505,0.0919238815542513,2,0.028,0.0004214,8.428e-05,0.8428
"512","tippah","40_100",4.7,58.4333333333333,36.8666666666667,0,1.76333333333333,0.187171935218219,3,0.021,0.000370299999999999,0.00022218,2.2218
"513","toccoa","0_10",38.65,37.15,24.2,1,1.32,0.246635757280942,1,0.183,0.002391444,0.0002391444,2.391444
"514","toccoa","10_20",62.25,23.925,13.825,0.25,1.45,0.210069553241103,1,0.084,0.001214955,0.0001214955,1.214955
"515","toccoa","20_40",65.5333333333333,23.9333333333333,10.5333333333333,0,1.66,0.215883238671701,1,0.032,0.0005312,0.00010624,1.0624
"516","toccoa","40_100",69.48,19.92,10.6,1.1,1.7,0.0360555127546399,3,0.0168,0.0002824584,0.00016947504,1.6947504
"517","toinette","0_10",80.1,15.4,4.5,0,1.3509262485482,0.246635757280942,0,0.181,0.00244517650987224,0.000244517650987224,2.44517650987224
"518","toinette","10_20",46.7895312870223,30.4653139464118,15.1362533561418,2.95214027796427,1.5096443452381,0.210069553241103,0,0.1155,0.00169216454307091,0.000169216454307091,1.69216454307091
"519","toinette","20_40",84.3,11.8,3.9,0,1.50104635443921,0.215883238671701,0,0.05,0.000750523177219605,0.000150104635443921,1.50104635443921
"520","toinette","40_100",78.7666666666667,5.53333333333333,15.7,0,1.59451747615447,0.19649269329816,0,0.0436666666666667,0.000696272631254119,0.000417763578752471,4.17763578752471
"521","townley","0_10",21,52.5,26.5,0,1.3509262485482,0.246635757280942,0,NA,NA,NA,NA
"522","townley","10_20",46.7895312870223,30.4653139464118,15.1362533561418,2.95214027796427,1.5096443452381,0.210069553241103,0,NA,NA,NA,NA
"523","townley","20_40",9,39.9,51.1,0,1.50104635443921,0.215883238671701,0,NA,NA,NA,NA
"524","townley","40_100",6.83333333333333,44.4666666666667,48.7,0,1.59451747615447,0.19649269329816,0,NA,NA,NA,NA
"525","toxaway","0_10",7,58.8,34.2,0,1.06,0.246635757280942,1,0.418,0.0044308,0.00044308,4.4308
"526","toxaway","10_20",46.7895312870223,30.4653139464118,15.1362533561418,2.95214027796427,1.5096443452381,0.210069553241103,0,0.349,0.00511312056737442,0.000511312056737442,5.11312056737442
"527","toxaway","20_40",7.25,59.3,33.45,0,1.07,0.0282842712474619,2,0.28,0.002996,0.0005992,5.992
"528","toxaway","40_100",9.83333333333333,62.0333333333333,28.1333333333333,0,1.23666666666667,0.0288675134594813,3,0.156666666666667,0.00193744444444445,0.00116246666666667,11.6246666666667
"529","trimont","0_10",50.6,28,21.4,2,0.95,0.246635757280942,1,0.3,0.002793,0.0002793,2.793
"530","trimont","10_20",45.2,28.15,26.65,5.5,1.12,0.183847763108502,2,0.3,0.0031752,0.00031752,3.1752
"531","trimont","20_40",45.75,20.8,33.45,4.5,1.37,0.0282842712474618,2,0.1,0.00130835,0.00026167,2.6167
"532","trimont","40_100",63.4833333333333,15.5333333333333,20.9833333333333,5,1.42833333333333,0.170577450639487,6,0.043,0.000583474166666665,0.000350084499999999,3.50084499999999
"533","troup","0_10",76.3785714285714,7.36428571428571,3.5,0,1.58,0.0989949493661166,2,0.0636666666666667,0.00100593333333333,0.000100593333333333,1.00593333333333
"534","troup","10_20",87.6285714285714,8.52857142857143,3.84285714285714,0,1.71,0.210069553241103,1,0.042,0.0007182,7.182e-05,0.7182
"535","troup","20_40",73.025,8.425,3.965,0.05,1.5,0.215883238671701,1,0.0238,0.0003568215,7.13643e-05,0.713643
"536","troup","40_100",74.2660377358491,7.7622641509434,5.13396226415094,0.188679245283019,1.87,0.459238500128201,3,0.0215,0.00040129141509434,0.000240774849056604,2.40774849056604
"537","tuckasegee","0_10",48.2886660985049,31.5216808172776,14.2365984772959,2.55253239021966,1.3509262485482,0.246635757280942,0,0.426,0.00560804896275048,0.000560804896275048,5.60804896275048
"538","tuckasegee","10_20",56.4,28.1,15.5,16,1.11,0.210069553241103,1,0.426,0.003972024,0.0003972024,3.972024
"539","tuckasegee","20_40",58.5,31.1,10.4,16,0.97,0.215883238671701,1,0.206,0.001678488,0.0003356976,3.356976
"540","tuckasegee","40_100",57.5333333333333,22.2333333333333,20.2333333333333,28.6666666666667,1.17,0.09,3,0.099,0.000826254,0.0004957524,4.957524
"541","tusquitee","0_10",35.45,36.95,37.5,1,0.57,0.246635757280942,1,0.8865,0.0050025195,0.00050025195,5.0025195
"542","tusquitee","10_20",52.6,28.7,18.7,10,1.2,0.210069553241103,1,0.211,0.0022788,0.00022788,2.2788
"543","tusquitee","20_40",57.7,24.2,18.1,2,1.14,0.215883238671701,1,0.211,0.002357292,0.0004714584,4.714584
"544","tusquitee","40_100",64.2,20.15,15.65,19,1.3,0.15556349186104,2,0.211,0.00222183,0.001333098,13.33098
"545","udorthents","0_10",32.2,45.2,22.6,0,1.3509262485482,0.246635757280942,0,NA,NA,NA,NA
"546","udorthents","10_20",46.7895312870223,30.4653139464118,15.1362533561418,2.95214027796427,1.5096443452381,0.210069553241103,0,NA,NA,NA,NA
"547","udorthents","20_40",22.3,44.8,32.9,0,1.50104635443921,0.215883238671701,0,NA,NA,NA,NA
"548","udorthents","40_100",43.6,32.7,23.7,0,1.59451747615447,0.19649269329816,0,NA,NA,NA,NA
"549","unaka","0_10",40.3,35.5,24.2,10,1.3509262485482,0.246635757280942,0,NA,NA,NA,NA
"550","unaka","10_20",40.2,39.3,20.5,10,1.5096443452381,0.210069553241103,0,NA,NA,NA,NA
"551","unaka","20_40",45.7,36,18.3,8,1.50104635443921,0.215883238671701,0,NA,NA,NA,NA
"552","unaka","40_100",58.9,28.85,12.25,10,1.59451747615447,0.19649269329816,0,NA,NA,NA,NA
"553","urban land","0_10",43.63,36.81,19.56,16.9,1.3509262485482,0.246635757280942,0,NA,NA,NA,NA
"554","urban land","10_20",46.7895312870223,30.4653139464118,15.1362533561418,2.95214027796427,1.5096443452381,0.210069553241103,0,NA,NA,NA,NA
"555","urban land","20_40",39.07,39.12,21.81,13.7,1.50104635443921,0.215883238671701,0,NA,NA,NA,NA
"556","urban land","40_100",47.1527031434407,24.7802985973975,23.2730709428291,3.29052854268621,1.59451747615447,0.19649269329816,0,NA,NA,NA,NA
"557","vance","0_10",24,51.7,24.3,0,1.3509262485482,0.246635757280942,0,0.169,0.00228306536004646,0.000228306536004646,2.28306536004646
"558","vance","10_20",26,56.5,17.5,0,1.5096443452381,0.210069553241103,0,0.088,0.00132848702380953,0.000132848702380953,1.32848702380953
"559","vance","20_40",27.3,55.8,16.9,0,1.50104635443921,0.215883238671701,0,0.067,0.00100570105747427,0.000201140211494854,2.01140211494854
"560","vance","40_100",35.84,44.48,26.56,0,1.59451747615447,0.19649269329816,0,0.0502,0.000800447773029544,0.000480268663817726,4.80268663817726
"561","wadley","0_10",62.5111111111111,10.0888888888889,3.22222222222222,0.555555555555556,1.3509262485482,0.246635757280942,0,0.10575,0.0014206678161295,0.00014206678161295,1.4206678161295
"562","wadley","10_20",46.3,6.5,1.9,0,1.5096443452381,0.210069553241103,0,0.065375,0.000986929990699408,9.86929990699408e-05,0.986929990699408
"563","wadley","20_40",76.625,10.5,3.5625,0.875,1.50104635443921,0.215883238671701,0,0.025,0.000371978049709467,7.43956099418934e-05,0.743956099418934
"564","wadley","40_100",61.5944444444444,8.85,5.42222222222222,0.5,1.59451747615447,0.19649269329816,0,0.03,0.000475963466632109,0.000285578079979266,2.85578079979266
"565","wagram","0_10",68.1333333333333,9.76666666666667,4.1,1,1.3509262485482,0.246635757280942,0,0.0855,0.00114349152308362,0.000114349152308362,1.14349152308362
"566","wagram","10_20",61.4333333333333,10.3,3.1,0,1.57,0.169705627484771,2,0.066,0.0010362,0.00010362,1.0362
"567","wagram","20_40",67.925,10.225,5.075,1.75,1.63,0.215883238671701,1,0.0163333333333333,0.00026157425,5.231485e-05,0.5231485
"568","wagram","40_100",77.99,9.575,12.2,1.58333333333333,1.6775,0.105633012516605,4,0.016625,0.000274468705729167,0.0001646812234375,1.646812234375
"569","wahee","0_10",61.8,27.4666666666667,10.6,0,1.3509262485482,0.246635757280942,0,0.186,0.00251272282229965,0.000251272282229965,2.51272282229965
"570","wahee","10_20",46.7895312870223,30.4653139464118,15.1362533561418,2.95214027796427,1.5096443452381,0.210069553241103,0,0.14,0.00205110853705564,0.000205110853705564,2.05110853705564
"571","wahee","20_40",47.675,33.275,19,0.25,1.50104635443921,0.215883238671701,0,0.094,0.00140745611423993,0.000281491222847985,2.81491222847985
"572","wahee","40_100",28.73,20.03,51.17,0.4,1.59451747615447,0.19649269329816,0,0.0275,0.000436738336718709,0.000262043002031226,2.62043002031226
"573","wehadkee","0_10",45.95,34.4,19.65,0,1.3509262485482,0.246635757280942,0,0.1265,0.00170892170441347,0.000170892170441347,1.70892170441347
"574","wehadkee","10_20",16.3,35.3,48.4,0,1.5096443452381,0.210069553241103,0,0.231,0.00348727843750001,0.000348727843750001,3.48727843750001
"575","wehadkee","20_40",22.75,41.4,35.85,0,1.50104635443921,0.215883238671701,0,0.1475,0.00221404337279784,0.000442808674559567,4.42808674559567
"576","wehadkee","40_100",38.8666666666667,32.1333333333333,29,0,1.59451747615447,0.19649269329816,0,0.109,0.00173802404900837,0.00104281442940502,10.4281442940502
"577","whiteside","0_10",48.2886660985049,31.5216808172776,14.2365984772959,2.55253239021966,1.3509262485482,0.246635757280942,0,0.064,0.000842523787831058,8.42523787831058e-05,0.842523787831058
"578","whiteside","10_20",46.7895312870223,30.4653139464118,15.1362533561418,2.95214027796427,1.5096443452381,0.210069553241103,0,0.064,0.000937649616939722,9.37649616939723e-05,0.937649616939722
"579","whiteside","20_40",47,26.9,26.1,0,1.21,0.215883238671701,1,0.064,0.0007744,0.00015488,1.5488
"580","whiteside","40_100",54.5,24.0666666666667,21.4333333333333,0.333333333333333,1.30666666666667,0.0550757054728611,3,0.037,0.000481855111111112,0.000289113066666667,2.89113066666667
"581","wickham","0_10",56.8578947368421,36.7315789473684,20.335,0,1.41,0.246635757280942,1,0.152,0.0021432,0.00021432,2.1432
"582","wickham","10_20",65.4666666666667,36.62,23.2333333333333,0.0666666666666667,1.5096443452381,0.210069553241103,0,0.031,0.000467677753859128,4.67677753859129e-05,0.467677753859129
"583","wickham","20_40",53.3888888888889,26.2555555555556,20.3555555555556,0.111111111111111,1.71,0.215883238671701,1,0.021,0.000358701,7.17402e-05,0.717402
"584","wickham","40_100",52.3052631578947,24.1552631578947,23.5394736842105,0.157894736842105,1.69,0.19649269329816,1,0.015,0.000253099736842105,0.000151859842105263,1.51859842105263
"585","wilkes","0_10",70.8,23.9,5.3,0,1.3509262485482,0.246635757280942,0,NA,NA,NA,NA
"586","wilkes","10_20",72.4,23.4,4.2,0,1.5096443452381,0.210069553241103,0,NA,NA,NA,NA
"587","wilkes","20_40",48.7,22.9,28.4,0,1.50104635443921,0.215883238671701,0,NA,NA,NA,NA
"588","wilkes","40_100",81.2,9.9,8.9,5,1.59451747615447,0.19649269329816,0,NA,NA,NA,NA
"589","woden","0_10",73.35,23.625,3.025,0,1.3509262485482,0.246635757280942,0,NA,NA,NA,NA
"590","woden","10_20",67.55,28.2,4.25,0,1.5096443452381,0.210069553241103,0,NA,NA,NA,NA
"591","woden","20_40",65.1,28.75,6.15,0,1.50104635443921,0.215883238671701,0,NA,NA,NA,NA
"592","woden","40_100",59.85,25.3125,14.8375,0,1.59451747615447,0.19649269329816,0,NA,NA,NA,NA
"593","wrightsville","0_10",18.3555555555556,59.0555555555556,22.5888888888889,1.44444444444444,1.42666666666667,0.11060440015358,3,0.159444444444444,0.0022418833744856,0.00022418833744856,2.2418833744856
"594","wrightsville","10_20",15.5428571428571,58,26.4571428571429,0.142857142857143,1.67,0.210069553241103,1,0.0722,0.00120401751428571,0.000120401751428571,1.20401751428571
"595","wrightsville","20_40",17.7111111111111,56.0666666666667,26.2222222222222,0.222222222222222,1.598,0.0807465169527454,5,0.04,0.000637779555555556,0.000127555911111111,1.27555911111111
"596","wrightsville","40_100",11.9222222222222,45.3555555555556,42.7222222222222,0,1.78454545454545,0.0951171526448975,11,0.0376111111111111,0.000671187373737372,0.000402712424242423,4.02712424242423
