"","soil_name","horizon","c_per","bulk_density","bulk_density_sd","n","sand","silt","clay","frag","c_g_cm3","c_Mg_horizon","c_Mg_ha"
"1","acadia","0_10",1.42,1.4,0.246635757280942,1,58.5,36.4,5.1,2,0.0194824,0.00194824,19.4824
"2","acadia","10_20",0.89,1.5096443452381,0.210069553241103,0,46.7895312870223,30.4653139464118,15.1362533561418,2.95214027796427,0.013039189985568,0.0013039189985568,13.039189985568
"3","acadia","20_40",0.36,1.62,0.215883238671701,1,40.9,37.5,21.6,2,0.00571536,0.001143072,11.43072
"4","acadia","40_100",0.116666666666667,1.81,0.05,3,35.8333333333333,33.0333333333333,31.1333333333333,1.66666666666667,0.00207647222222222,0.00124588333333333,12.4588333333333
"5","albany","0_10",1.118125,1.6,0.246635757280942,1,46.4333333333333,7.40555555555556,2.86666666666667,0.0555555555555556,0.0178800611111111,0.00178800611111111,17.8800611111111
"6","albany","10_20",0.944285714285714,1.5096443452381,0.210069553241103,0,45.6285714285714,5.97142857142857,2.24285714285714,0,0.0142553558886055,0.00142553558886055,14.2553558886055
"7","albany","20_40",0.38,1.69,0.014142135623731,2,57.1647058823529,7.74444444444444,2.60555555555556,0.0555555555555556,0.00641843222222222,0.00128368644444444,12.8368644444444
"8","albany","40_100",0.145869565217391,1.74666666666667,0.0956382071489562,6,53.5452830188679,6.73962264150943,2.40754716981132,0.0754716981132075,0.00254593216297512,0.00152755929778507,15.2755929778507
"9","allanton","0_10",4.07,1.3509262485482,0.246635757280942,0,21.2,6.2,7.8,0,0.0549826983159118,0.00549826983159118,54.9826983159118
"10","allanton","10_20",1.2,1.5096443452381,0.210069553241103,0,95.2,6.5,2,0,0.0181157321428572,0.00181157321428572,18.1157321428572
"11","allanton","20_40",1.285,1.50104635443921,0.215883238671701,0,17.25,8.15,3.05,0,0.0192884456545439,0.00385768913090877,38.5768913090877
"12","allanton","40_100",0.32,1.59451747615447,0.19649269329816,0,68.1,7,2.68,0,0.0051024559236943,0.00306147355421658,30.6147355421658
"13","angelina","0_10",NA,1.53,0.246635757280942,1,30.2,40.5,29.3,0,NA,NA,NA
"14","angelina","10_20",NA,1.5096443452381,0.210069553241103,0,46.7895312870223,30.4653139464118,15.1362533561418,2.95214027796427,NA,NA,NA
"15","angelina","20_40",NA,1.81,0.215883238671701,1,16.6,42.1,41.3,0,NA,NA,NA
"16","angelina","40_100",NA,1.69666666666667,0.0550757054728611,3,52.5333333333333,22.9666666666667,24.5,0,NA,NA,NA
"17","appling","0_10",2.41,1.3509262485482,0.246635757280942,0,65.0666666666667,21.1333333333333,12.6,4,0.0312550296864112,0.00312550296864112,31.2550296864112
"18","appling","10_20",0.21,1.5096443452381,0.210069553241103,0,31.175,38.425,15.125,0,0.00317025312500001,0.000317025312500001,3.17025312500001
"19","appling","20_40",0.3,1.50104635443921,0.215883238671701,0,36.8,20.6,42.6,0,0.00450313906331763,0.000900627812663526,9.00627812663526
"20","appling","40_100",0.14,1.31,0.19649269329816,1,42.0181818181818,25.5,32.9090909090909,2.72727272727273,0.00178398181818182,0.00107038909090909,10.7038909090909
"21","arkana","0_10",2.79375,1.3509262485482,0.246635757280942,0,26.26875,54.1375,19.6,0,0.0377415020688153,0.00377415020688153,37.7415020688154
"22","arkana","10_20",1.9,1.5096443452381,0.210069553241103,0,26.5285714285714,49.4571428571429,24.0142857142857,0,0.0286832425595239,0.00286832425595239,28.6832425595239
"23","arkana","20_40",1.32105263157895,1.50104635443921,0.215883238671701,0,19.9578947368421,39.3421052631579,40.6947368421053,0,0.019829612366539,0.00396592247330781,39.6592247330781
"24","arkana","40_100",0.691891891891892,1.59451747615447,0.19649269329816,0,11.5108108108108,26.2378378378378,62.2378378378378,0,0.011032337132312,0.00661940227938721,66.1940227938721
"25","ashe","0_10",2.28,1.26,0.246635757280942,1,48.7666666666667,35.2333333333333,16,6.33333333333333,0.02690856,0.002690856,26.90856
"26","ashe","10_20",0.465,1.5096443452381,0.210069553241103,0,49.2,36.75,14.05,2,0.00687944928125002,0.000687944928125002,6.87944928125002
"27","ashe","20_40",0.31,1.58,0.215883238671701,1,63.5,22.7,13.8,1,0.00484902,0.000969804,9.69804
"28","ashe","40_100",0.13,1.79,0.19649269329816,1,59.06,27.64,13.3,8,0.00214084,0.001284504,12.84504
"29","ashlar","0_10",0.85,1.3509262485482,0.246635757280942,0,48.2886660985049,31.5216808172776,14.2365984772959,2.55253239021966,0.0111897690571312,0.00111897690571312,11.1897690571312
"30","ashlar","10_20",0.85,1.5096443452381,0.210069553241103,0,46.7895312870223,30.4653139464118,15.1362533561418,2.95214027796427,0.0124531589749807,0.00124531589749807,12.4531589749807
"31","ashlar","20_40",0.85,1.57,0.215883238671701,1,74.2,20.1,5.7,14,0.0114767,0.00229534,22.9534
"32","ashlar","40_100",0.3,1.55,0.19649269329816,1,75.2,19.4,5.4,30,0.003255,0.001953,19.53
"33","attoyac","0_10",0.485,1.63,0.226274169979695,2,64.0333333333333,31.7333333333333,4.23333333333333,0.333333333333333,0.00787914833333333,0.000787914833333333,7.87914833333333
"34","attoyac","10_20",0.89,1.585,0.134350288425444,2,72.75,24.25,3,1,0.013965435,0.0013965435,13.965435
"35","attoyac","20_40",0.286,1.648,0.122351951353462,5,61.2333333333333,30.45,8.31666666666667,0.333333333333333,0.00469756906666667,0.000939513813333333,9.39513813333333
"36","attoyac","40_100",0.161,1.7775,0.0337003603202442,8,49.0545454545455,26.5636363636364,24.3818181818182,0.181818181818182,0.00285657177272727,0.00171394306363636,17.1394306363636
"37","bayboro","0_10",10.3,1.3509262485482,0.246635757280942,0,44.8,20.4,34.8,0,0.139145403600465,0.0139145403600465,139.145403600465
"38","bayboro","10_20",7.81333333333333,1.5096443452381,0.210069553241103,0,36,31.2666666666667,32.7333333333333,0,0.11795354484127,0.011795354484127,117.95354484127
"39","bayboro","20_40",0.95,1.50104635443921,0.215883238671701,0,31.95,32.85,35.2,0,0.0142599403671725,0.0028519880734345,28.519880734345
"40","bayboro","40_100",0.585555555555555,1.59451747615447,0.19649269329816,0,26.6666666666667,24.5,48.8333333333333,0,0.00933678566592673,0.00560207139955604,56.0207139955604
"41","beauregard","0_10",1.785,1.39,0.246635757280942,1,39.1833333333333,55.1333333333333,5.68333333333333,1.16666666666667,0.0245220325,0.00245220325,24.5220325
"42","beauregard","10_20",0.498333333333333,1.6,0.210069553241103,1,36.0666666666667,54.7,9.23333333333333,1,0.0078936,0.00078936,7.8936
"43","beauregard","20_40",0.25,1.62,0.215883238671701,1,30.8166666666667,52.3666666666667,16.8166666666667,1,0.0040095,0.0008019,8.019
"44","beauregard","40_100",0.150714285714286,1.70666666666667,0.0850490054811538,3,27.90625,52.375,19.71875,1.25,0.0025400380952381,0.00152402285714286,15.2402285714286
"45","benndale","0_10",1.16,1.53,0.246635757280942,1,71.4,18.95,9.65,0.5,0.01765926,0.001765926,17.65926
"46","benndale","10_20",0.69,1.5096443452381,0.210069553241103,0,46.7895312870223,30.4653139464118,15.1362533561418,2.95214027796427,0.0101090349326314,0.00101090349326314,10.1090349326314
"47","benndale","20_40",0.22,1.63,0.215883238671701,1,64.15,20.1,15.75,0,0.003586,0.0007172,7.172
"48","benndale","40_100",0.0233333333333333,1.69,0.0173205080756888,3,69.12,17.16,13.72,0.6,0.000391967333333333,0.0002351804,2.351804
"49","bernaldo","0_10",NA,1.3509262485482,0.246635757280942,0,62.0666666666667,35.5,2.43333333333333,0,NA,NA,NA
"50","bernaldo","10_20",NA,1.44,0.210069553241103,1,52.3,42.1,5.6,0,NA,NA,NA
"51","bernaldo","20_40",NA,1.51,0.0800000000000001,3,56.625,37.875,5.5,0,NA,NA,NA
"52","bernaldo","40_100",NA,1.67142857142857,0.0817370930542087,7,41.4857142857143,32.4428571428571,26.0714285714286,0.142857142857143,NA,NA,NA
"53","besner","0_10",NA,1.24,0.246635757280942,1,66,31.2,2.8,0,NA,NA,NA
"54","besner","10_20",NA,1.5096443452381,0.210069553241103,0,46.7895312870223,30.4653139464118,15.1362533561418,2.95214027796427,NA,NA,NA
"55","besner","20_40",NA,1.47,0.014142135623731,2,65.45,31.85,2.7,0,NA,NA,NA
"56","besner","40_100",NA,1.688,0.148895936814945,5,61.6,35.62,2.78,0,NA,NA,NA
"57","bethera","0_10",2.72,1.27,0.246635757280942,1,48.9,54.65,31.7,0,0.034544,0.0034544,34.544
"58","bethera","10_20",0.72,1.5096443452381,0.210069553241103,0,6.8,51.5,24.3,0,0.0108694392857143,0.00108694392857143,10.8694392857143
"59","bethera","20_40",0.17,1.34,0.215883238671701,1,46.1,49.95,38.55,0,0.002278,0.0004556,4.556
"60","bethera","40_100",0.085,1.74,0.19649269329816,1,15.5666666666667,30.1,53.9,0,0.001479,0.0008874,8.874
"61","betis","0_10",0.8,1.3509262485482,0.246635757280942,0,48.2886660985049,31.5216808172776,14.2365984772959,2.55253239021966,0.0105315473478882,0.00105315473478882,10.5315473478882
"62","betis","10_20",0.8,1.5096443452381,0.210069553241103,0,90.85,7.35,1.8,0,0.0120771547619048,0.00120771547619048,12.0771547619048
"63","betis","20_40",0.21,1.50104635443921,0.215883238671701,0,84.3,13.1,2.6,0,0.00315219734432234,0.000630439468864468,6.30439468864468
"64","betis","40_100",0.06,1.72,0.19649269329816,1,86.76,9.2,4.04,0,0.001032,0.0006192,6.192
"65","bibb","0_10",NA,1.3509262485482,0.246635757280942,0,70.375,21.9,7.725,0,NA,NA,NA
"66","bibb","10_20",NA,1.5096443452381,0.210069553241103,0,48.3,37.55,14.05,0,NA,NA,NA
"67","bibb","20_40",NA,1.14,0.215883238671701,1,61.52,27.56,10.88,0,NA,NA,NA
"68","bibb","40_100",NA,1.38,0.127279220613579,2,76.28,15.69,7.99,0.2,NA,NA,NA
"69","blanton","0_10",0.96625,1.45,0.246635757280942,1,54.0944444444444,6.24736842105263,2.58947368421053,0,0.014010625,0.0014010625,14.010625
"70","blanton","10_20",0.956,1.5096443452381,0.210069553241103,0,64.475,8.375,2.9875,0,0.0144321999404762,0.00144321999404762,14.4321999404762
"71","blanton","20_40",0.309090909090909,1.50104635443921,0.215883238671701,0,51.1769230769231,7.76428571428571,3.35714285714286,0,0.0046395978228121,0.000927919564562421,9.27919564562421
"72","blanton","40_100",0.151794871794872,1.57,0.0264575131106459,3,58.4387755102041,6.66734693877551,2.73877551020408,0,0.00238317948717949,0.00142990769230769,14.2990769230769
"73","bonneau","0_10",0.785,1.66,0.246635757280942,1,76.54,11.3454545454545,4.59090909090909,1.81818181818182,0.0127940727272727,0.00127940727272727,12.7940727272727
"74","bonneau","10_20",0.58,1.81,0.210069553241103,1,75.9833333333333,8.43333333333333,2.73333333333333,4.16666666666667,0.0100605833333333,0.00100605833333333,10.0605833333333
"75","bonneau","20_40",0.338333333333333,1.50104635443921,0.215883238671701,0,65.4692307692308,11.6076923076923,6.16923076923077,1.46153846153846,0.00500431534804405,0.00100086306960881,10.0086306960881
"76","bonneau","40_100",0.18625,1.64,0.0299999999999999,3,55.8648148148148,9.37592592592593,18.2851851851852,1.18518518518519,0.00301829851851852,0.00181097911111111,18.1097911111111
"77","boulogne","0_10",1.19333333333333,1.3509262485482,0.246635757280942,0,59.3333333333333,4.66666666666667,1.86666666666667,0,0.0161210532326752,0.00161210532326752,16.1210532326752
"78","boulogne","10_20",1.02266666666667,1.5096443452381,0.210069553241103,0,46.7895312870223,30.4653139464118,15.1362533561418,2.95214027796427,0.014982859504016,0.0014982859504016,14.982859504016
"79","boulogne","20_40",0.852,1.50104635443921,0.215883238671701,0,33.675,5.22,2.54,0,0.0127889149398221,0.00255778298796441,25.5778298796441
"80","boulogne","40_100",0.308,1.59451747615447,0.19649269329816,0,67.5444444444445,4.33,2.65,0,0.00491111382655577,0.00294666829593346,29.4666829593346
"81","bude","0_10",1.3,1.54,0.127279220613579,2,24.4,65.55,10.05,0,0.02002,0.002002,20.02
"82","bude","10_20",0.8,1.5096443452381,0.210069553241103,0,46.7895312870223,30.4653139464118,15.1362533561418,2.95214027796427,0.0117206202117465,0.00117206202117465,11.7206202117465
"83","bude","20_40",0.3,1.50104635443921,0.215883238671701,0,16.15,64.55,19.3,0,0.00450313906331763,0.000900627812663526,9.00627812663526
"84","bude","40_100",0.0833333333333333,1.675,0.124766448481419,4,14.8888888888889,61.2222222222222,23.8888888888889,0,0.00139583333333333,0.0008375,8.375
"85","burton","0_10",17.3611111111111,0.7225,0.12737739202857,4,55.0444444444444,29.3111111111111,20.5125,11.7777777777778,0.110660686728395,0.0110660686728395,110.660686728395
"86","burton","10_20",3.27,0.935,0.275771644662753,2,55.35,28.125,16.525,5.25,0.02896933875,0.002896933875,28.96933875
"87","burton","20_40",4.13,1.046,0.114367827643966,5,54.7625,30.6875,14.55,15.75,0.0363958315,0.0072791663,72.791663
"88","burton","40_100",0.9175,1.27166666666667,0.0847152091815081,6,56.1636363636364,30.5181818181818,13.3181818181818,10.7272727272727,0.0104159326515152,0.00624955959090911,62.4955959090911
"89","caddo","0_10",1.33285714285714,1.465,0.0494974746830584,2,24.4285714285714,69.4571428571429,6.11428571428571,0.714285714285714,0.0193868831632653,0.00193868831632653,19.3868831632653
"90","caddo","10_20",0.365,1.6,0.210069553241103,1,19.1,69.575,11.325,0.5,0.0058108,0.00058108,5.8108
"91","caddo","20_40",0.22875,1.685,0.0212132034355964,2,21.4,66.675,11.925,0.25,0.00384480140625,0.00076896028125,7.6896028125
"92","caddo","40_100",0.149375,1.7075,0.0713559154286921,4,18.26875,63.74375,17.9875,0.3125,0.00254260756835938,0.00152556454101563,15.2556454101563
"93","cahaba","0_10",1.166,1.4,0.0556776436283002,3,51.35,34.175,14.4666666666667,0,0.016324,0.0016324,16.324
"94","cahaba","10_20",0.153333333333333,1.37,0.210069553241103,1,51.3,31.5,17.2,0,0.00210066666666667,0.000210066666666667,2.10066666666667
"95","cahaba","20_40",0.2,1.47333333333333,0.0757187779440037,3,47.9466666666667,32.9,19.14,0,0.00294666666666666,0.000589333333333332,5.89333333333332
"96","cahaba","40_100",0.0721428571428571,1.526,0.0439317652729776,5,46.1545454545455,28.3606060606061,25.469696969697,0,0.0011009,0.00066054,6.6054
"97","carnasaw","0_10",2.18,1.5,0.325269119345812,2,27.6,61.4,10.975,8.25,0.03000225,0.003000225,30.00225
"98","carnasaw","10_20",1.04333333333333,1.59,0.0565685424949237,2,29.775,56.975,14.3,9.75,0.0149715725,0.00149715725,14.9715725
"99","carnasaw","20_40",0.456666666666667,1.43333333333333,0.155349069303081,3,11.4333333333333,36.4666666666667,52.0666666666667,4.66666666666667,0.00624009629629628,0.00124801925925926,12.4801925925926
"100","carnasaw","40_100",0.271,1.55142857142857,0.110064915910047,7,15.6923076923077,33.7153846153846,51.8769230769231,5.61538461538461,0.0039682798021978,0.00238096788131868,23.8096788131868
"101","cartecay","0_10",NA,1.3509262485482,0.246635757280942,0,53.1,26,20.9,0,NA,NA,NA
"102","cartecay","10_20",NA,1.5096443452381,0.210069553241103,0,46.7895312870223,30.4653139464118,15.1362533561418,2.95214027796427,NA,NA,NA
"103","cartecay","20_40",NA,1.50104635443921,0.215883238671701,0,71.2,16.3,12.5,0,NA,NA,NA
"104","cartecay","40_100",NA,1.59451747615447,0.19649269329816,0,69,18.8,12.2,0,NA,NA,NA
"105","cashiers","0_10",6.72,1.3509262485482,0.246635757280942,0,54.6,25.6,19.8,8,0.0835196643902439,0.00835196643902439,83.5196643902439
"106","cashiers","10_20",4.45,1.5096443452381,0.210069553241103,0,46.7895312870223,30.4653139464118,15.1362533561418,2.95214027796427,0.0651959499278401,0.00651959499278401,65.1959499278401
"107","cashiers","20_40",2.18,1.04,0.215883238671701,1,59.3,23,17.7,9,0.02063152,0.004126304,41.26304
"108","cashiers","40_100",0.585,1.31,0.0989949493661166,2,66.4,18.5,15.1,7.5,0.0070887375,0.0042532425,42.532425
"109","cataula","0_10",NA,1.39,0.246635757280942,1,66.2,18.5,15.3,4,NA,NA,NA
"110","cataula","10_20",NA,1.72,0.210069553241103,1,68,18,14,11,NA,NA,NA
"111","cataula","20_40",NA,1.51,0.215883238671701,1,36.7,13.5,49.8,4,NA,NA,NA
"112","cataula","40_100",NA,1.505,0.120208152801713,2,32.0333333333333,15.6,52.3666666666667,2.66666666666667,NA,NA,NA
"113","cecil","0_10",1.2325,1.58571428571429,0.13226956602045,7,58.4710526315789,21.9894736842105,21.9684210526316,6.13157894736842,0.0183455771616542,0.00183455771616542,18.3455771616542
"114","cecil","10_20",0.82,1.64666666666667,0.102143689640297,3,53.74,20.095,29.655,5.6,0.0127465173333334,0.00127465173333334,12.7465173333334
"115","cecil","20_40",0.383333333333333,1.59083333333333,0.124568953766275,12,46.504347826087,20.4652173913043,36.6217391304348,5.21739130434783,0.00578002777777777,0.00115600555555555,11.5600555555555
"116","cecil","40_100",0.115555555555556,1.498,0.097689087900015,20,35.9277777777778,21.0986111111111,42.8472222222222,2.30555555555556,0.00169111254320988,0.00101466752592593,10.1466752592593
"117","chandler","0_10",7.79,1.3509262485482,0.246635757280942,0,40.35,22.05,29.3,22,0.0820849807142857,0.00820849807142857,82.0849807142857
"118","chandler","10_20",1.08,1.62,0.210069553241103,1,65,22,13,47,0.00927288,0.000927288,9.27288
"119","chandler","20_40",0.583333333333333,1.50104635443921,0.215883238671701,0,44.2,18.4,37.4,10,0.00788049336080585,0.00157609867216117,15.7609867216117
"120","chandler","40_100",0.0866666666666667,2.07666666666667,0.271538824725551,3,80.75,10.1,9.15,21.75,0.00140832611111111,0.000844995666666668,8.44995666666668
"121","chestnut","0_10",34.6833333333333,1.3509262485482,0.246635757280942,0,34.7,48.6,14.6333333333333,3,0.454489866255323,0.0454489866255323,454.489866255323
"122","chestnut","10_20",17.8516666666667,1.5096443452381,0.210069553241103,0,46.7895312870223,30.4653139464118,15.1362533561418,2.95214027796427,0.261540756433369,0.0261540756433369,261.540756433369
"123","chestnut","20_40",1.02,1.13,0.215883238671701,1,42.05,37.05,20.9,10,0.0103734,0.00207468,20.7468
"124","chestnut","40_100",0.0733333333333333,1.45,0.0989949493661167,2,65,29.3,5.7,1.66666666666667,0.00104561111111111,0.000627366666666667,6.27366666666667
"125","chewacla","0_10",NA,1.355,0.190918830920368,2,13.0714285714286,48.3571428571429,38.5714285714286,1.28571428571429,NA,NA,NA
"126","chewacla","10_20",NA,1.5096443452381,0.210069553241103,0,12.45,41,46.55,0.5,NA,NA,NA
"127","chewacla","20_40",NA,1.48,0.0692820323027551,3,11.45,48.925,39.625,3.5,NA,NA,NA
"128","chewacla","40_100",NA,1.53333333333333,0.118462370959446,3,15.65,46.3285714285714,38.0214285714286,0.5,NA,NA,NA
"129","clarksville","0_10",3.38222891566265,1.3509262485482,0.246635757280942,0,26.5863905325444,63.2307692307692,10.1786982248521,0.93491124260355,0.0452642440019454,0.00452642440019454,45.2642440019454
"130","clarksville","10_20",0.861122448979592,1.5096443452381,0.210069553241103,0,24.1833333333333,65.2088235294118,10.6098039215686,0.235294117647059,0.0129692983886984,0.00129692983886984,12.9692983886984
"131","clarksville","20_40",0.465586592178771,1.50104635443921,0.215883238671701,0,24.6770491803279,62.575956284153,12.7448087431694,1.2568306010929,0.00690083481834074,0.00138016696366815,13.8016696366815
"132","clarksville","40_100",0.1781,2.04,0.0916515138991169,3,26.1935546875,46.393359375,27.41328125,1.05078125,0.0035950625953125,0.0021570375571875,21.570375571875
"133","clebit","0_10",2.04,1.48,0.246635757280942,1,57.1,28.5,14.4,10,0.0271728,0.00271728,27.1728
"134","clebit","10_20",1.525,1.5096443452381,0.210069553241103,0,46.7895312870223,30.4653139464118,15.1362533561418,2.95214027796427,0.0223424322786418,0.00223424322786418,22.3424322786418
"135","clebit","20_40",1.01,1.51,0.215883238671701,1,56.5,30,13.5,14,0.01311586,0.002623172,26.23172
"136","clebit","40_100",1.01,1.59451747615447,0.19649269329816,0,47.1527031434407,24.7802985973975,23.2730709428291,3.29052854268621,0.0155746991771832,0.00934481950630994,93.4481950630994
"137","clifton","0_10",3.895,1.29857142857143,0.108386433872598,7,36.05,35.75,28.2,11.375,0.0448259552678572,0.00448259552678572,44.8259552678572
"138","clifton","10_20",1.01333333333333,1.53,0.0916515138991168,3,27.4666666666667,37.0666666666667,35.4666666666667,2,0.01519392,0.001519392,15.19392
"139","clifton","20_40",0.37,1.47166666666667,0.0820771994324043,6,28.0125,31.425,40.5625,5.75,0.00513206958333334,0.00102641391666667,10.2641391666667
"140","clifton","40_100",0.143571428571429,1.3935,0.106389304963076,20,38.1909090909091,27.1363636363636,34.6727272727273,5.45454545454545,0.00189154051948052,0.00113492431168831,11.3492431168831
"141","congaree","0_10",NA,1.3509262485482,0.246635757280942,0,48.2886660985049,31.5216808172776,14.2365984772959,2.55253239021966,NA,NA,NA
"142","congaree","10_20",NA,1.5096443452381,0.210069553241103,0,53.2,29,17.8,0,NA,NA,NA
"143","congaree","20_40",NA,1.50104635443921,0.215883238671701,0,44.6474010593,29.3694540148412,19.535668248824,2.4242495503916,NA,NA,NA
"144","congaree","40_100",0.475,1.59451747615447,0.19649269329816,0,43.05,35.725,21.225,0,0.00757395801173373,0.00454437480704024,45.4437480704024
"145","cowarts","0_10",1.06666666666667,1.525,0.088881944173156,4,73.7916666666667,9.60833333333333,8.75,3.83333333333333,0.0156431111111111,0.00156431111111111,15.6431111111111
"146","cowarts","10_20",0.33,1.65,0.0282842712474619,2,79.2,10.26,10.54,3.4,0.00525987,0.000525987,5.25987
"147","cowarts","20_40",0.313333333333333,1.66333333333333,0.091796877216312,6,65.7857142857143,8.22857142857143,23.6357142857143,5.42857142857143,0.00492885269841269,0.000985770539682538,9.85770539682538
"148","cowarts","40_100",0.137857142857143,1.70055555555556,0.108653373420044,18,61.2027777777778,6.44864864864865,31.6567567567568,2.75675675675676,0.00227970962462463,0.00136782577477478,13.6782577477478
"149","cowee","0_10",2.43,1.33,0.246635757280942,1,67.2,20.6,12.2,20,0.0258552,0.00258552,25.8552
"150","cowee","10_20",1.35,1.5096443452381,0.210069553241103,0,46.7895312870223,30.4653139464118,15.1362533561418,2.95214027796427,0.0197785466073223,0.00197785466073223,19.7785466073223
"151","cowee","20_40",0.27,1.64,0.215883238671701,1,62.8,18.6,18.6,17,0.00367524,0.000735048,7.35048
"152","cowee","40_100",0.16,1.83,0.395979797464466,2,78.9666666666667,9.6,11.4333333333333,18.3333333333333,0.0023912,0.00143472,14.3472
"153","craggey","0_10",14.86,0.76,0.10816653826392,3,60.075,33.2,23.625,6.75,0.10531282,0.010531282,105.31282
"154","craggey","10_20",6.15,1.04,0.210069553241103,1,71.85,20.6,7.55,21,0.0505284,0.00505284,50.5284
"155","craggey","20_40",1.87,0.97,0.215883238671701,1,79.6666666666667,16.9,3.43333333333333,20.3333333333333,0.0144507366666667,0.00289014733333333,28.9014733333333
"156","craggey","40_100",1.87,1.59451747615447,0.19649269329816,0,68.1,23.5,8.4,20,0.0238539814432709,0.0143123888659625,143.123888659625
"157","craven","0_10",1.125,1.45,0.014142135623731,2,23.3,67.2,9.5,0,0.0163125,0.00163125,16.3125
"158","craven","10_20",0.34,1.62,0.210069553241103,1,25.9,63.9,10.2,0,0.005508,0.0005508,5.508
"159","craven","20_40",0.24,1.58333333333333,0.153079500042734,3,15.0666666666667,57.7666666666667,27.1666666666667,0,0.00379999999999999,0.000759999999999999,7.59999999999999
"160","craven","40_100",0.142,1.588,0.0402492235949962,5,15.24,38.26,46.5,0,0.00225496,0.001352976,13.52976
"161","cullasaja","0_10",7.34,0.925,0.0353553390593273,2,58.7,29,12.3,57,0.02919485,0.002919485,29.19485
"162","cullasaja","10_20",8.1,0.84,0.210069553241103,1,55.3,23.7,21,51,0.0333396,0.00333396,33.3396
"163","cullasaja","20_40",2.18,1.32666666666667,0.319426569548204,3,58.0666666666667,28.8,13.1333333333333,46.6666666666667,0.0154247111111111,0.00308494222222223,30.8494222222223
"164","cullasaja","40_100",0.5975,1.54666666666667,0.185022521151706,3,63.9428571428571,23.8571428571429,12.2,58.8571428571429,0.00380214857142858,0.00228128914285715,22.8128914285715
"165","davidson","0_10",1.42,1.59,0.12,3,47.1571428571429,23.3,29.5428571428571,1,0.02235222,0.002235222,22.35222
"166","davidson","10_20",0.938,1.5096443452381,0.210069553241103,0,30.9333333333333,34.0333333333333,30.7,1.33333333333333,0.0139716577722223,0.00139716577722223,13.9716577722223
"167","davidson","20_40",0.456,1.5725,0.0206155281280883,4,40.1,20.9666666666667,38.9333333333333,0.666666666666667,0.007122796,0.0014245592,14.245592
"168","davidson","40_100",0.17,1.57666666666667,0.104626319187223,6,27.2,16.3357142857143,56.4642857142857,0.785714285714286,0.00265927357142858,0.00159556414285715,15.9556414285715
"169","dorovan","0_10",11.26,1.3509262485482,0.246635757280942,0,48.2886660985049,31.5216808172776,14.2365984772959,2.55253239021966,0.148231528921527,0.0148231528921527,148.231528921527
"170","dorovan","10_20",11.26,1.5096443452381,0.210069553241103,0,21,0.1,17.9,0,0.16998595327381,0.016998595327381,169.98595327381
"171","dorovan","20_40",12.79,1.50104635443921,0.215883238671701,0,44.6474010593,29.3694540148412,19.535668248824,2.4242495503916,0.187329661627896,0.0374659323255792,374.659323255792
"172","dorovan","40_100",14.32,1.59451747615447,0.19649269329816,0,65.3,0.8,22.2,0,0.22833490258532,0.137000941551192,1370.00941551192
"173","dothan","0_10",1.264375,1.405,0.346482322781408,2,74.3809523809524,14.13125,7.63125,1.8125,0.0174424877539063,0.00174424877539063,17.4424877539063
"174","dothan","10_20",0.700714285714286,1.65666666666667,0.124525767079214,6,78.5595238095238,13.047619047619,7.08095238095238,2.19047619047619,0.0113542185714286,0.00113542185714286,11.3542185714286
"175","dothan","20_40",0.302380952380952,1.778,0.0834865258589673,5,66.6610169491525,13.3305084745763,15.0779661016949,2.91525423728814,0.0052195995480226,0.00104391990960452,10.4391990960452
"176","dothan","40_100",0.168688524590164,1.636,0.068677992593455,25,55.375,12.6240740740741,27.6231481481481,3.31481481481481,0.00266826385063752,0.00160095831038251,16.0095831038251
"177","duplin","0_10",1.555,1.3509262485482,0.246635757280942,0,37.2,23.2,9.4,0,0.0210069031649245,0.00210069031649245,21.0069031649245
"178","duplin","10_20",1.34,1.5096443452381,0.210069553241103,0,7.3,17.8,12,0,0.0202292342261905,0.00202292342261905,20.2292342261905
"179","duplin","20_40",0.503333333333333,1.50104635443921,0.215883238671701,0,52.9333333333333,21.7666666666667,24.9333333333333,0,0.00755526665067736,0.00151105333013547,15.1105333013547
"180","duplin","40_100",0.188333333333333,1.59451747615447,0.19649269329816,0,38.5,18.2857142857143,49.5714285714286,0,0.00300300791342425,0.00180180474805455,18.0180474805455
"181","edneyville","0_10",6.57,0.82,0.246635757280942,1,32.7,38.7,28.6,5,0.0511803,0.00511803,51.1803
"182","edneyville","10_20",0.75,1.19,0.210069553241103,1,36.5,34.2,29.3,2,0.0087465,0.00087465,8.7465
"183","edneyville","20_40",0.443,1.50104635443921,0.215883238671701,0,44.6474010593,29.3694540148412,19.535668248824,2.4242495503916,0.00648843159508663,0.00129768631901733,12.9768631901733
"184","edneyville","40_100",0.136,1.075,0.0493288286231624,4,66.5,24.24,9.26,0.6,0.001453228,0.0008719368,8.719368
"185","enon","0_10",4.5,1.07,0.246635757280942,1,60.1,29.95,9.95,27.5,0.03490875,0.003490875,34.90875
"186","enon","10_20",0.69,1.48,0.210069553241103,1,46.3,40.6,13.1,29,0.00725052,0.000725052,7.25052
"187","enon","20_40",0.48,1.52,0.215883238671701,1,30.75,19.9,49.35,8,0.00671232,0.001342464,13.42464
"188","enon","40_100",0.265,1.76333333333333,0.0873689494805411,3,32.3857142857143,17.5285714285714,50.0857142857143,2.57142857142857,0.00455267476190475,0.00273160485714285,27.3160485714285
"189","escambia","0_10",2.35,1.3509262485482,0.246635757280942,0,60.7333333333333,29.2666666666667,7.6,0,0.0317467668408827,0.00317467668408827,31.7467668408827
"190","escambia","10_20",1.325,1.33,0.210069553241103,1,48.525,31.9,6.7,0.5,0.0175343875,0.00175343875,17.5343875
"191","escambia","20_40",0.55,1.7,0.215883238671701,1,49.56,29.92,9.44,0.6,0.0092939,0.00185878,18.5878
"192","escambia","40_100",0.202857142857143,1.78,0.0282842712474619,2,57.0076923076923,29.0076923076923,15.3538461538462,0.615384615384615,0.00358863648351648,0.00215318189010989,21.5318189010989
"193","estate","0_10",2.7,1.3509262485482,0.246635757280942,0,45.975,45.375,8.65,0,0.0364750087108014,0.00364750087108014,36.4750087108014
"194","estate","10_20",0.6,1.64,0.210069553241103,1,37.175,47.8,15.025,0,0.00984,0.000984,9.84
"195","estate","20_40",0.5,1.50104635443921,0.215883238671701,0,23.96,49.14,26.9,0,0.00750523177219605,0.00150104635443921,15.0104635443921
"196","estate","40_100",0.25,1.74,0.19649269329816,1,29.3923076923077,30,40.6076923076923,0,0.00435,0.00261,26.1
"197","esto","0_10",1.562,1.3509262485482,0.246635757280942,0,57.84,13.68,11.89,0,0.0211014680023229,0.00211014680023229,21.1014680023229
"198","esto","10_20",0.846,1.5096443452381,0.210069553241103,0,38.78,18.04,21.58,0,0.0127715911607143,0.00127715911607143,12.7715911607143
"199","esto","20_40",0.514545454545455,1.50104635443921,0.215883238671701,0,38.5363636363636,13.2272727272727,39.6,0,0.00772356578738721,0.00154471315747744,15.4471315747744
"200","esto","40_100",0.164782608695652,1.59451747615447,0.19649269329816,0,44.1565217391304,8.68695652173913,53.5130434782609,0,0.00262748749331541,0.00157649249598925,15.7649249598925
"201","evard","0_10",1.98,1.3509262485482,0.246635757280942,0,49.9,28.7,21.4,6,0.0251434393379791,0.00251434393379791,25.1434393379791
"202","evard","10_20",1.175,1.5096443452381,0.210069553241103,0,46.7895312870223,30.4653139464118,15.1362533561418,2.95214027796427,0.0172146609360027,0.00172146609360027,17.2146609360027
"203","evard","20_40",0.37,1.49,0.215883238671701,1,40.6,32.8,26.6,4,0.00529248,0.001058496,10.58496
"204","evard","40_100",0.095,1.555,0.0636396103067893,2,42.05,26.35,31.6,4,0.00141816,0.000850896,8.50896
"205","evergreen","0_10",2.79666666666667,1.3509262485482,0.246635757280942,0,48.2886660985049,31.5216808172776,14.2365984772959,2.55253239021966,0.0368165342703259,0.00368165342703259,36.8165342703259
"206","evergreen","10_20",2.79666666666667,1.5096443452381,0.210069553241103,0,46.7895312870223,30.4653139464118,15.1362533561418,2.95214027796427,0.0409733348235639,0.00409733348235639,40.9733348235639
"207","evergreen","20_40",2.79666666666667,1.50104635443921,0.215883238671701,0,56.1333333333333,4.9,4.2,0,0.0419792630458166,0.00839585260916332,83.9585260916332
"208","evergreen","40_100",0.716666666666667,1.59451747615447,0.19649269329816,0,44.9,1.45,1.75,0,0.0114273752457737,0.00685642514746422,68.5642514746422
"209","fannin","0_10",12.225,1.19,0.212132034355964,2,40.3833333333333,29.0833333333333,21.1,4.5,0.1389310125,0.01389310125,138.9310125
"210","fannin","10_20",0.89,1.305,0.0212132034355964,2,61.55,18.7,19.75,13.5,0.0100465425,0.00100465425,10.0465425
"211","fannin","20_40",0.7075,1.3075,0.0590903263374528,4,48.36,17.68,33.96,2.8,0.00899154675,0.00179830935,17.9830935
"212","fannin","40_100",0.157777777777778,1.35818181818182,0.124082084268292,11,62.5631578947368,17.3736842105263,20.0631578947368,9.05263157894737,0.00194891942583732,0.00116935165550239,11.6935165550239
"213","forestdale","0_10",2.16111111111111,1.595,0.141539158303748,4,14.2272727272727,52.6,33.1636363636364,0,0.0344697222222222,0.00344697222222222,34.4697222222222
"214","forestdale","10_20",1.125,1.5096443452381,0.210069553241103,0,12.8125,52.2875,34.9,0,0.0169834988839286,0.00169834988839286,16.9834988839286
"215","forestdale","20_40",0.474545454545455,1.686,0.133341666406266,5,9.60769230769231,52.8,37.5923076923077,0,0.00800083636363636,0.00160016727272727,16.0016727272727
"216","forestdale","40_100",0.30875,1.70538461538462,0.08471672253412,13,12.1447368421053,44.3947368421053,43.4631578947368,0,0.00526537500000001,0.00315922500000001,31.5922500000001
"217","foxworth","0_10",1.06125,1.3509262485482,0.246635757280942,0,44.8055555555556,3.75,1.8,0,0.0143367048127178,0.00143367048127178,14.3367048127178
"218","foxworth","10_20",0.452857142857143,1.5096443452381,0.210069553241103,0,78.3222222222222,3.52222222222222,1.74444444444444,0,0.00683653224914968,0.000683653224914968,6.83653224914968
"219","foxworth","20_40",0.488571428571429,1.50104635443921,0.215883238671701,0,58.0875,4.1625,1.8125,0,0.007333683617403,0.0014667367234806,14.667367234806
"220","foxworth","40_100",0.1896875,1.795,0.00707106781186548,2,69.3025641025641,3.5325,2.055,0,0.003404890625,0.002042934375,20.42934375
"221","fuquay","0_10",0.99375,1.43,0.246635757280942,1,75.1590909090909,12.25,4.24090909090909,3.04545454545455,0.013777846875,0.0013777846875,13.777846875
"222","fuquay","10_20",0.83,1.805,0.106066017177982,2,77.2076923076923,9.32307692307692,3.96153846153846,5.69230769230769,0.0141287069230769,0.00141287069230769,14.1287069230769
"223","fuquay","20_40",0.33,1.69,0.215883238671701,1,65.6533333333333,11.1866666666667,5.38666666666667,7.2,0.005175456,0.0010350912,10.350912
"224","fuquay","40_100",0.176451612903226,1.704,0.045752959831396,10,67.2641509433962,9.54339622641509,13.9320754716981,1.75471698113208,0.00295397578575776,0.00177238547145466,17.7238547145466
"225","glenmora","0_10",1.2,1.42,0.246635757280942,1,43.3,50.9,5.8,0,0.01704,0.001704,17.04
"226","glenmora","10_20",0.86,1.5096443452381,0.210069553241103,0,46.7895312870223,30.4653139464118,15.1362533561418,2.95214027796427,0.0125996667276275,0.00125996667276275,12.5996667276275
"227","glenmora","20_40",0.52,1.59,0.215883238671701,1,35.7,52.1,12.2,1,0.00818532,0.001637064,16.37064
"228","glenmora","40_100",0.15,1.635,0.0353553390593273,2,30.15,51.2,18.65,2,0.00240345,0.00144207,14.4207
"229","goldsboro","0_10",3.6225,1.38,0.246635757280942,1,64.5333333333333,28.7,10,0,0.0499905,0.00499905,49.9905
"230","goldsboro","10_20",0.785,1.5096443452381,0.210069553241103,0,74.78,18.88,6.34,0.2,0.0118270066938988,0.00118270066938988,11.8270066938989
"231","goldsboro","20_40",0.325,1.55,0.062449979983984,3,61.5916666666667,26.8666666666667,11.5416666666667,0.166666666666667,0.00502910416666667,0.00100582083333333,10.0582083333333
"232","goldsboro","40_100",0.118181818181818,1.668,0.0396232255123179,5,56.004,22.38,21.62,0.2,0.00196733018181818,0.00118039810909091,11.8039810909091
"233","greenville","0_10",0.9225,1.765,0.109498858441538,6,64.2727272727273,17.5272727272727,20.4818181818182,0,0.016282125,0.0016282125,16.282125
"234","greenville","10_20",1.23,1.69,0.0707106781186548,2,51.3,24.32,24.38,0,0.020787,0.0020787,20.787
"235","greenville","20_40",0.299166666666667,1.6375,0.0747854072854935,8,45.08,16.9333333333333,40.22,0,0.00489885416666667,0.000979770833333333,9.79770833333333
"236","greenville","40_100",0.106153846153846,1.62611111111111,0.0825433140406324,18,41.9485714285714,14.68,43.0828571428571,0,0.00172617948717949,0.00103570769230769,10.3570769230769
"237","guyton","0_10",0.76,1.4525,0.097082439194738,4,29.45,54.3666666666667,15.9666666666667,0,0.011039,0.0011039,11.039
"238","guyton","10_20",0.61,1.655,0.120208152801713,2,20.65,59.5,19.85,0,0.0100955,0.00100955,10.0955
"239","guyton","20_40",0.46,1.58,0.0724568837309472,5,21.06,64.76,14.18,0,0.007268,0.0014536,14.536
"240","guyton","40_100",0.31,1.646,0.135088448391744,10,19.3916666666667,57.5333333333333,23.075,0.25,0.0050898435,0.0030539061,30.539061
"241","gwinnett","0_10",NA,1.3509262485482,0.246635757280942,0,48.6333333333333,31,20.3666666666667,0,NA,NA,NA
"242","gwinnett","10_20",NA,1.5096443452381,0.210069553241103,0,46.7895312870223,30.4653139464118,15.1362533561418,2.95214027796427,NA,NA,NA
"243","gwinnett","20_40",NA,1.50104635443921,0.215883238671701,0,26,35.6,38.4,0,NA,NA,NA
"244","gwinnett","40_100",NA,1.59451747615447,0.19649269329816,0,37.55,20.75,41.7,0,NA,NA,NA
"245","hard labor","0_10",NA,1.3509262485482,0.246635757280942,0,75.3,17.9,6.8,0,NA,NA,NA
"246","hard labor","10_20",NA,1.5096443452381,0.210069553241103,0,79.9,15.3,4.8,0,NA,NA,NA
"247","hard labor","20_40",NA,1.50104635443921,0.215883238671701,0,75.9,18.1,6,0,NA,NA,NA
"248","hard labor","40_100",NA,1.59451747615447,0.19649269329816,0,36.75,14,49.25,0,NA,NA,NA
"249","harleston","0_10",2.74,1.28,0.246635757280942,1,67.8333333333333,27.5666666666667,4.6,0.333333333333333,0.0349550933333333,0.00349550933333333,34.9550933333333
"250","harleston","10_20",0.44,1.49,0.210069553241103,1,44.5,45,10.5,2,0.00642488,0.000642488,6.42488
"251","harleston","20_40",0.15,1.565,0.0494974746830584,2,53.45,34.9,11.65,0.25,0.00234163125,0.00046832625,4.6832625
"252","harleston","40_100",0.05,1.7,0.03,3,55.775,27.2375,16.9875,0.375,0.0008468125,0.0005080875,5.080875
"253","helena","0_10",0.98,1.3509262485482,0.246635757280942,0,76.75,32.45,11.3,0,0.0132390772357724,0.00132390772357724,13.2390772357724
"254","helena","10_20",0.535,1.5096443452381,0.210069553241103,0,46.7895312870223,30.4653139464118,15.1362533561418,2.95214027796427,0.00783816476660549,0.000783816476660549,7.83816476660549
"255","helena","20_40",0.09,1.50104635443921,0.215883238671701,0,27.4,31.6,17.75,0,0.00135094171899529,0.000270188343799058,2.70188343799058
"256","helena","40_100",0.173333333333333,1.59451747615447,0.19649269329816,0,21.875,20.575,48.175,0,0.00276383029200108,0.00165829817520065,16.5829817520065
"257","hemphill","0_10",3.62,1.3509262485482,0.246635757280942,0,48.2886660985049,31.5216808172776,14.2365984772959,2.55253239021966,0.0476552517491942,0.00476552517491942,47.6552517491942
"258","hemphill","10_20",3.62,1.53,0.15556349186104,2,26.3,37.2,36.5,0,0.055386,0.0055386,55.386
"259","hemphill","20_40",2.53,1.64,0.215883238671701,1,8.8,33.8,57.4,0,0.041492,0.0082984,82.984
"260","hemphill","40_100",1.15,1.45571428571429,0.11355720186425,7,35.5857142857143,35.3142857142857,29.1,0,0.0167407142857143,0.0100444285714286,100.444285714286
"261","hiwassee","0_10",1.22285714285714,1.60333333333333,0.159457413332421,6,31.3769230769231,29.2,39.4230769230769,1.46153846153846,0.01931992,0.001931992,19.31992
"262","hiwassee","10_20",0.825,1.645,0.0881286937760152,4,57.1,22.525,20.375,3.25,0.013130184375,0.0013130184375,13.130184375
"263","hiwassee","20_40",0.64125,1.625,0.0808879295250975,8,23.7066666666667,22.0066666666667,54.2866666666667,1.13333333333333,0.010302215625,0.002060443125,20.60443125
"264","hiwassee","40_100",0.125384615384615,1.56769230769231,0.0953199739608516,13,22.7269230769231,23.0730769230769,55.0192307692308,0.846153846153846,0.00194901258989531,0.00116940755393719,11.6940755393719
"265","hurricane","0_10",1.01055555555556,1.3509262485482,0.246635757280942,0,46.3666666666667,3.52631578947368,1.56315789473684,0,0.0136518602561621,0.00136518602561621,13.6518602561621
"266","hurricane","10_20",0.435714285714286,1.5096443452381,0.210069553241103,0,62.3428571428571,3.44285714285714,1.3,0,0.00657773607568029,0.000657773607568029,6.57773607568029
"267","hurricane","20_40",0.514545454545455,1.50104635443921,0.215883238671701,0,56.68,4.65454545454545,1.80909090909091,0,0.00772356578738721,0.00154471315747744,15.4471315747744
"268","hurricane","40_100",0.146341463414634,1.59451747615447,0.19649269329816,0,51.8738095238095,3.25581395348837,1.62790697674419,0,0.00233344020900654,0.00140006412540393,14.0006412540392
"269","kingsferry","0_10",1.14,1.3509262485482,0.246635757280942,0,46.6,4.3,1.1,0,0.0154005592334495,0.00154005592334495,15.4005592334495
"270","kingsferry","10_20",0.79,1.5096443452381,0.210069553241103,0,55.8,3.6,1.3,0,0.011926190327381,0.0011926190327381,11.926190327381
"271","kingsferry","20_40",0.66,1.50104635443921,0.215883238671701,0,32.4,5.5,1.4,0,0.00990690593929879,0.00198138118785976,19.8138118785976
"272","kingsferry","40_100",0.504,1.59451747615447,0.19649269329816,0,67.22,4.6,2.52,0,0.00803636807981853,0.00482182084789112,48.2182084789112
"273","kinston","0_10",5.09,1.3509262485482,0.246635757280942,0,1.3,40.6,46.3,0,0.0687621460511034,0.00687621460511034,68.7621460511034
"274","kinston","10_20",0.56,1.5096443452381,0.210069553241103,0,21.1,33.7,29.3,0,0.00845400833333336,0.000845400833333336,8.45400833333336
"275","kinston","20_40",0.7675,1.50104635443921,0.215883238671701,0,44.6474010593,29.3694540148412,19.535668248824,2.4242495503916,0.0112412443549187,0.00224824887098374,22.4824887098374
"276","kinston","40_100",0.975,1.59451747615447,0.19649269329816,0,41.05,34.15,32.7,0,0.0155465453925061,0.00932792723550365,93.2792723550365
"277","kolin","0_10",1.21,1.435,0.0494974746830584,2,33.9333333333333,57.8666666666667,8.2,0,0.0173635,0.00173635,17.3635
"278","kolin","10_20",0.465,1.53,0.210069553241103,1,23.1,64.6,12.3,0,0.0071145,0.00071145,7.1145
"279","kolin","20_40",0.2,1.56,0.215883238671701,1,26.8666666666667,57.1333333333333,16,0.333333333333333,0.0031096,0.00062192,6.2192
"280","kolin","40_100",0.206,1.706,0.105261578935526,5,20.1545454545455,51.7818181818182,28.0636363636364,0.545454545454545,0.00349519076363636,0.00209711445818182,20.9711445818182
"281","lakeland","0_10",0.849411764705882,1.3509262485482,0.246635757280942,0,65.7052631578947,4.18421052631579,2.32631578947368,0,0.0114749264876682,0.00114749264876682,11.4749264876682
"282","lakeland","10_20",0.397142857142857,1.5096443452381,0.210069553241103,0,42.3857142857143,5.55714285714286,2.45714285714286,0,0.00599544468537417,0.000599544468537417,5.99544468537417
"283","lakeland","20_40",0.235555555555556,1.50104635443921,0.215883238671701,0,63.5625,4.87777777777778,3.25555555555556,0,0.0035357980793457,0.000707159615869139,7.07159615869139
"284","lakeland","40_100",0.130645161290323,1.59451747615447,0.19649269329816,0,75.0088888888889,4.51333333333333,3.22888888888889,0,0.00208315992852439,0.00124989595711463,12.4989595711463
"285","latonia","0_10",1.25,1.51,0.246635757280942,1,58.7,36,5.3,1,0.01868625,0.001868625,18.68625
"286","latonia","10_20",0.72,1.5096443452381,0.210069553241103,0,46.7895312870223,30.4653139464118,15.1362533561418,2.95214027796427,0.0105485581905719,0.00105485581905719,10.5485581905719
"287","latonia","20_40",0.19,1.58,0,2,52.95,35.9,11.15,0,0.003002,0.0006004,6.004
"288","latonia","40_100",0.0733333333333333,1.65333333333333,0.0305505046330388,3,51.3666666666667,32.7333333333333,15.9,0.666666666666667,0.00120436148148148,0.000722616888888887,7.22616888888887
"289","leadvale","0_10",1.70444444444444,1.3509262485482,0.246635757280942,0,23.6461538461538,63.9,12.4615384615385,0,0.0230257873919215,0.00230257873919215,23.0257873919215
"290","leadvale","10_20",0.68,1.5096443452381,0.210069553241103,0,21.3333333333333,63.6666666666667,15,0,0.0102655815476191,0.00102655815476191,10.2655815476191
"291","leadvale","20_40",0.41875,1.50104635443921,0.215883238671701,0,15.575,62.75,21.6833333333333,0,0.00628563160921419,0.00125712632184284,12.5712632184284
"292","leadvale","40_100",0.249473684210526,1.59451747615447,0.19649269329816,0,16.4655172413793,55.3344827586207,28.2034482758621,0,0.00397790149314326,0.00238674089588595,23.8674089588595
"293","leefield","0_10",1.3,1.3509262485482,0.246635757280942,0,38.7666666666667,8.31666666666667,5.63333333333333,0,0.0175620412311266,0.00175620412311266,17.5620412311266
"294","leefield","10_20",1.232,1.5096443452381,0.210069553241103,0,56.58,7.98,5.02,0,0.0185988183333334,0.00185988183333334,18.5988183333334
"295","leefield","20_40",0.41375,1.50104635443921,0.215883238671701,0,33.8571428571429,10.7875,5.25,0,0.00621057929149223,0.00124211585829845,12.4211585829845
"296","leefield","40_100",0.099375,1.59451747615447,0.19649269329816,0,52.0571428571429,8.46111111111111,11.4777777777778,0,0.0015845517419285,0.000950731045157103,9.50731045157103
"297","lenoir","0_10",NA,1.41,0,2,14.0333333333333,52.6333333333333,33.3333333333333,0,NA,NA,NA
"298","lenoir","10_20",NA,1.61,0.210069553241103,1,6,45.2,48.8,0,NA,NA,NA
"299","lenoir","20_40",NA,1.47,0.215883238671701,1,16.5,48.55,34.95,0,NA,NA,NA
"300","lenoir","40_100",NA,1.486,0.0702139587261679,5,7.74285714285714,46.4714285714286,45.7857142857143,0,NA,NA,NA
"301","leon","0_10",1.91818181818182,1.05,0.29698484809835,2,50.95,8.12916666666667,1.325,0,0.0201409090909091,0.00201409090909091,20.1409090909091
"302","leon","10_20",0.653333333333333,1.5096443452381,0.210069553241103,0,68.85,4.9125,0.6125,0,0.00986300972222225,0.000986300972222226,9.86300972222226
"303","leon","20_40",1.11884615384615,1.47666666666667,0.21594752448994,3,64.9035714285714,3.72142857142857,1.00357142857143,0,0.0165216282051282,0.00330432564102565,33.0432564102565
"304","leon","40_100",0.975833333333333,1.45,0.321403173599764,3,64.0475,4.40740740740741,2.3,0,0.0141495833333333,0.00848975,84.8975
"305","lexington","0_10",0.833333333333333,1.3509262485482,0.246635757280942,0,19.16,67.86,12.98,0,0.0112577187379017,0.00112577187379017,11.2577187379017
"306","lexington","10_20",0.385,1.5096443452381,0.210069553241103,0,6.45,65.45,28.1,0,0.00581213072916669,0.000581213072916669,5.81213072916669
"307","lexington","20_40",0.31,1.50104635443921,0.215883238671701,0,7.825,59.825,32.35,0,0.00465324369876155,0.00093064873975231,9.3064873975231
"308","lexington","40_100",0.12125,1.59451747615447,0.19649269329816,0,24.5272727272727,52.9818181818182,22.4909090909091,0,0.0019333524398373,0.00116001146390238,11.6001146390238
"309","lily","0_10",2.12428571428571,1.39333333333333,0.300222139978605,3,43.6695652173913,43.9326086956522,11.1130434782609,1.1304347826087,0.0292637905590061,0.00292637905590061,29.2637905590061
"310","lily","10_20",0.673823529411765,1.35833333333333,0.128127540625217,6,43.1093023255814,44.2767441860465,12.6186046511628,2.23255813953488,0.00894842870497034,0.000894842870497034,8.94842870497034
"311","lily","20_40",0.429268292682927,1.55875,0.122408858222878,8,41.4625,39.3395833333333,19.1958333333333,1.6875,0.00657830518292683,0.00131566103658537,13.1566103658537
"312","lily","40_100",0.236896551724138,1.65714285714286,0.112552795914326,14,51.4365384615385,28.2048076923077,20.3586538461538,1.27884615384615,0.00387551043956045,0.00232530626373627,23.2530626373627
"313","lloyd","0_10",NA,1.415,0.558614357137373,2,58.725,20.675,20.6,7.25,NA,NA,NA
"314","lloyd","10_20",NA,1.51,0.210069553241103,1,50.65,24.05,25.3,11,NA,NA,NA
"315","lloyd","20_40",NA,1.57,0.254558441227157,2,35.6,20.6571428571429,43.7428571428571,2.42857142857143,NA,NA,NA
"316","lloyd","40_100",NA,1.558,0.228516957795259,5,33.81,23.39,42.8,1.7,NA,NA,NA
"317","louisburg","0_10",NA,1.3509262485482,0.246635757280942,0,65.2,27.8,7,0,NA,NA,NA
"318","louisburg","10_20",NA,1.5096443452381,0.210069553241103,0,46.7895312870223,30.4653139464118,15.1362533561418,2.95214027796427,NA,NA,NA
"319","louisburg","20_40",NA,1.50104635443921,0.215883238671701,0,60.2,30.9,8.9,0,NA,NA,NA
"320","louisburg","40_100",NA,1.59451747615447,0.19649269329816,0,62.4,24.6333333333333,12.9666666666667,0,NA,NA,NA
"321","lucy","0_10",0.945,1.3509262485482,0.246635757280942,0,71.9,7.88571428571429,4.21428571428571,1.85714285714286,0.0125291654921603,0.00125291654921603,12.5291654921603
"322","lucy","10_20",0.795,1.58,0.210069553241103,1,73.3,5.65,5.45,0,0.012561,0.0012561,12.561
"323","lucy","20_40",0.282,1.50104635443921,0.215883238671701,0,59.0428571428571,8.75714285714286,6.37142857142857,0.142857142857143,0.00422690364706212,0.000845380729412423,8.45380729412423
"324","lucy","40_100",0.125882352941176,1.616,0.0512835256198323,5,61.7863636363636,7.00909090909091,13.7954545454545,0.0454545454545455,0.00203333416042781,0.00122000049625668,12.2000049625668
"325","lynchburg","0_10",3.37,1.33,0.29698484809835,2,52.36,27.4,10.38,0,0.044821,0.0044821,44.821
"326","lynchburg","10_20",0.826,1.7,0.0565685424949239,2,74.02,21.9,7.8,0,0.014042,0.0014042,14.042
"327","lynchburg","20_40",0.252857142857143,1.71,0.0989949493661167,2,56.32,18.9,9.27,0,0.00432385714285714,0.000864771428571429,8.64771428571429
"328","lynchburg","40_100",0.0714285714285714,1.816,0.0931665175908169,5,61.5529411764706,16.3294117647059,17.8058823529412,0,0.00129714285714286,0.000778285714285714,7.78285714285714
"329","madison","0_10",1.41,1.35,0.306104557300279,3,59.84,19.96,20.2,4.4,0.01819746,0.001819746,18.19746
"330","madison","10_20",0.47,1.765,0.0212132034355964,2,49.45,21.5666666666667,28.9833333333333,4.5,0.0079222025,0.00079222025,7.9222025
"331","madison","20_40",0.175,1.47666666666667,0.0929157324317756,3,37.65,18.1333333333333,44.2166666666667,0.833333333333333,0.00256263194444445,0.00051252638888889,5.1252638888889
"332","madison","40_100",0.143333333333333,1.46444444444444,0.07650344945019,9,41.00625,17.0875,41.90625,0.25,0.00209378944444444,0.00125627366666666,12.5627366666666
"333","malbis","0_10",1.26571428571429,1.58666666666667,0.108750478926148,6,60.0388888888889,31.9444444444444,6.41666666666667,1,0.01988184,0.001988184,19.88184
"334","malbis","10_20",0.698333333333333,1.63857142857143,0.162729691147474,7,58.26875,33.7875,7.23125,1.5,0.0112710501190476,0.00112710501190476,11.2710501190476
"335","malbis","20_40",0.244666666666667,1.67,0.0616441400296898,9,53.3095238095238,31.7619047619048,17.0047619047619,1.57142857142857,0.00402172580952381,0.000804345161904762,8.04345161904762
"336","malbis","40_100",0.142241379310345,1.72321428571429,0.0730830867310459,28,45.630985915493,29.369014084507,24.5154929577465,1.74647887323944,0.00240831540969958,0.00144498924581975,14.4498924581975
"337","mantachie","0_10",1.56,1.55,0.0294392028877595,4,44.425,31.2083333333333,24.375,0.583333333333333,0.02403895,0.002403895,24.03895
"338","mantachie","10_20",1.215,1.635,0.0777817459305201,2,43.1125,35.275,21.6125,1.5,0.01956727125,0.001956727125,19.56727125
"339","mantachie","20_40",0.4025,1.595,0.106160256216722,6,54.4727272727273,27.8909090909091,17.6363636363636,1.45454545454545,0.006326495,0.001265299,12.65299
"340","mantachie","40_100",0.208,1.61384615384615,0.12692113440627,13,56.19375,24.603125,19.203125,1.5,0.00330644799999999,0.0019838688,19.838688
"341","mascotte","0_10",4.28,1.3509262485482,0.246635757280942,0,33.05,6,2.4,0,0.057819643437863,0.0057819643437863,57.819643437863
"342","mascotte","10_20",0.48,1.5096443452381,0.210069553241103,0,63.6,4,2.7,0,0.00724629285714288,0.000724629285714288,7.24629285714288
"343","mascotte","20_40",0.15,1.50104635443921,0.215883238671701,0,28.05,4.6,1.15,0,0.00225156953165882,0.000450313906331763,4.50313906331763
"344","mascotte","40_100",0.979,1.59451747615447,0.19649269329816,0,42.5555555555556,5.32,11.36,0,0.0156103260915523,0.00936619565493136,93.6619565493136
"345","mattex","0_10",2.08,1.24,0.246635757280942,1,11.5,58,30.5,0,0.025792,0.0025792,25.792
"346","mattex","10_20",1.5975,1.5096443452381,0.210069553241103,0,46.7895312870223,30.4653139464118,15.1362533561418,2.95214027796427,0.0234046134853314,0.00234046134853314,23.4046134853314
"347","mattex","20_40",1.115,1.47,0.0565685424949239,2,23.3,46.25,30.45,0.5,0.0163085475,0.0032617095,32.617095
"348","mattex","40_100",0.11,1.715,0.0212132034355964,2,46.3,37.35,16.35,2,0.00184877,0.001109262,11.09262
"349","mclaurin","0_10",1.58,1.4,0.246635757280942,1,53.2,40.6,6.2,0,0.02212,0.002212,22.12
"350","mclaurin","10_20",0.98,1.59,0.210069553241103,1,56.9,39,4.1,0,0.015582,0.0015582,15.582
"351","mclaurin","20_40",0.31,1.62,0.215883238671701,1,50.4,39.5,10.1,0,0.005022,0.0010044,10.044
"352","mclaurin","40_100",0.13,1.6,0.19649269329816,1,46.7,38.3,15,0,0.00208,0.001248,12.48
"353","mecklenburg","0_10",1.81,1.61,0.0424264068711927,2,39.8333333333333,28.6,31.5666666666667,1.66666666666667,0.0286553166666667,0.00286553166666667,28.6553166666667
"354","mecklenburg","10_20",1.19,1.5096443452381,0.210069553241103,0,40.7,33.9,25.4,0,0.0179647677083334,0.00179647677083334,17.9647677083334
"355","mecklenburg","20_40",0.57,1.41,0.215883238671701,1,21.2,21.15,57.65,0,0.008037,0.0016074,16.074
"356","mecklenburg","40_100",0.156666666666667,1.346,0.146901327427631,5,25.36,33.84,40.8,0.1,0.0021066246,0.00126397476,12.6397476
"357","meggett","0_10",1.635,1.37,0.113137084989848,2,69.0333333333333,21.7166666666667,8.13333333333333,0,0.0223995,0.00223995,22.3995
"358","meggett","10_20",0.69,1.515,0.0494974746830584,2,62.7,22.3666666666667,8.2,0,0.0104535,0.00104535,10.4535
"359","meggett","20_40",0.53,1.7,0.0565685424949239,2,48.25,18.65,20.8166666666667,0,0.00901,0.001802,18.02
"360","meggett","40_100",0.245714285714286,1.75,0.0707106781186548,5,46.3285714285714,18.75,42.9642857142857,0.857142857142857,0.00426314285714286,0.00255788571428571,25.5788571428571
"361","moko","0_10",4.98990909090909,1.29,0.246635757280942,1,29.2196428571429,44.3776785714286,26.4017857142857,0.267857142857143,0.0641974080925325,0.00641974080925325,64.1974080925325
"362","moko","10_20",3.61666666666667,1.37,0.210069553241103,1,32.4105263157895,40.5157894736842,27.0754385964912,0.508771929824561,0.0492962453216374,0.00492962453216374,49.2962453216374
"363","moko","20_40",3.024,1.52,0.215883238671701,1,29.99,42.65,27.356,0.66,0.04566143232,0.009132286464,91.32286464
"364","moko","40_100",1.425,1.47,0.19649269329816,1,46.1,33.075,20.825,0,0.0209475,0.0125685,125.685
"365","mollville","0_10",3.11,1.335,0.388908729652601,2,39.7333333333333,46.3,13.9666666666667,0,0.0415185,0.00415185,41.5185
"366","mollville","10_20",0.99,1.57,0.0282842712474619,2,61.9,28,10.1,0,0.015543,0.0015543,15.543
"367","mollville","20_40",0.3,1.7125,0.199895806192459,4,46.525,37.225,16.25,0,0.0051375,0.0010275,10.275
"368","mollville","40_100",0.286666666666667,1.65777777777778,0.158727579344122,9,49.4555555555556,31.0111111111111,19.5333333333333,0.111111111111111,0.0047470159670782,0.00284820958024692,28.4820958024692
"369","nikwasi","0_10",7.34,0.96,0.246635757280942,1,70,17.5,12.5,0,0.070464,0.0070464,70.464
"370","nikwasi","10_20",5.165,1.5096443452381,0.210069553241103,0,46.7895312870223,30.4653139464118,15.1362533561418,2.95214027796427,0.0756712542420885,0.00756712542420885,75.6712542420885
"371","nikwasi","20_40",2.99,1.24,0.215883238671701,1,80.1,13.6,6.3,5,0.0352222,0.00704444,70.4444
"372","nikwasi","40_100",1.26666666666667,1.325,0.00707106781186548,2,92.6666666666667,4.66666666666667,2.66666666666667,34,0.011077,0.0066462,66.462
"373","nixa","0_10",2.92346153846154,1.3509262485482,0.246635757280942,0,21.9785714285714,68.2535714285714,9.75714285714286,2.39285714285714,0.0385487788527229,0.00385487788527229,38.5487788527229
"374","nixa","10_20",1.145,1.5096443452381,0.210069553241103,0,19.2875,70.8875,9.8375,4.9375,0.016431959757673,0.0016431959757673,16.431959757673
"375","nixa","20_40",0.577931034482759,1.50104635443921,0.215883238671701,0,22.6,66.0774193548387,11.3322580645161,2.41935483870968,0.0084651333841728,0.00169302667683456,16.9302667683456
"376","nixa","40_100",0.219873417721519,1.96,0.212132034355964,2,22.3758620689655,47.9954022988506,29.6310344827586,1.64367816091954,0.00423868436490616,0.00254321061894369,25.4321061894369
"377","noark","0_10",2.96829268292683,1.3509262485482,0.246635757280942,0,17.9860465116279,71.5581395348837,10.4581395348837,0,0.0400994449873941,0.00400994449873941,40.0994449873941
"378","noark","10_20",0.976190476190476,1.5096443452381,0.210069553241103,0,16.5272727272727,73.5045454545455,9.95909090909091,0,0.0147370043225624,0.00147370043225624,14.7370043225624
"379","noark","20_40",0.391489361702128,1.50104635443921,0.215883238671701,0,14.056,67.232,18.718,0.74,0.00583295115958745,0.00116659023191749,11.6659023191749
"380","noark","40_100",0.2,1.44,0.19649269329816,1,13.0622807017544,38.480701754386,48.4605263157895,0.771929824561403,0.00285776842105263,0.00171466105263158,17.1466105263158
"381","norfolk","0_10",0.7375,1.735,0.0443471156521669,4,76.7230769230769,13.1,4.5,0.153846153846154,0.0127759394230769,0.00127759394230769,12.7759394230769
"382","norfolk","10_20",0.536,1.72,0.0565685424949239,2,82.6230769230769,12.0153846153846,4.52307692307692,0,0.0092192,0.00092192,9.2192
"383","norfolk","20_40",0.238421052631579,1.774,0.0622896460095898,5,68.3,13.5086956521739,10.9565217391304,0.260869565217391,0.00421855576201373,0.000843711152402746,8.43711152402746
"384","norfolk","40_100",0.11825,1.70833333333333,0.0649207661873529,18,63.2137931034483,11.4120689655172,25.4137931034483,0.413793103448276,0.00201174511494252,0.00120704706896551,12.0704706896551
"385","ocilla","0_10",1.162,1.3509262485482,0.246635757280942,0,64.4272727272727,8.90909090909091,2.93636363636364,0,0.0156977630081301,0.00156977630081301,15.6977630081301
"386","ocilla","10_20",0.803333333333333,1.5096443452381,0.210069553241103,0,52.4,6.6,3.4,0,0.0121274762400794,0.00121274762400794,12.1274762400794
"387","ocilla","20_40",0.283636363636364,1.50104635443921,0.215883238671701,0,55.2416666666667,8.175,3.31666666666667,0,0.00425751329622758,0.000851502659245516,8.51502659245516
"388","ocilla","40_100",0.118181818181818,1.59451747615447,0.19649269329816,0,51.8027777777778,9.11842105263158,12.9078947368421,0,0.00188442974454619,0.00113065784672772,11.3065784672772
"389","olustee","0_10",1.925,1.3509262485482,0.246635757280942,0,36.025,7.75,2.225,0,0.0260053302845529,0.00260053302845529,26.0053302845529
"390","olustee","10_20",1.4085,1.5096443452381,0.210069553241103,0,46.7895312870223,30.4653139464118,15.1362533561418,2.95214027796427,0.0206356169603062,0.00206356169603062,20.6356169603062
"391","olustee","20_40",0.892,1.50104635443921,0.215883238671701,0,46.86,5.4,3.1,0,0.0133893334815978,0.00267786669631955,26.7786669631955
"392","olustee","40_100",0.366363636363636,1.59451747615447,0.19649269329816,0,52.8818181818182,5.21818181818182,9.81818181818182,0,0.0058417322080932,0.00350503932485592,35.0503932485592
"393","orangeburg","0_10",1.40294117647059,1.76333333333333,0.185022521151706,3,69.8076923076923,13.1230769230769,7.66538461538462,0.192307692307692,0.024690955316742,0.0024690955316742,24.690955316742
"394","orangeburg","10_20",0.770714285714286,1.83,0.210069553241103,1,68.4473684210526,12.0947368421053,8.32631578947368,0.842105263157895,0.0139853003007519,0.00139853003007519,13.9853003007519
"395","orangeburg","20_40",0.298333333333333,1.73111111111111,0.0964940988408675,9,66.3588235294118,13.4114285714286,14.8342857142857,0.257142857142857,0.00515120138624338,0.00103024027724868,10.3024027724868
"396","orangeburg","40_100",0.14537037037037,1.683125,0.0878421880419653,16,56.6493670886076,10.6625,26.32125,0.575,0.00243269614728009,0.00145961768836806,14.5961768836806
"397","ouachita","0_10",NA,1.3509262485482,0.246635757280942,0,48.2886660985049,31.5216808172776,14.2365984772959,2.55253239021966,NA,NA,NA
"398","ouachita","10_20",NA,1.54,0.210069553241103,1,16.6,60.7,22.7,1,NA,NA,NA
"399","ouachita","20_40",NA,1.46,0.215883238671701,1,17.9,60,22.1,0,NA,NA,NA
"400","ouachita","40_100",NA,1.56,0.19649269329816,1,20.9,58,21.1,0,NA,NA,NA
"401","pacolet","0_10",1.65333333333333,1.16,0.0888819441731559,3,60.1285714285714,19.9714285714286,19.9,10.2857142857143,0.0172060038095238,0.00172060038095238,17.2060038095238
"402","pacolet","10_20",1.20791666666667,1.5096443452381,0.210069553241103,0,46.7895312870223,30.4653139464118,15.1362533561418,2.95214027796427,0.0176969156217985,0.00176969156217985,17.6969156217985
"403","pacolet","20_40",0.7625,1.4325,0.177270979012358,4,50.52,20.96,28.52,12.6,0.009546538125,0.001909307625,19.09307625
"404","pacolet","40_100",0.255454545454545,1.60272727272727,0.269224475450911,11,45.7,15.4642857142857,38.8357142857143,7.14285714285714,0.00380179397874852,0.00228107638724911,22.8107638724911
"405","pamlico","0_10",NA,1.3509262485482,0.246635757280942,0,48.2886660985049,31.5216808172776,14.2365984772959,2.55253239021966,NA,NA,NA
"406","pamlico","10_20",NA,1.5096443452381,0.210069553241103,0,9.15000000000001,34.9,26.45,0,NA,NA,NA
"407","pamlico","20_40",NA,1.50104635443921,0.215883238671701,0,68.45,28.95,2.6,0,NA,NA,NA
"408","pamlico","40_100",6.92666666666667,1.59451747615447,0.19649269329816,0,78.8066666666667,5.56666666666667,2.62666666666667,0,0.110446910514966,0.0662681463089798,662.681463089798
"409","pantego","0_10",7.4,1.3509262485482,0.246635757280942,0,48.2886660985049,31.5216808172776,14.2365984772959,2.55253239021966,0.0974168129679661,0.00974168129679661,97.4168129679661
"410","pantego","10_20",7.4,1.5096443452381,0.210069553241103,0,38.4,26.9,19.7,0,0.111713681547619,0.0111713681547619,111.713681547619
"411","pantego","20_40",5.32,1.50104635443921,0.215883238671701,0,26.65,31.65,16.45,0,0.079855666056166,0.0159711332112332,159.711332112332
"412","pantego","40_100",1.045,1.59451747615447,0.19649269329816,0,47.925,28.225,18.95,0,0.0166627076258142,0.00999762457548853,99.9762457548853
"413","pelham","0_10",1.693,1.6,0.246635757280942,1,67.0181818181818,8.90909090909091,4.19090909090909,0.0909090909090909,0.0270633745454545,0.00270633745454545,27.0633745454545
"414","pelham","10_20",0.77,1.5096443452381,0.210069553241103,0,31.2,7,2.2,0,0.0116242614583334,0.00116242614583334,11.6242614583334
"415","pelham","20_40",0.453333333333333,1.65,0.215883238671701,1,60.9,9.24,3.54,0,0.00748,0.001496,14.96
"416","pelham","40_100",0.2388,1.8,0.0360555127546399,3,63.6935483870968,8.23870967741935,11.3387096774194,0.032258064516129,0.00429701341935484,0.0025782080516129,25.782080516129
"417","plott","0_10",8.12,0.95,0.246635757280942,1,46.2,37.3,16.5,2,0.0755972,0.00755972,75.5972
"418","plott","10_20",5.715,1.5096443452381,0.210069553241103,0,46.7895312870223,30.4653139464118,15.1362533561418,2.95214027796427,0.0837291806376643,0.00837291806376643,83.7291806376643
"419","plott","20_40",3.31,0.96,0.215883238671701,1,46.9,40.7,12.4,8,0.02923392,0.005846784,58.46784
"420","plott","40_100",1.00333333333333,1.18666666666667,0.128970280814354,3,56.9666666666667,29.3666666666667,13.6666666666667,9.33333333333333,0.0107949748148148,0.00647698488888891,64.7698488888891
"421","plummer","0_10",1.97,1.3509262485482,0.246635757280942,0,40.34,7.56,4.52,0,0.0266132470963995,0.00266132470963995,26.6132470963995
"422","plummer","10_20",0.866666666666667,1.5096443452381,0.210069553241103,0,52.3666666666667,5.96666666666667,2.4,0,0.0130835843253969,0.00130835843253969,13.0835843253969
"423","plummer","20_40",0.765,1.50104635443921,0.215883238671701,0,66.675,7.35,3.225,0,0.01148300461146,0.00229660092229199,22.9660092229199
"424","plummer","40_100",0.201666666666667,1.59451747615447,0.19649269329816,0,52.2722222222222,4.71111111111111,2.12222222222222,0,0.00321561024357818,0.00192936614614691,19.2936614614691
"425","poarch","0_10",1.96,1.3509262485482,0.246635757280942,0,51.3,25.2,4.66666666666667,0,0.0264781544715447,0.00264781544715447,26.4781544715447
"426","poarch","10_20",1.06,1.5096443452381,0.210069553241103,0,46.7895312870223,30.4653139464118,15.1362533561418,2.95214027796427,0.0155298217805642,0.00155298217805642,15.5298217805642
"427","poarch","20_40",0.16,1.50104635443921,0.215883238671701,0,55.8333333333333,25.6333333333333,7.86666666666667,0.333333333333333,0.00239366858654573,0.000478733717309145,4.78733717309145
"428","poarch","40_100",0.143333333333333,1.59451747615447,0.19649269329816,0,70.2555555555556,20.4666666666667,14.6,0.222222222222222,0.00228039621571217,0.0013682377294273,13.682377294273
"429","ponzer","0_10",20.47,0.8,0.246635757280942,1,59.5,13.6,46.6,0,0.16376,0.016376,163.76
"430","ponzer","10_20",17.3933333333333,1.5096443452381,0.210069553241103,0,46.7895312870223,30.4653139464118,15.1362533561418,2.95214027796427,0.254825817770389,0.0254825817770389,254.825817770389
"431","ponzer","20_40",14.3166666666667,0.72,0.215883238671701,1,69.1666666666667,42.6333333333333,24.8666666666667,0,0.10308,0.020616,206.16
"432","ponzer","40_100",7.95571428571429,1.15,0.240416305603426,2,33.3857142857143,49.9285714285714,13.7571428571429,0.142857142857143,0.0913600132653061,0.0548160079591837,548.160079591837
"433","portia","0_10",1.97142857142857,1.3509262485482,0.246635757280942,0,34.0458333333333,55.7708333333333,10.1833333333333,0,0.0266325460428074,0.00266325460428074,26.6325460428074
"434","portia","10_20",0.583333333333333,1.5096443452381,0.210069553241103,0,38.0384615384615,51.0538461538462,10.9,0,0.00880625868055558,0.000880625868055559,8.80625868055558
"435","portia","20_40",0.373076923076923,1.50104635443921,0.215883238671701,0,28.7516129032258,53.6387096774194,17.6129032258065,0,0.00560005755310013,0.00112001151062003,11.2001151062003
"436","portia","40_100",0.175,1.59451747615447,0.19649269329816,0,27.6267605633803,37.1450704225352,35.230985915493,0,0.00279040558327032,0.00167424334996219,16.7424334996219
"437","pottsburg","0_10",1.14625,1.3509262485482,0.246635757280942,0,47.425,4.175,1.7625,0,0.0154849921239837,0.00154849921239837,15.4849921239837
"438","pottsburg","10_20",0.71,1.5096443452381,0.210069553241103,0,47.6,5,1.85,0,0.0107184748511905,0.00107184748511905,10.7184748511905
"439","pottsburg","20_40",0.34125,1.50104635443921,0.215883238671701,0,47.2,4.8375,1.6875,0,0.0051223206845238,0.00102446413690476,10.2446413690476
"440","pottsburg","40_100",0.14,1.59451747615447,0.19649269329816,0,44.3944444444444,4.37777777777778,1.92777777777778,0,0.00223232446661626,0.00133939467996975,13.3939467996975
"441","providence","0_10",2.48333333333333,1.21333333333333,0.204287379280594,3,14.5,75.5,10,0,0.030131111111111,0.0030131111111111,30.131111111111
"442","providence","10_20",0.545,1.5275,0.0846069343099804,4,15.625,68.425,15.95,0,0.008324875,0.0008324875,8.324875
"443","providence","20_40",0.255,1.56666666666667,0.0152752523165195,3,11.1666666666667,65.0333333333333,23.8,0,0.00399500000000001,0.000799000000000002,7.99000000000002
"444","providence","40_100",0.0992857142857143,1.635,0.0988571053224161,12,19.2285714285714,57.4071428571429,23.3642857142857,0,0.00162332142857143,0.000973992857142857,9.73992857142857
"445","rains","0_10",2.05166666666667,1.35,0.06557438524302,3,58.4916666666667,25.2153846153846,10.2076923076923,0.153846153846154,0.0276548884615385,0.00276548884615385,27.6548884615385
"446","rains","10_20",0.97,1.465,0.0777817459305203,2,61.8,25.74,8.72,0,0.0142105,0.00142105,14.2105
"447","rains","20_40",0.382142857142857,1.5725,0.0602079728939614,4,69.58,20.0333333333333,12.1066666666667,0.133333333333333,0.00600118416666667,0.00120023683333333,12.0023683333333
"448","rains","40_100",0.262413793103448,1.69714285714286,0.0446147530585589,7,61.1533333333333,19.1766666666667,23.5466666666667,0.133333333333333,0.00444759889655173,0.00266855933793104,26.6855933793104
"449","reddies","0_10",9.3,0.91,0.197989898732233,2,64.475,31.025,8.05,0,0.08463,0.008463,84.63
"450","reddies","10_20",2.37,1.34,0.210069553241103,1,68.2,21.8,10,3.33333333333333,0.0306994,0.00306994,30.6994
"451","reddies","20_40",4.65,1.24333333333333,0.280059517483933,3,69.95,23.375,6.675,0,0.0578149999999999,0.011563,115.63
"452","reddies","40_100",0.643333333333333,1.23,0.13076696830622,3,80.3636363636364,13.2272727272727,6.40909090909091,46.2727272727273,0.00425143909090909,0.00255086345454545,25.5086345454545
"453","rexor","0_10",0.66,1.3509262485482,0.246635757280942,0,48.2886660985049,31.5216808172776,14.2365984772959,2.55253239021966,0.00868852656200779,0.000868852656200779,8.68852656200779
"454","rexor","10_20",0.66,1.5096443452381,0.210069553241103,0,26.7,62.3,10.9,0,0.00996365267857146,0.000996365267857146,9.96365267857146
"455","rexor","20_40",0.5425,1.50104635443921,0.215883238671701,0,44.6474010593,29.3694540148412,19.535668248824,2.4242495503916,0.00794576555380247,0.00158915311076049,15.8915311076049
"456","rexor","40_100",0.425,1.59451747615447,0.19649269329816,0,27.35,54.45,20.2,0,0.0067766992736565,0.0040660195641939,40.660195641939
"457","rosman","0_10",1.89,1.1,0.212132034355964,2,43.3,41.35,15.35,0,0.02079,0.002079,20.79
"458","rosman","10_20",1.9,1.33,0.210069553241103,1,62.4,25.2,12.4,1,0.0250173,0.00250173,25.0173
"459","rosman","20_40",1.81,1.24,0.127279220613579,2,43.7,41.7,14.6,0,0.022444,0.0044888,44.888
"460","rosman","40_100",0.641428571428571,1.29,0.132233559604642,8,69.6222222222222,23.7555555555556,6.62222222222222,0,0.00827442857142857,0.00496465714285714,49.6465714285714
"461","ruston","0_10",1.03466666666667,1.49,0.0367423461417477,5,65.26,29.2666666666667,5.47333333333333,0.0666666666666667,0.0154062556444444,0.00154062556444444,15.4062556444444
"462","ruston","10_20",0.434444444444444,1.7175,0.17423642940939,4,57.8,31.1888888888889,11.0111111111111,0,0.00746158333333333,0.000746158333333334,7.46158333333334
"463","ruston","20_40",0.232857142857143,1.7025,0.0394757309410901,4,57.4733333333333,29.6933333333333,12.8333333333333,0.0666666666666667,0.00396174992857143,0.000792349985714286,7.92349985714286
"464","ruston","40_100",0.121282051282051,1.75352941176471,0.0561183098986628,17,56.6116279069767,23.5860465116279,19.8023255813953,0.116279069767442,0.00212424351432881,0.00127454610859729,12.7454610859729
"465","rutlege","0_10",1.94,1.3509262485482,0.246635757280942,0,76.75,7,3.25,0,0.0262079692218351,0.00262079692218351,26.2079692218351
"466","rutlege","10_20",1.7,1.5096443452381,0.210069553241103,0,44,11.6,2.6,0,0.0256639538690477,0.00256639538690477,25.6639538690477
"467","rutlege","20_40",1.27666666666667,1.50104635443921,0.215883238671701,0,58.3666666666667,5.83333333333333,2.96666666666667,0,0.0191633584583406,0.00383267169166812,38.3267169166812
"468","rutlege","40_100",0.221111111111111,1.59451747615447,0.19649269329816,0,50.0444444444444,4.46666666666667,4.2,0,0.003525655308386,0.0021153931850316,21.153931850316
"469","sacul","0_10",2.0525,1.435,0.0919238815542511,2,50.0142857142857,41.5428571428571,30.3,1.28571428571429,0.02907468875,0.002907468875,29.07468875
"470","sacul","10_20",0.976666666666667,1.48,0.210069553241103,1,36.82,41.44,36.78,0,0.0144546666666667,0.00144546666666667,14.4546666666667
"471","sacul","20_40",0.445,1.62666666666667,0.0513160143944688,3,37.5142857142857,42.0142857142857,31.9857142857143,1.42857142857143,0.00713525714285716,0.00142705142857143,14.2705142857143
"472","sacul","40_100",0.265555555555556,1.64,0.0728010988928051,5,30.3095238095238,36.5,35.4904761904762,1.57142857142857,0.00428667365079365,0.00257200419047619,25.7200419047619
"473","saffell","0_10",3.26666666666667,1.3509262485482,0.246635757280942,0,32.65,55.9875,11.3625,6.25,0.0413721163617886,0.00413721163617886,41.3721163617886
"474","saffell","10_20",1.12,1.38,0.210069553241103,1,18,65.775,16.225,11.75,0.01363992,0.001363992,13.63992
"475","saffell","20_40",0.875,1.36,0.215883238671701,1,32.9285714285714,50.7714285714286,16.3,15.2857142857143,0.010081,0.0020162,20.162
"476","saffell","40_100",0.262,1.21,0.19649269329816,1,47.7714285714286,31.6142857142857,20.6142857142857,19.2857142857143,0.00255880428571429,0.00153528257142857,15.3528257142857
"477","sapelo","0_10",1.95928571428571,1.3509262485482,0.246635757280942,0,53.2846153846154,7.10714285714286,1.12857142857143,0,0.0264685049983408,0.00264685049983408,26.4685049983408
"478","sapelo","10_20",1.688,1.52,0.210069553241103,1,79.46,6.76666666666667,1.01666666666667,0,0.0256576,0.00256576,25.6576
"479","sapelo","20_40",0.572105263157895,1.50104635443921,0.215883238671701,0,55.26,6.45,1.435,0,0.00858756519618643,0.00171751303923729,17.1751303923729
"480","sapelo","40_100",0.82375,1.61,0.0692820323027551,6,56.3903225806452,5.73548387096774,4.24354838709677,0,0.013262375,0.007957425,79.57425
"481","saucier","0_10",2.11,1.42,0.127279220613579,2,40.75,29.55,12.525,2.5,0.02921295,0.002921295,29.21295
"482","saucier","10_20",1.93,1.59,0.210069553241103,1,44.3,39.5,16.2,1,0.03038013,0.003038013,30.38013
"483","saucier","20_40",0.4775,1.67,0.014142135623731,2,53.65,25.925,14.175,1,0.0078945075,0.0015789015,15.789015
"484","saucier","40_100",0.203,1.685,0.0404145188432738,4,45.32,27.27,27.61,0.5,0.00340344725,0.00204206835,20.4206835
"485","saunook","0_10",4.56,1.3,0.246635757280942,1,43.1,32.2,24.7,16,0.0497952,0.00497952,49.7952
"486","saunook","10_20",3.69333333333333,1.29,0.175214154679352,3,40.8666666666667,37.9,21.2333333333333,7.66666666666667,0.0439912933333333,0.00439912933333333,43.9912933333333
"487","saunook","20_40",1.36,1.43,0.229128784747792,3,43.4333333333333,34.8,21.7666666666667,10.6666666666667,0.0173735466666667,0.00347470933333333,34.7470933333333
"488","saunook","40_100",0.69375,1.26,0.208885933785244,7,44.8,33.8375,21.3625,29.875,0.0061298015625,0.0036778809375,36.778809375
"489","sharkey","0_10",1.87,1.54,0.346121365997536,7,5.41904761904762,31.7333333333333,62.847619047619,0.19047619047619,0.0287431466666667,0.00287431466666667,28.7431466666667
"490","sharkey","10_20",1.28714285714286,1.852,0.055703295619354,15,1.27272727272727,32.0136363636364,66.7136363636364,0.0454545454545455,0.0238270503116883,0.00238270503116883,23.8270503116883
"491","sharkey","20_40",1.17888888888889,1.80785714285714,0.0867515082048962,14,3.63076923076923,31.5384615384615,64.8307692307692,0,0.0213126269841269,0.00426252539682539,42.6252539682539
"492","sharkey","40_100",0.7221875,1.81230769230769,0.104280686315643,26,3.2125,30.6825,66.105,0.0125,0.0130866235829327,0.00785197414975961,78.5197414975961
"493","smithdale","0_10",0.976666666666667,1.57,0.0264575131106459,3,74.7,19.7083333333333,5.59166666666667,2.5,0.014950325,0.0014950325,14.950325
"494","smithdale","10_20",0.618333333333333,1.5096443452381,0.210069553241103,0,74.72,19.94,5.34,4.2,0.00894257956493059,0.000894257956493059,8.94257956493059
"495","smithdale","20_40",0.26,1.5575,0.0903234926989282,4,68.1714285714286,20.7285714285714,11.1,3.42857142857143,0.00391066,0.000782132,7.82132
"496","smithdale","40_100",0.0966666666666667,1.7,0.05,5,62.636,16.14,21.224,1.04,0.00162624266666667,0.0009757456,9.757456
"497","smithton","0_10",NA,1.3509262485482,0.246635757280942,0,48.6,45.5,5.9,0,NA,NA,NA
"498","smithton","10_20",NA,1.5096443452381,0.210069553241103,0,46.7895312870223,30.4653139464118,15.1362533561418,2.95214027796427,NA,NA,NA
"499","smithton","20_40",NA,1.50104635443921,0.215883238671701,0,51.7,41.6,6.7,0,NA,NA,NA
"500","smithton","40_100",NA,1.59451747615447,0.19649269329816,0,51.8,40.05,8.15,0,NA,NA,NA
"501","susquehanna","0_10",1.05,1.36,0.226274169979695,2,59.6333333333333,36.2666666666667,4.1,0.333333333333333,0.0142324,0.00142324,14.2324
"502","susquehanna","10_20",0.675,1.475,0.162634559672906,2,29.7,44.95,25.35,0.5,0.00990646875,0.000990646875,9.90646875
"503","susquehanna","20_40",0.476666666666667,1.77,0.0761577310586392,4,30.8,19.95,49.25,0,0.008437,0.0016874,16.874
"504","susquehanna","40_100",0.164,1.88333333333333,0.0553774924194538,6,32.9857142857143,18.0571428571429,48.9571428571429,0,0.00308866666666666,0.0018532,18.532
"505","tate","0_10",1.71,1.55,0.246635757280942,1,72.6666666666667,37,14.3,10.3333333333333,0.02376615,0.002376615,23.76615
"506","tate","10_20",0.83,1.345,0.205060966544099,2,57.8,24.25,17.95,12,0.00982388,0.000982388,9.82388
"507","tate","20_40",0.45,1.505,0.0919238815542513,2,51.95,24.5,23.55,9,0.006162975,0.001232595,12.32595
"508","tate","40_100",0.09,1.526,0.0998999499499374,5,58.04,21.62,20.34,16,0.001153656,0.0006921936,6.921936
"509","tippah","0_10",1.55,1.29,0.246635757280942,1,9.8,81.3,8.9,0,0.019995,0.0019995,19.995
"510","tippah","10_20",0.945,1.5096443452381,0.210069553241103,0,46.7895312870223,30.4653139464118,15.1362533561418,2.95214027796427,0.0138449826251256,0.00138449826251256,13.8449826251256
"511","tippah","20_40",0.34,1.505,0.0919238815542513,2,6.15,70.15,23.7,0,0.005117,0.0010234,10.234
"512","tippah","40_100",0.19,1.76333333333333,0.187171935218219,3,4.7,58.4333333333333,36.8666666666667,0,0.00335033333333333,0.0020102,20.102
"513","toccoa","0_10",NA,1.32,0.246635757280942,1,38.65,37.15,24.2,1,NA,NA,NA
"514","toccoa","10_20",NA,1.45,0.210069553241103,1,62.25,23.925,13.825,0.25,NA,NA,NA
"515","toccoa","20_40",NA,1.66,0.215883238671701,1,65.5333333333333,23.9333333333333,10.5333333333333,0,NA,NA,NA
"516","toccoa","40_100",NA,1.7,0.0360555127546399,3,69.48,19.92,10.6,1.1,NA,NA,NA
"517","toinette","0_10",NA,1.3509262485482,0.246635757280942,0,80.1,15.4,4.5,0,NA,NA,NA
"518","toinette","10_20",NA,1.5096443452381,0.210069553241103,0,46.7895312870223,30.4653139464118,15.1362533561418,2.95214027796427,NA,NA,NA
"519","toinette","20_40",NA,1.50104635443921,0.215883238671701,0,84.3,11.8,3.9,0,NA,NA,NA
"520","toinette","40_100",NA,1.59451747615447,0.19649269329816,0,78.7666666666667,5.53333333333333,15.7,0,NA,NA,NA
"521","townley","0_10",NA,1.3509262485482,0.246635757280942,0,21,52.5,26.5,0,NA,NA,NA
"522","townley","10_20",NA,1.5096443452381,0.210069553241103,0,46.7895312870223,30.4653139464118,15.1362533561418,2.95214027796427,NA,NA,NA
"523","townley","20_40",NA,1.50104635443921,0.215883238671701,0,9,39.9,51.1,0,NA,NA,NA
"524","townley","40_100",NA,1.59451747615447,0.19649269329816,0,6.83333333333333,44.4666666666667,48.7,0,NA,NA,NA
"525","toxaway","0_10",NA,1.06,0.246635757280942,1,7,58.8,34.2,0,NA,NA,NA
"526","toxaway","10_20",NA,1.5096443452381,0.210069553241103,0,46.7895312870223,30.4653139464118,15.1362533561418,2.95214027796427,NA,NA,NA
"527","toxaway","20_40",NA,1.07,0.0282842712474619,2,7.25,59.3,33.45,0,NA,NA,NA
"528","toxaway","40_100",NA,1.23666666666667,0.0288675134594813,3,9.83333333333333,62.0333333333333,28.1333333333333,0,NA,NA,NA
"529","trimont","0_10",4.72,0.95,0.246635757280942,1,50.6,28,21.4,2,0.0439432,0.00439432,43.9432
"530","trimont","10_20",4.72,1.12,0.183847763108502,2,45.2,28.15,26.65,5.5,0.04995648,0.004995648,49.95648
"531","trimont","20_40",1.17,1.37,0.0282842712474618,2,45.75,20.8,33.45,4.5,0.015307695,0.003061539,30.61539
"532","trimont","40_100",0.225,1.42833333333333,0.170577450639487,6,63.4833333333333,15.5333333333333,20.9833333333333,5,0.00305306249999999,0.0018318375,18.318375
"533","troup","0_10",0.8915,1.58,0.0989949493661166,2,76.3785714285714,7.36428571428571,3.5,0,0.0140857,0.00140857,14.0857
"534","troup","10_20",0.4375,1.71,0.210069553241103,1,87.6285714285714,8.52857142857143,3.84285714285714,0,0.00748125,0.000748125,7.48125
"535","troup","20_40",0.265,1.5,0.215883238671701,1,73.025,8.425,3.965,0.05,0.0039730125,0.0007946025,7.946025
"536","troup","40_100",0.098974358974359,1.87,0.459238500128201,3,74.2660377358491,7.7622641509434,5.13396226415094,0.188679245283019,0.00184732839864538,0.00110839703918723,11.0839703918723
"537","tuckasegee","0_10",6.36,1.3509262485482,0.246635757280942,0,48.2886660985049,31.5216808172776,14.2365984772959,2.55253239021966,0.0837258014157114,0.00837258014157114,83.7258014157114
"538","tuckasegee","10_20",6.36,1.11,0.210069553241103,1,56.4,28.1,15.5,16,0.05930064,0.005930064,59.30064
"539","tuckasegee","20_40",3.4,0.97,0.215883238671701,1,58.5,31.1,10.4,16,0.0277032,0.00554064,55.4064
"540","tuckasegee","40_100",0.983333333333333,1.17,0.09,3,57.5333333333333,22.2333333333333,20.2333333333333,28.6666666666667,0.0082069,0.00492414,49.2414
"541","tusquitee","0_10",18.16,0.57,0.246635757280942,1,35.45,36.95,37.5,1,0.10247688,0.010247688,102.47688
"542","tusquitee","10_20",4.22,1.2,0.210069553241103,1,52.6,28.7,18.7,10,0.045576,0.0045576,45.576
"543","tusquitee","20_40",1.26,1.14,0.215883238671701,1,57.7,24.2,18.1,2,0.01407672,0.002815344,28.15344
"544","tusquitee","40_100",0.325,1.3,0.15556349186104,2,64.2,20.15,15.65,19,0.00342225,0.00205335,20.5335
"545","udorthents","0_10",NA,1.3509262485482,0.246635757280942,0,32.2,45.2,22.6,0,NA,NA,NA
"546","udorthents","10_20",NA,1.5096443452381,0.210069553241103,0,46.7895312870223,30.4653139464118,15.1362533561418,2.95214027796427,NA,NA,NA
"547","udorthents","20_40",NA,1.50104635443921,0.215883238671701,0,22.3,44.8,32.9,0,NA,NA,NA
"548","udorthents","40_100",NA,1.59451747615447,0.19649269329816,0,43.6,32.7,23.7,0,NA,NA,NA
"549","unaka","0_10",6.72,1.3509262485482,0.246635757280942,0,40.3,35.5,24.2,10,0.0817040195121951,0.00817040195121951,81.7040195121951
"550","unaka","10_20",3.21,1.5096443452381,0.210069553241103,0,40.2,39.3,20.5,10,0.0436136251339287,0.00436136251339287,43.6136251339287
"551","unaka","20_40",1.18,1.50104635443921,0.215883238671701,0,45.7,36,18.3,8,0.0162953592237921,0.00325907184475841,32.5907184475841
"552","unaka","40_100",0.33,1.59451747615447,0.19649269329816,0,58.9,28.85,12.25,10,0.00473571690417878,0.00284143014250727,28.4143014250727
"553","urban land","0_10",3.499,1.3509262485482,0.246635757280942,0,43.63,36.81,19.56,16.9,0.039280463741899,0.0039280463741899,39.280463741899
"554","urban land","10_20",3.09,1.5096443452381,0.210069553241103,0,46.7895312870223,30.4653139464118,15.1362533561418,2.95214027796427,0.045270895567871,0.0045270895567871,45.270895567871
"555","urban land","20_40",2.681,1.50104635443921,0.215883238671701,0,39.07,39.12,21.81,13.7,0.0347297545340506,0.00694595090681013,69.4595090681013
"556","urban land","40_100",2.681,1.59451747615447,0.19649269329816,0,47.1527031434407,24.7802985973975,23.2730709428291,3.29052854268621,0.0413423450435923,0.0248054070261554,248.054070261554
"557","vance","0_10",NA,1.3509262485482,0.246635757280942,0,24,51.7,24.3,0,NA,NA,NA
"558","vance","10_20",NA,1.5096443452381,0.210069553241103,0,26,56.5,17.5,0,NA,NA,NA
"559","vance","20_40",NA,1.50104635443921,0.215883238671701,0,27.3,55.8,16.9,0,NA,NA,NA
"560","vance","40_100",NA,1.59451747615447,0.19649269329816,0,35.84,44.48,26.56,0,NA,NA,NA
"561","wadley","0_10",1.03,1.3509262485482,0.246635757280942,0,62.5111111111111,10.0888888888889,3.22222222222222,0.555555555555556,0.0138372373580462,0.00138372373580462,13.8372373580462
"562","wadley","10_20",0.74,1.5096443452381,0.210069553241103,0,46.3,6.5,1.9,0,0.0111713681547619,0.00111713681547619,11.1713681547619
"563","wadley","20_40",0.365,1.50104635443921,0.215883238671701,0,76.625,10.5,3.5625,0.875,0.00543087952575821,0.00108617590515164,10.8617590515164
"564","wadley","40_100",0.133333333333333,1.59451747615447,0.19649269329816,0,61.5944444444444,8.85,5.42222222222222,0.5,0.0021153931850316,0.00126923591101896,12.6923591101896
"565","wagram","0_10",2.15,1.3509262485482,0.246635757280942,0,68.1333333333333,9.76666666666667,4.1,1,0.0287544652003484,0.00287544652003484,28.7544652003484
"566","wagram","10_20",0.625,1.57,0.169705627484771,2,61.4333333333333,10.3,3.1,0,0.0098125,0.00098125,9.8125
"567","wagram","20_40",0.47,1.63,0.215883238671701,1,67.925,10.225,5.075,1.75,0.0075269325,0.0015053865,15.053865
"568","wagram","40_100",0.17,1.6775,0.105633012516605,4,77.99,9.575,12.2,1.58333333333333,0.00280659729166667,0.001683958375,16.83958375
"569","wahee","0_10",NA,1.3509262485482,0.246635757280942,0,61.8,27.4666666666667,10.6,0,NA,NA,NA
"570","wahee","10_20",NA,1.5096443452381,0.210069553241103,0,46.7895312870223,30.4653139464118,15.1362533561418,2.95214027796427,NA,NA,NA
"571","wahee","20_40",NA,1.50104635443921,0.215883238671701,0,47.675,33.275,19,0.25,NA,NA,NA
"572","wahee","40_100",NA,1.59451747615447,0.19649269329816,0,28.73,20.03,51.17,0.4,NA,NA,NA
"573","wehadkee","0_10",NA,1.3509262485482,0.246635757280942,0,45.95,34.4,19.65,0,NA,NA,NA
"574","wehadkee","10_20",NA,1.5096443452381,0.210069553241103,0,16.3,35.3,48.4,0,NA,NA,NA
"575","wehadkee","20_40",NA,1.50104635443921,0.215883238671701,0,22.75,41.4,35.85,0,NA,NA,NA
"576","wehadkee","40_100",NA,1.59451747615447,0.19649269329816,0,38.8666666666667,32.1333333333333,29,0,NA,NA,NA
"577","whiteside","0_10",0.88,1.3509262485482,0.246635757280942,0,48.2886660985049,31.5216808172776,14.2365984772959,2.55253239021966,0.011584702082677,0.0011584702082677,11.584702082677
"578","whiteside","10_20",0.88,1.5096443452381,0.210069553241103,0,46.7895312870223,30.4653139464118,15.1362533561418,2.95214027796427,0.0128926822329212,0.00128926822329212,12.8926822329212
"579","whiteside","20_40",0.88,1.21,0.215883238671701,1,47,26.9,26.1,0,0.010648,0.0021296,21.296
"580","whiteside","40_100",0.306666666666667,1.30666666666667,0.0550757054728611,3,54.5,24.0666666666667,21.4333333333333,0.333333333333333,0.00399375407407408,0.00239625244444445,23.9625244444445
"581","wickham","0_10",1.05333333333333,1.41,0.246635757280942,1,56.8578947368421,36.7315789473684,20.335,0,0.014852,0.0014852,14.852
"582","wickham","10_20",0.51,1.5096443452381,0.210069553241103,0,65.4666666666667,36.62,23.2333333333333,0.0666666666666667,0.0076940533699405,0.00076940533699405,7.6940533699405
"583","wickham","20_40",0.248333333333333,1.71,0.215883238671701,1,53.3888888888889,26.2555555555556,20.3555555555556,0.111111111111111,0.00424178166666667,0.000848356333333333,8.48356333333333
"584","wickham","40_100",0.207142857142857,1.69,0.19649269329816,1,52.3052631578947,24.1552631578947,23.5394736842105,0.157894736842105,0.00349518684210526,0.00209711210526316,20.9711210526316
"585","wilkes","0_10",NA,1.3509262485482,0.246635757280942,0,70.8,23.9,5.3,0,NA,NA,NA
"586","wilkes","10_20",NA,1.5096443452381,0.210069553241103,0,72.4,23.4,4.2,0,NA,NA,NA
"587","wilkes","20_40",NA,1.50104635443921,0.215883238671701,0,48.7,22.9,28.4,0,NA,NA,NA
"588","wilkes","40_100",0.09,1.59451747615447,0.19649269329816,0,81.2,9.9,8.9,5,0.00136331244211207,0.000817987465267243,8.17987465267243
"589","woden","0_10",0.375,1.3509262485482,0.246635757280942,0,73.35,23.625,3.025,0,0.00506597343205575,0.000506597343205575,5.06597343205575
"590","woden","10_20",0.2,1.5096443452381,0.210069553241103,0,67.55,28.2,4.25,0,0.0030192886904762,0.00030192886904762,3.0192886904762
"591","woden","20_40",0.1725,1.50104635443921,0.215883238671701,0,65.1,28.75,6.15,0,0.00258930496140764,0.000517860992281528,5.17860992281528
"592","woden","40_100",0.11125,1.59451747615447,0.19649269329816,0,59.85,25.3125,14.8375,0,0.00177390069222185,0.00106434041533311,10.6434041533311
"593","wrightsville","0_10",2.8225,1.42666666666667,0.11060440015358,3,18.3555555555556,59.0555555555556,22.5888888888889,1.44444444444444,0.0396860225925927,0.00396860225925927,39.6860225925927
"594","wrightsville","10_20",0.758333333333333,1.67,0.210069553241103,1,15.5428571428571,58,26.4571428571429,0.142857142857143,0.012646075,0.0012646075,12.646075
"595","wrightsville","20_40",0.39,1.598,0.0807465169527454,5,17.7111111111111,56.0666666666667,26.2222222222222,0.222222222222222,0.00621835066666667,0.00124367013333333,12.4367013333333
"596","wrightsville","40_100",0.240454545454545,1.78454545454545,0.0951171526448975,11,11.9222222222222,45.3555555555556,42.7222222222222,0,0.00429102066115701,0.00257461239669421,25.7461239669421
