"","soil_name","horizon","sand","silt","clay","frag","bulk_density","bulk_density_sd","n","p_ppm","p_per","p_g_cm3","p_Mg_horizon","p_Mg_ha"
"1","acadia","0_10",58.5,36.4,5.1,2,1.4,0.246635757280942,1,NA,NA,NA,NA,NA
"2","acadia","10_20",46.7895312870223,30.4653139464118,15.1362533561418,2.95214027796427,1.5096443452381,0.210069553241103,0,NA,NA,NA,NA,NA
"3","acadia","20_40",40.9,37.5,21.6,2,1.62,0.215883238671701,1,NA,NA,NA,NA,NA
"4","acadia","40_100",35.8333333333333,33.0333333333333,31.1333333333333,1.66666666666667,1.81,0.05,3,NA,NA,NA,NA,NA
"5","albany","0_10",46.4333333333333,7.40555555555556,2.86666666666667,0.0555555555555556,1.6,0.246635757280942,1,25.2,0.00252,4.02976e-05,4.02976e-06,0.0402976
"6","albany","10_20",45.6285714285714,5.97142857142857,2.24285714285714,0,1.5096443452381,0.210069553241103,0,23.55,0.002355,3.55521243303573e-05,3.55521243303573e-06,0.0355521243303573
"7","albany","20_40",57.1647058823529,7.74444444444444,2.60555555555556,0.0555555555555556,1.69,0.014142135623731,2,21.9,0.00219,3.69904383333333e-05,7.39808766666667e-06,0.0739808766666667
"8","albany","40_100",53.5452830188679,6.73962264150943,2.40754716981132,0.0754716981132075,1.74666666666667,0.0956382071489562,6,7.41666666666667,0.000741666666666667,1.29446675052411e-05,7.76680050314467e-06,0.0776680050314467
"9","allanton","0_10",21.2,6.2,7.8,0,1.3509262485482,0.246635757280942,0,NA,NA,NA,NA,NA
"10","allanton","10_20",95.2,6.5,2,0,1.5096443452381,0.210069553241103,0,NA,NA,NA,NA,NA
"11","allanton","20_40",17.25,8.15,3.05,0,1.50104635443921,0.215883238671701,0,NA,NA,NA,NA,NA
"12","allanton","40_100",68.1,7,2.68,0,1.59451747615447,0.19649269329816,0,NA,NA,NA,NA,NA
"13","angelina","0_10",30.2,40.5,29.3,0,1.53,0.246635757280942,1,0,0,0,0,0
"14","angelina","10_20",46.7895312870223,30.4653139464118,15.1362533561418,2.95214027796427,1.5096443452381,0.210069553241103,0,0.1,1e-05,1.46507752646832e-07,1.46507752646832e-08,0.000146507752646832
"15","angelina","20_40",16.6,42.1,41.3,0,1.81,0.215883238671701,1,0.2,2e-05,3.62e-07,7.24e-08,0.000724
"16","angelina","40_100",52.5333333333333,22.9666666666667,24.5,0,1.69666666666667,0.0550757054728611,3,0.733333333333333,7.33333333333333e-05,1.24422222222222e-06,7.46533333333335e-07,0.00746533333333335
"17","appling","0_10",65.0666666666667,21.1333333333333,12.6,4,1.3509262485482,0.246635757280942,0,NA,NA,NA,NA,NA
"18","appling","10_20",31.175,38.425,15.125,0,1.5096443452381,0.210069553241103,0,NA,NA,NA,NA,NA
"19","appling","20_40",36.8,20.6,42.6,0,1.50104635443921,0.215883238671701,0,NA,NA,NA,NA,NA
"20","appling","40_100",42.0181818181818,25.5,32.9090909090909,2.72727272727273,1.31,0.19649269329816,1,NA,NA,NA,NA,NA
"21","arkana","0_10",26.26875,54.1375,19.6,0,1.3509262485482,0.246635757280942,0,160,0.016,0.000216148199767712,2.16148199767712e-05,0.216148199767712
"22","arkana","10_20",26.5285714285714,49.4571428571429,24.0142857142857,0,1.5096443452381,0.210069553241103,0,160,0.016,0.000241543095238096,2.41543095238096e-05,0.241543095238096
"23","arkana","20_40",19.9578947368421,39.3421052631579,40.6947368421053,0,1.50104635443921,0.215883238671701,0,160,0.016,0.000240167416710274,4.80334833420547e-05,0.480334833420547
"24","arkana","40_100",11.5108108108108,26.2378378378378,62.2378378378378,0,1.59451747615447,0.19649269329816,0,92.6666666666667,0.00926666666666667,0.000147758619456981,8.86551716741885e-05,0.886551716741885
"25","ashe","0_10",48.7666666666667,35.2333333333333,16,6.33333333333333,1.26,0.246635757280942,1,NA,NA,NA,NA,NA
"26","ashe","10_20",49.2,36.75,14.05,2,1.5096443452381,0.210069553241103,0,NA,NA,NA,NA,NA
"27","ashe","20_40",63.5,22.7,13.8,1,1.58,0.215883238671701,1,NA,NA,NA,NA,NA
"28","ashe","40_100",59.06,27.64,13.3,8,1.79,0.19649269329816,1,NA,NA,NA,NA,NA
"29","ashlar","0_10",48.2886660985049,31.5216808172776,14.2365984772959,2.55253239021966,1.3509262485482,0.246635757280942,0,NA,NA,NA,NA,NA
"30","ashlar","10_20",46.7895312870223,30.4653139464118,15.1362533561418,2.95214027796427,1.5096443452381,0.210069553241103,0,NA,NA,NA,NA,NA
"31","ashlar","20_40",74.2,20.1,5.7,14,1.57,0.215883238671701,1,NA,NA,NA,NA,NA
"32","ashlar","40_100",75.2,19.4,5.4,30,1.55,0.19649269329816,1,NA,NA,NA,NA,NA
"33","attoyac","0_10",64.0333333333333,31.7333333333333,4.23333333333333,0.333333333333333,1.63,0.226274169979695,2,6,6e-04,9.7474e-06,9.7474e-07,0.0097474
"34","attoyac","10_20",72.75,24.25,3,1,1.585,0.134350288425444,2,13.25,0.001325,2.07912375e-05,2.07912375e-06,0.0207912375
"35","attoyac","20_40",61.2333333333333,30.45,8.31666666666667,0.333333333333333,1.648,0.122351951353462,5,20.5,0.00205,3.36713866666667e-05,6.73427733333333e-06,0.0673427733333333
"36","attoyac","40_100",49.0545454545455,26.5636363636364,24.3818181818182,0.181818181818182,1.7775,0.0337003603202442,8,1.7,0.00017,3.01625590909091e-06,1.80975354545455e-06,0.0180975354545455
"37","bayboro","0_10",44.8,20.4,34.8,0,1.3509262485482,0.246635757280942,0,NA,NA,NA,NA,NA
"38","bayboro","10_20",36,31.2666666666667,32.7333333333333,0,1.5096443452381,0.210069553241103,0,NA,NA,NA,NA,NA
"39","bayboro","20_40",31.95,32.85,35.2,0,1.50104635443921,0.215883238671701,0,NA,NA,NA,NA,NA
"40","bayboro","40_100",26.6666666666667,24.5,48.8333333333333,0,1.59451747615447,0.19649269329816,0,NA,NA,NA,NA,NA
"41","beauregard","0_10",39.1833333333333,55.1333333333333,5.68333333333333,1.16666666666667,1.39,0.246635757280942,1,NA,NA,NA,NA,NA
"42","beauregard","10_20",36.0666666666667,54.7,9.23333333333333,1,1.6,0.210069553241103,1,NA,NA,NA,NA,NA
"43","beauregard","20_40",30.8166666666667,52.3666666666667,16.8166666666667,1,1.62,0.215883238671701,1,NA,NA,NA,NA,NA
"44","beauregard","40_100",27.90625,52.375,19.71875,1.25,1.70666666666667,0.0850490054811538,3,NA,NA,NA,NA,NA
"45","benndale","0_10",71.4,18.95,9.65,0.5,1.53,0.246635757280942,1,NA,NA,NA,NA,NA
"46","benndale","10_20",46.7895312870223,30.4653139464118,15.1362533561418,2.95214027796427,1.5096443452381,0.210069553241103,0,NA,NA,NA,NA,NA
"47","benndale","20_40",64.15,20.1,15.75,0,1.63,0.215883238671701,1,NA,NA,NA,NA,NA
"48","benndale","40_100",69.12,17.16,13.72,0.6,1.69,0.0173205080756888,3,NA,NA,NA,NA,NA
"49","bernaldo","0_10",62.0666666666667,35.5,2.43333333333333,0,1.3509262485482,0.246635757280942,0,3.8,0.00038,5.13351974448316e-06,5.13351974448316e-07,0.00513351974448316
"50","bernaldo","10_20",52.3,42.1,5.6,0,1.44,0.210069553241103,1,2.28333333333333,0.000228333333333333,3.288e-06,3.288e-07,0.003288
"51","bernaldo","20_40",56.625,37.875,5.5,0,1.51,0.0800000000000001,3,0.766666666666667,7.66666666666667e-05,1.15766666666667e-06,2.31533333333333e-07,0.00231533333333333
"52","bernaldo","40_100",41.4857142857143,32.4428571428571,26.0714285714286,0.142857142857143,1.67142857142857,0.0817370930542087,7,0.24,2.4e-05,4.00569795918367e-07,2.4034187755102e-07,0.0024034187755102
"53","besner","0_10",66,31.2,2.8,0,1.24,0.246635757280942,1,NA,NA,NA,NA,NA
"54","besner","10_20",46.7895312870223,30.4653139464118,15.1362533561418,2.95214027796427,1.5096443452381,0.210069553241103,0,NA,NA,NA,NA,NA
"55","besner","20_40",65.45,31.85,2.7,0,1.47,0.014142135623731,2,NA,NA,NA,NA,NA
"56","besner","40_100",61.6,35.62,2.78,0,1.688,0.148895936814945,5,NA,NA,NA,NA,NA
"57","bethera","0_10",48.9,54.65,31.7,0,1.27,0.246635757280942,1,10.6,0.00106,1.3462e-05,1.3462e-06,0.013462
"58","bethera","10_20",6.8,51.5,24.3,0,1.5096443452381,0.210069553241103,0,7.75,0.000775,1.16997436755953e-05,1.16997436755953e-06,0.0116997436755953
"59","bethera","20_40",46.1,49.95,38.55,0,1.34,0.215883238671701,1,4.9,0.00049,6.566e-06,1.3132e-06,0.013132
"60","bethera","40_100",15.5666666666667,30.1,53.9,0,1.74,0.19649269329816,1,0.4,4e-05,6.96e-07,4.176e-07,0.004176
"61","betis","0_10",48.2886660985049,31.5216808172776,14.2365984772959,2.55253239021966,1.3509262485482,0.246635757280942,0,NA,NA,NA,NA,NA
"62","betis","10_20",90.85,7.35,1.8,0,1.5096443452381,0.210069553241103,0,NA,NA,NA,NA,NA
"63","betis","20_40",84.3,13.1,2.6,0,1.50104635443921,0.215883238671701,0,NA,NA,NA,NA,NA
"64","betis","40_100",86.76,9.2,4.04,0,1.72,0.19649269329816,1,NA,NA,NA,NA,NA
"65","bibb","0_10",70.375,21.9,7.725,0,1.3509262485482,0.246635757280942,0,7.46666666666667,0.000746666666666667,1.00869159891599e-05,1.00869159891599e-06,0.0100869159891599
"66","bibb","10_20",48.3,37.55,14.05,0,1.5096443452381,0.210069553241103,0,4.83333333333333,0.000483333333333333,7.29661433531749e-06,7.29661433531749e-07,0.00729661433531749
"67","bibb","20_40",61.52,27.56,10.88,0,1.14,0.215883238671701,1,2.2,0.00022,2.508e-06,5.016e-07,0.005016
"68","bibb","40_100",76.28,15.69,7.99,0.2,1.38,0.127279220613579,2,1.4,0.00014,1.928136e-06,1.1568816e-06,0.011568816
"69","blanton","0_10",54.0944444444444,6.24736842105263,2.58947368421053,0,1.45,0.246635757280942,1,77.4,0.00774,0.00011223,1.1223e-05,0.11223
"70","blanton","10_20",64.475,8.375,2.9875,0,1.5096443452381,0.210069553241103,0,169,0.0169,0.000255129894345239,2.55129894345239e-05,0.255129894345239
"71","blanton","20_40",51.1769230769231,7.76428571428571,3.35714285714286,0,1.50104635443921,0.215883238671701,0,95.7,0.00957,0.000143650136119832,2.87300272239665e-05,0.287300272239665
"72","blanton","40_100",58.4387755102041,6.66734693877551,2.73877551020408,0,1.57,0.0264575131106459,3,9.5,0.00095,1.4915e-05,8.949e-06,0.08949
"73","bonneau","0_10",76.54,11.3454545454545,4.59090909090909,1.81818181818182,1.66,0.246635757280942,1,27.55,0.002755,4.49014909090909e-05,4.49014909090909e-06,0.0449014909090909
"74","bonneau","10_20",75.9833333333333,8.43333333333333,2.73333333333333,4.16666666666667,1.81,0.210069553241103,1,21.8333333333333,0.00218333333333333,3.78717361111111e-05,3.78717361111111e-06,0.0378717361111111
"75","bonneau","20_40",65.4692307692308,11.6076923076923,6.16923076923077,1.46153846153846,1.50104635443921,0.215883238671701,0,1.36666666666667,0.000136666666666667,2.02144757901287e-06,4.04289515802573e-07,0.00404289515802573
"76","bonneau","40_100",55.8648148148148,9.37592592592593,18.2851851851852,1.18518518518519,1.64,0.0299999999999999,3,1.57,0.000157,2.54428385185185e-06,1.52657031111111e-06,0.0152657031111111
"77","boulogne","0_10",59.3333333333333,4.66666666666667,1.86666666666667,0,1.3509262485482,0.246635757280942,0,NA,NA,NA,NA,NA
"78","boulogne","10_20",46.7895312870223,30.4653139464118,15.1362533561418,2.95214027796427,1.5096443452381,0.210069553241103,0,NA,NA,NA,NA,NA
"79","boulogne","20_40",33.675,5.22,2.54,0,1.50104635443921,0.215883238671701,0,NA,NA,NA,NA,NA
"80","boulogne","40_100",67.5444444444445,4.33,2.65,0,1.59451747615447,0.19649269329816,0,NA,NA,NA,NA,NA
"81","bude","0_10",24.4,65.55,10.05,0,1.54,0.127279220613579,2,NA,NA,NA,NA,NA
"82","bude","10_20",46.7895312870223,30.4653139464118,15.1362533561418,2.95214027796427,1.5096443452381,0.210069553241103,0,NA,NA,NA,NA,NA
"83","bude","20_40",16.15,64.55,19.3,0,1.50104635443921,0.215883238671701,0,NA,NA,NA,NA,NA
"84","bude","40_100",14.8888888888889,61.2222222222222,23.8888888888889,0,1.675,0.124766448481419,4,NA,NA,NA,NA,NA
"85","burton","0_10",55.0444444444444,29.3111111111111,20.5125,11.7777777777778,0.7225,0.12737739202857,4,2.5,0.00025,1.59351388888889e-06,1.59351388888889e-07,0.00159351388888889
"86","burton","10_20",55.35,28.125,16.525,5.25,0.935,0.275771644662753,2,2.5,0.00025,2.21478125e-06,2.21478125e-07,0.00221478125
"87","burton","20_40",54.7625,30.6875,14.55,15.75,1.046,0.114367827643966,5,2.5,0.00025,2.2031375e-06,4.406275e-07,0.004406275
"88","burton","40_100",56.1636363636364,30.5181818181818,13.3181818181818,10.7272727272727,1.27166666666667,0.0847152091815081,6,21.6333333333333,0.00216333333333333,2.45592744444445e-05,1.47355646666667e-05,0.147355646666667
"89","caddo","0_10",24.4285714285714,69.4571428571429,6.11428571428571,0.714285714285714,1.465,0.0494974746830584,2,NA,NA,NA,NA,NA
"90","caddo","10_20",19.1,69.575,11.325,0.5,1.6,0.210069553241103,1,NA,NA,NA,NA,NA
"91","caddo","20_40",21.4,66.675,11.925,0.25,1.685,0.0212132034355964,2,NA,NA,NA,NA,NA
"92","caddo","40_100",18.26875,63.74375,17.9875,0.3125,1.7075,0.0713559154286921,4,NA,NA,NA,NA,NA
"93","cahaba","0_10",51.35,34.175,14.4666666666667,0,1.4,0.0556776436283002,3,11.4666666666667,0.00114666666666667,1.60533333333333e-05,1.60533333333333e-06,0.0160533333333333
"94","cahaba","10_20",51.3,31.5,17.2,0,1.37,0.210069553241103,1,1.6,0.00016,2.192e-06,2.192e-07,0.002192
"95","cahaba","20_40",47.9466666666667,32.9,19.14,0,1.47333333333333,0.0757187779440037,3,3.53333333333333,0.000353333333333333,5.20577777777777e-06,1.04115555555555e-06,0.0104115555555555
"96","cahaba","40_100",46.1545454545455,28.3606060606061,25.469696969697,0,1.526,0.0439317652729776,5,3.66,0.000366,5.58516e-06,3.351096e-06,0.03351096
"97","carnasaw","0_10",27.6,61.4,10.975,8.25,1.5,0.325269119345812,2,0,0,0,0,0
"98","carnasaw","10_20",29.775,56.975,14.3,9.75,1.59,0.0565685424949237,2,0,0,0,0,0
"99","carnasaw","20_40",11.4333333333333,36.4666666666667,52.0666666666667,4.66666666666667,1.43333333333333,0.155349069303081,3,0,0,0,0,0
"100","carnasaw","40_100",15.6923076923077,33.7153846153846,51.8769230769231,5.61538461538461,1.55142857142857,0.110064915910047,7,0,0,0,0,0
"101","cartecay","0_10",53.1,26,20.9,0,1.3509262485482,0.246635757280942,0,NA,NA,NA,NA,NA
"102","cartecay","10_20",46.7895312870223,30.4653139464118,15.1362533561418,2.95214027796427,1.5096443452381,0.210069553241103,0,NA,NA,NA,NA,NA
"103","cartecay","20_40",71.2,16.3,12.5,0,1.50104635443921,0.215883238671701,0,NA,NA,NA,NA,NA
"104","cartecay","40_100",69,18.8,12.2,0,1.59451747615447,0.19649269329816,0,NA,NA,NA,NA,NA
"105","cashiers","0_10",54.6,25.6,19.8,8,1.3509262485482,0.246635757280942,0,NA,NA,NA,NA,NA
"106","cashiers","10_20",46.7895312870223,30.4653139464118,15.1362533561418,2.95214027796427,1.5096443452381,0.210069553241103,0,NA,NA,NA,NA,NA
"107","cashiers","20_40",59.3,23,17.7,9,1.04,0.215883238671701,1,NA,NA,NA,NA,NA
"108","cashiers","40_100",66.4,18.5,15.1,7.5,1.31,0.0989949493661166,2,NA,NA,NA,NA,NA
"109","cataula","0_10",66.2,18.5,15.3,4,1.39,0.246635757280942,1,NA,NA,NA,NA,NA
"110","cataula","10_20",68,18,14,11,1.72,0.210069553241103,1,NA,NA,NA,NA,NA
"111","cataula","20_40",36.7,13.5,49.8,4,1.51,0.215883238671701,1,NA,NA,NA,NA,NA
"112","cataula","40_100",32.0333333333333,15.6,52.3666666666667,2.66666666666667,1.505,0.120208152801713,2,NA,NA,NA,NA,NA
"113","cecil","0_10",58.4710526315789,21.9894736842105,21.9684210526316,6.13157894736842,1.58571428571429,0.13226956602045,7,31,0.0031,4.61430338345866e-05,4.61430338345866e-06,0.0461430338345866
"114","cecil","10_20",53.74,20.095,29.655,5.6,1.64666666666667,0.102143689640297,3,29.5,0.00295,4.58563733333334e-05,4.58563733333334e-06,0.0458563733333334
"115","cecil","20_40",46.504347826087,20.4652173913043,36.6217391304348,5.21739130434783,1.59083333333333,0.124568953766275,12,28,0.0028,4.22193333333332e-05,8.44386666666665e-06,0.0844386666666665
"116","cecil","40_100",35.9277777777778,21.0986111111111,42.8472222222222,2.30555555555556,1.498,0.097689087900015,20,2,2e-04,2.92692555555556e-06,1.75615533333333e-06,0.0175615533333333
"117","chandler","0_10",40.35,22.05,29.3,22,1.3509262485482,0.246635757280942,0,NA,NA,NA,NA,NA
"118","chandler","10_20",65,22,13,47,1.62,0.210069553241103,1,NA,NA,NA,NA,NA
"119","chandler","20_40",44.2,18.4,37.4,10,1.50104635443921,0.215883238671701,0,NA,NA,NA,NA,NA
"120","chandler","40_100",80.75,10.1,9.15,21.75,2.07666666666667,0.271538824725551,3,NA,NA,NA,NA,NA
"121","chestnut","0_10",34.7,48.6,14.6333333333333,3,1.3509262485482,0.246635757280942,0,NA,NA,NA,NA,NA
"122","chestnut","10_20",46.7895312870223,30.4653139464118,15.1362533561418,2.95214027796427,1.5096443452381,0.210069553241103,0,NA,NA,NA,NA,NA
"123","chestnut","20_40",42.05,37.05,20.9,10,1.13,0.215883238671701,1,NA,NA,NA,NA,NA
"124","chestnut","40_100",65,29.3,5.7,1.66666666666667,1.45,0.0989949493661167,2,NA,NA,NA,NA,NA
"125","chewacla","0_10",13.0714285714286,48.3571428571429,38.5714285714286,1.28571428571429,1.355,0.190918830920368,2,16.9,0.00169,2.26050778571429e-05,2.26050778571429e-06,0.0226050778571429
"126","chewacla","10_20",12.45,41,46.55,0.5,1.5096443452381,0.210069553241103,0,9.48333333333333,0.000948333333333333,1.42448782379713e-05,1.42448782379713e-06,0.0142448782379713
"127","chewacla","20_40",11.45,48.925,39.625,3.5,1.48,0.0692820323027551,3,2.06666666666667,0.000206666666666667,2.95161333333333e-06,5.90322666666667e-07,0.00590322666666667
"128","chewacla","40_100",15.65,46.3285714285714,38.0214285714286,0.5,1.53333333333333,0.118462370959446,3,2.075,0.0002075,3.16575833333333e-06,1.899455e-06,0.01899455
"129","clarksville","0_10",26.5863905325444,63.2307692307692,10.1786982248521,0.93491124260355,1.3509262485482,0.246635757280942,0,21.225,0.0021225,2.84053386952096e-05,2.84053386952096e-06,0.0284053386952096
"130","clarksville","10_20",24.1833333333333,65.2088235294118,10.6098039215686,0.235294117647059,1.5096443452381,0.210069553241103,0,15.2666666666667,0.00152666666666667,2.29930082110178e-05,2.29930082110178e-06,0.0229930082110178
"131","clarksville","20_40",24.6770491803279,62.575956284153,12.7448087431694,1.2568306010929,1.50104635443921,0.215883238671701,0,14.6,0.00146,2.16398388699924e-05,4.32796777399848e-06,0.0432796777399848
"132","clarksville","40_100",26.1935546875,46.393359375,27.41328125,1.05078125,2.04,0.0916515138991169,3,17.8,0.00178,3.59304403125e-05,2.15582641875e-05,0.215582641875
"133","clebit","0_10",57.1,28.5,14.4,10,1.48,0.246635757280942,1,NA,NA,NA,NA,NA
"134","clebit","10_20",46.7895312870223,30.4653139464118,15.1362533561418,2.95214027796427,1.5096443452381,0.210069553241103,0,NA,NA,NA,NA,NA
"135","clebit","20_40",56.5,30,13.5,14,1.51,0.215883238671701,1,NA,NA,NA,NA,NA
"136","clebit","40_100",47.1527031434407,24.7802985973975,23.2730709428291,3.29052854268621,1.59451747615447,0.19649269329816,0,NA,NA,NA,NA,NA
"137","clifton","0_10",36.05,35.75,28.2,11.375,1.29857142857143,0.108386433872598,7,2.4,0.00024,2.76206142857143e-06,2.76206142857143e-07,0.00276206142857143
"138","clifton","10_20",27.4666666666667,37.0666666666667,35.4666666666667,2,1.53,0.0916515138991168,3,1.35,0.000135,2.02419e-06,2.02419e-07,0.00202419
"139","clifton","20_40",28.0125,31.425,40.5625,5.75,1.47166666666667,0.0820771994324043,6,0.3,3e-05,4.16113750000001e-07,8.32227500000002e-08,0.000832227500000002
"140","clifton","40_100",38.1909090909091,27.1363636363636,34.6727272727273,5.45454545454545,1.3935,0.106389304963076,20,0.133333333333333,1.33333333333333e-05,1.75665454545455e-07,1.05399272727273e-07,0.00105399272727273
"141","congaree","0_10",48.2886660985049,31.5216808172776,14.2365984772959,2.55253239021966,1.3509262485482,0.246635757280942,0,NA,NA,NA,NA,NA
"142","congaree","10_20",53.2,29,17.8,0,1.5096443452381,0.210069553241103,0,NA,NA,NA,NA,NA
"143","congaree","20_40",44.6474010593,29.3694540148412,19.535668248824,2.4242495503916,1.50104635443921,0.215883238671701,0,NA,NA,NA,NA,NA
"144","congaree","40_100",43.05,35.725,21.225,0,1.59451747615447,0.19649269329816,0,NA,NA,NA,NA,NA
"145","cowarts","0_10",73.7916666666667,9.60833333333333,8.75,3.83333333333333,1.525,0.088881944173156,4,26.15,0.002615,3.83500645833333e-05,3.83500645833333e-06,0.0383500645833333
"146","cowarts","10_20",79.2,10.26,10.54,3.4,1.65,0.0282842712474619,2,15.4083333333333,0.00154083333333333,2.45593425e-05,2.45593425e-06,0.0245593425
"147","cowarts","20_40",65.7857142857143,8.22857142857143,23.6357142857143,5.42857142857143,1.66333333333333,0.091796877216312,6,4.66666666666667,0.000466666666666667,7.34084444444443e-06,1.46816888888889e-06,0.0146816888888889
"148","cowarts","40_100",61.2027777777778,6.44864864864865,31.6567567567568,2.75675675675676,1.70055555555556,0.108653373420044,18,0.56,5.6e-05,9.26058210210213e-07,5.55634926126128e-07,0.00555634926126128
"149","cowee","0_10",67.2,20.6,12.2,20,1.33,0.246635757280942,1,NA,NA,NA,NA,NA
"150","cowee","10_20",46.7895312870223,30.4653139464118,15.1362533561418,2.95214027796427,1.5096443452381,0.210069553241103,0,NA,NA,NA,NA,NA
"151","cowee","20_40",62.8,18.6,18.6,17,1.64,0.215883238671701,1,NA,NA,NA,NA,NA
"152","cowee","40_100",78.9666666666667,9.6,11.4333333333333,18.3333333333333,1.83,0.395979797464466,2,NA,NA,NA,NA,NA
"153","craggey","0_10",60.075,33.2,23.625,6.75,0.76,0.10816653826392,3,1.2,0.00012,8.5044e-07,8.5044e-08,0.00085044
"154","craggey","10_20",71.85,20.6,7.55,21,1.04,0.210069553241103,1,1.2,0.00012,9.8592e-07,9.8592e-08,0.00098592
"155","craggey","20_40",79.6666666666667,16.9,3.43333333333333,20.3333333333333,0.97,0.215883238671701,1,0.8,8e-05,6.18213333333334e-07,1.23642666666667e-07,0.00123642666666667
"156","craggey","40_100",68.1,23.5,8.4,20,1.59451747615447,0.19649269329816,0,0.6,6e-05,7.65368388554146e-07,4.59221033132487e-07,0.00459221033132487
"157","craven","0_10",23.3,67.2,9.5,0,1.45,0.014142135623731,2,NA,NA,NA,NA,NA
"158","craven","10_20",25.9,63.9,10.2,0,1.62,0.210069553241103,1,NA,NA,NA,NA,NA
"159","craven","20_40",15.0666666666667,57.7666666666667,27.1666666666667,0,1.58333333333333,0.153079500042734,3,NA,NA,NA,NA,NA
"160","craven","40_100",15.24,38.26,46.5,0,1.588,0.0402492235949962,5,NA,NA,NA,NA,NA
"161","cullasaja","0_10",58.7,29,12.3,57,0.925,0.0353553390593273,2,3,3e-04,1.19325e-06,1.19325e-07,0.00119325
"162","cullasaja","10_20",55.3,23.7,21,51,0.84,0.210069553241103,1,2,2e-04,8.232e-07,8.232e-08,0.0008232
"163","cullasaja","20_40",58.0666666666667,28.8,13.1333333333333,46.6666666666667,1.32666666666667,0.319426569548204,3,1,1e-04,7.07555555555557e-07,1.41511111111111e-07,0.00141511111111111
"164","cullasaja","40_100",63.9428571428571,23.8571428571429,12.2,58.8571428571429,1.54666666666667,0.185022521151706,3,0.8,8e-05,5.09074285714286e-07,3.05444571428572e-07,0.00305444571428572
"165","davidson","0_10",47.1571428571429,23.3,29.5428571428571,1,1.59,0.12,3,NA,NA,NA,NA,NA
"166","davidson","10_20",30.9333333333333,34.0333333333333,30.7,1.33333333333333,1.5096443452381,0.210069553241103,0,NA,NA,NA,NA,NA
"167","davidson","20_40",40.1,20.9666666666667,38.9333333333333,0.666666666666667,1.5725,0.0206155281280883,4,NA,NA,NA,NA,NA
"168","davidson","40_100",27.2,16.3357142857143,56.4642857142857,0.785714285714286,1.57666666666667,0.104626319187223,6,NA,NA,NA,NA,NA
"169","dorovan","0_10",48.2886660985049,31.5216808172776,14.2365984772959,2.55253239021966,1.3509262485482,0.246635757280942,0,NA,NA,NA,NA,NA
"170","dorovan","10_20",21,0.1,17.9,0,1.5096443452381,0.210069553241103,0,NA,NA,NA,NA,NA
"171","dorovan","20_40",44.6474010593,29.3694540148412,19.535668248824,2.4242495503916,1.50104635443921,0.215883238671701,0,NA,NA,NA,NA,NA
"172","dorovan","40_100",65.3,0.8,22.2,0,1.59451747615447,0.19649269329816,0,NA,NA,NA,NA,NA
"173","dothan","0_10",74.3809523809524,14.13125,7.63125,1.8125,1.405,0.346482322781408,2,90.2,0.00902,0.000124434000625,1.24434000625e-05,0.124434000625
"174","dothan","10_20",78.5595238095238,13.047619047619,7.08095238095238,2.19047619047619,1.65666666666667,0.124525767079214,6,69.55,0.006955,0.000112697274444445,1.12697274444445e-05,0.112697274444445
"175","dothan","20_40",66.6610169491525,13.3305084745763,15.0779661016949,2.91525423728814,1.778,0.0834865258589673,5,49.9,0.00499,8.61357223050847e-05,1.72271444610169e-05,0.172271444610169
"176","dothan","40_100",55.375,12.6240740740741,27.6231481481481,3.31481481481481,1.636,0.068677992593455,25,1.48,0.000148,2.34101905185185e-06,1.40461143111111e-06,0.0140461143111111
"177","duplin","0_10",37.2,23.2,9.4,0,1.3509262485482,0.246635757280942,0,NA,NA,NA,NA,NA
"178","duplin","10_20",7.3,17.8,12,0,1.5096443452381,0.210069553241103,0,NA,NA,NA,NA,NA
"179","duplin","20_40",52.9333333333333,21.7666666666667,24.9333333333333,0,1.50104635443921,0.215883238671701,0,NA,NA,NA,NA,NA
"180","duplin","40_100",38.5,18.2857142857143,49.5714285714286,0,1.59451747615447,0.19649269329816,0,NA,NA,NA,NA,NA
"181","edneyville","0_10",32.7,38.7,28.6,5,0.82,0.246635757280942,1,NA,NA,NA,NA,NA
"182","edneyville","10_20",36.5,34.2,29.3,2,1.19,0.210069553241103,1,NA,NA,NA,NA,NA
"183","edneyville","20_40",44.6474010593,29.3694540148412,19.535668248824,2.4242495503916,1.50104635443921,0.215883238671701,0,NA,NA,NA,NA,NA
"184","edneyville","40_100",66.5,24.24,9.26,0.6,1.075,0.0493288286231624,4,NA,NA,NA,NA,NA
"185","enon","0_10",60.1,29.95,9.95,27.5,1.07,0.246635757280942,1,NA,NA,NA,NA,NA
"186","enon","10_20",46.3,40.6,13.1,29,1.48,0.210069553241103,1,NA,NA,NA,NA,NA
"187","enon","20_40",30.75,19.9,49.35,8,1.52,0.215883238671701,1,NA,NA,NA,NA,NA
"188","enon","40_100",32.3857142857143,17.5285714285714,50.0857142857143,2.57142857142857,1.76333333333333,0.0873689494805411,3,NA,NA,NA,NA,NA
"189","escambia","0_10",60.7333333333333,29.2666666666667,7.6,0,1.3509262485482,0.246635757280942,0,NA,NA,NA,NA,NA
"190","escambia","10_20",48.525,31.9,6.7,0.5,1.33,0.210069553241103,1,NA,NA,NA,NA,NA
"191","escambia","20_40",49.56,29.92,9.44,0.6,1.7,0.215883238671701,1,NA,NA,NA,NA,NA
"192","escambia","40_100",57.0076923076923,29.0076923076923,15.3538461538462,0.615384615384615,1.78,0.0282842712474619,2,NA,NA,NA,NA,NA
"193","estate","0_10",45.975,45.375,8.65,0,1.3509262485482,0.246635757280942,0,0,0,0,0,0
"194","estate","10_20",37.175,47.8,15.025,0,1.64,0.210069553241103,1,0,0,0,0,0
"195","estate","20_40",23.96,49.14,26.9,0,1.50104635443921,0.215883238671701,0,0,0,0,0,0
"196","estate","40_100",29.3923076923077,30,40.6076923076923,0,1.74,0.19649269329816,1,0,0,0,0,0
"197","esto","0_10",57.84,13.68,11.89,0,1.3509262485482,0.246635757280942,0,NA,NA,NA,NA,NA
"198","esto","10_20",38.78,18.04,21.58,0,1.5096443452381,0.210069553241103,0,NA,NA,NA,NA,NA
"199","esto","20_40",38.5363636363636,13.2272727272727,39.6,0,1.50104635443921,0.215883238671701,0,NA,NA,NA,NA,NA
"200","esto","40_100",44.1565217391304,8.68695652173913,53.5130434782609,0,1.59451747615447,0.19649269329816,0,NA,NA,NA,NA,NA
"201","evard","0_10",49.9,28.7,21.4,6,1.3509262485482,0.246635757280942,0,NA,NA,NA,NA,NA
"202","evard","10_20",46.7895312870223,30.4653139464118,15.1362533561418,2.95214027796427,1.5096443452381,0.210069553241103,0,NA,NA,NA,NA,NA
"203","evard","20_40",40.6,32.8,26.6,4,1.49,0.215883238671701,1,NA,NA,NA,NA,NA
"204","evard","40_100",42.05,26.35,31.6,4,1.555,0.0636396103067893,2,NA,NA,NA,NA,NA
"205","evergreen","0_10",48.2886660985049,31.5216808172776,14.2365984772959,2.55253239021966,1.3509262485482,0.246635757280942,0,NA,NA,NA,NA,NA
"206","evergreen","10_20",46.7895312870223,30.4653139464118,15.1362533561418,2.95214027796427,1.5096443452381,0.210069553241103,0,NA,NA,NA,NA,NA
"207","evergreen","20_40",56.1333333333333,4.9,4.2,0,1.50104635443921,0.215883238671701,0,NA,NA,NA,NA,NA
"208","evergreen","40_100",44.9,1.45,1.75,0,1.59451747615447,0.19649269329816,0,NA,NA,NA,NA,NA
"209","fannin","0_10",40.3833333333333,29.0833333333333,21.1,4.5,1.19,0.212132034355964,2,2.5,0.00025,2.841125e-06,2.841125e-07,0.002841125
"210","fannin","10_20",61.55,18.7,19.75,13.5,1.305,0.0212132034355964,2,2.5,0.00025,2.8220625e-06,2.8220625e-07,0.0028220625
"211","fannin","20_40",48.36,17.68,33.96,2.8,1.3075,0.0590903263374528,4,1.95,0.000195,2.4782355e-06,4.956471e-07,0.004956471
"212","fannin","40_100",62.5631578947368,17.3736842105263,20.0631578947368,9.05263157894737,1.35818181818182,0.124082084268292,11,1.4,0.00014,1.7293228708134e-06,1.03759372248804e-06,0.0103759372248804
"213","forestdale","0_10",14.2272727272727,52.6,33.1636363636364,0,1.595,0.141539158303748,4,NA,NA,NA,NA,NA
"214","forestdale","10_20",12.8125,52.2875,34.9,0,1.5096443452381,0.210069553241103,0,NA,NA,NA,NA,NA
"215","forestdale","20_40",9.60769230769231,52.8,37.5923076923077,0,1.686,0.133341666406266,5,NA,NA,NA,NA,NA
"216","forestdale","40_100",12.1447368421053,44.3947368421053,43.4631578947368,0,1.70538461538462,0.08471672253412,13,NA,NA,NA,NA,NA
"217","foxworth","0_10",44.8055555555556,3.75,1.8,0,1.3509262485482,0.246635757280942,0,1.4,0.00014,1.89129674796748e-06,1.89129674796748e-07,0.00189129674796748
"218","foxworth","10_20",78.3222222222222,3.52222222222222,1.74444444444444,0,1.5096443452381,0.210069553241103,0,153.4,0.01534,0.000231579442559525,2.31579442559525e-05,0.231579442559525
"219","foxworth","20_40",58.0875,4.1625,1.8125,0,1.50104635443921,0.215883238671701,0,103.6875,0.01036875,0.000155639743875916,3.11279487751831e-05,0.311279487751831
"220","foxworth","40_100",69.3025641025641,3.5325,2.055,0,1.795,0.00707106781186548,2,53.975,0.0053975,9.6885125e-05,5.8131075e-05,0.58131075
"221","fuquay","0_10",75.1590909090909,12.25,4.24090909090909,3.04545454545455,1.43,0.246635757280942,1,2,2e-04,2.7729e-06,2.7729e-07,0.0027729
"222","fuquay","10_20",77.2076923076923,9.32307692307692,3.96153846153846,5.69230769230769,1.805,0.106066017177982,2,3.15,0.000315,5.36209961538462e-06,5.36209961538462e-07,0.00536209961538462
"223","fuquay","20_40",65.6533333333333,11.1866666666667,5.38666666666667,7.2,1.69,0.215883238671701,1,4.3,0.00043,6.743776e-06,1.3487552e-06,0.013487552
"224","fuquay","40_100",67.2641509433962,9.54339622641509,13.9320754716981,1.75471698113208,1.704,0.045752959831396,10,0.2,2e-05,3.34819924528302e-07,2.00891954716981e-07,0.00200891954716981
"225","glenmora","0_10",43.3,50.9,5.8,0,1.42,0.246635757280942,1,NA,NA,NA,NA,NA
"226","glenmora","10_20",46.7895312870223,30.4653139464118,15.1362533561418,2.95214027796427,1.5096443452381,0.210069553241103,0,NA,NA,NA,NA,NA
"227","glenmora","20_40",35.7,52.1,12.2,1,1.59,0.215883238671701,1,NA,NA,NA,NA,NA
"228","glenmora","40_100",30.15,51.2,18.65,2,1.635,0.0353553390593273,2,NA,NA,NA,NA,NA
"229","goldsboro","0_10",64.5333333333333,28.7,10,0,1.38,0.246635757280942,1,4,4e-04,5.52e-06,5.52e-07,0.00552
"230","goldsboro","10_20",74.78,18.88,6.34,0.2,1.5096443452381,0.210069553241103,0,288.8,0.02888,0.000435113316330954,4.35113316330954e-05,0.435113316330954
"231","goldsboro","20_40",61.5916666666667,26.8666666666667,11.5416666666667,0.166666666666667,1.55,0.062449979983984,3,1.96666666666667,0.000196666666666667,3.04325277777778e-06,6.08650555555556e-07,0.00608650555555556
"232","goldsboro","40_100",56.004,22.38,21.62,0.2,1.668,0.0396232255123179,5,1.14,0.000114,1.89771696e-06,1.138630176e-06,0.01138630176
"233","greenville","0_10",64.2727272727273,17.5272727272727,20.4818181818182,0,1.765,0.109498858441538,6,2,2e-04,3.53e-06,3.53e-07,0.00353
"234","greenville","10_20",51.3,24.32,24.38,0,1.69,0.0707106781186548,2,57,0.0057,9.633e-05,9.633e-06,0.09633
"235","greenville","20_40",45.08,16.9333333333333,40.22,0,1.6375,0.0747854072854935,8,0,0,0,0,0
"236","greenville","40_100",41.9485714285714,14.68,43.0828571428571,0,1.62611111111111,0.0825433140406324,18,0,0,0,0,0
"237","guyton","0_10",29.45,54.3666666666667,15.9666666666667,0,1.4525,0.097082439194738,4,NA,NA,NA,NA,NA
"238","guyton","10_20",20.65,59.5,19.85,0,1.655,0.120208152801713,2,NA,NA,NA,NA,NA
"239","guyton","20_40",21.06,64.76,14.18,0,1.58,0.0724568837309472,5,NA,NA,NA,NA,NA
"240","guyton","40_100",19.3916666666667,57.5333333333333,23.075,0.25,1.646,0.135088448391744,10,NA,NA,NA,NA,NA
"241","gwinnett","0_10",48.6333333333333,31,20.3666666666667,0,1.3509262485482,0.246635757280942,0,NA,NA,NA,NA,NA
"242","gwinnett","10_20",46.7895312870223,30.4653139464118,15.1362533561418,2.95214027796427,1.5096443452381,0.210069553241103,0,NA,NA,NA,NA,NA
"243","gwinnett","20_40",26,35.6,38.4,0,1.50104635443921,0.215883238671701,0,NA,NA,NA,NA,NA
"244","gwinnett","40_100",37.55,20.75,41.7,0,1.59451747615447,0.19649269329816,0,NA,NA,NA,NA,NA
"245","hard labor","0_10",75.3,17.9,6.8,0,1.3509262485482,0.246635757280942,0,NA,NA,NA,NA,NA
"246","hard labor","10_20",79.9,15.3,4.8,0,1.5096443452381,0.210069553241103,0,NA,NA,NA,NA,NA
"247","hard labor","20_40",75.9,18.1,6,0,1.50104635443921,0.215883238671701,0,NA,NA,NA,NA,NA
"248","hard labor","40_100",36.75,14,49.25,0,1.59451747615447,0.19649269329816,0,NA,NA,NA,NA,NA
"249","harleston","0_10",67.8333333333333,27.5666666666667,4.6,0.333333333333333,1.28,0.246635757280942,1,NA,NA,NA,NA,NA
"250","harleston","10_20",44.5,45,10.5,2,1.49,0.210069553241103,1,NA,NA,NA,NA,NA
"251","harleston","20_40",53.45,34.9,11.65,0.25,1.565,0.0494974746830584,2,NA,NA,NA,NA,NA
"252","harleston","40_100",55.775,27.2375,16.9875,0.375,1.7,0.03,3,NA,NA,NA,NA,NA
"253","helena","0_10",76.75,32.45,11.3,0,1.3509262485482,0.246635757280942,0,NA,NA,NA,NA,NA
"254","helena","10_20",46.7895312870223,30.4653139464118,15.1362533561418,2.95214027796427,1.5096443452381,0.210069553241103,0,NA,NA,NA,NA,NA
"255","helena","20_40",27.4,31.6,17.75,0,1.50104635443921,0.215883238671701,0,NA,NA,NA,NA,NA
"256","helena","40_100",21.875,20.575,48.175,0,1.59451747615447,0.19649269329816,0,NA,NA,NA,NA,NA
"257","hemphill","0_10",48.2886660985049,31.5216808172776,14.2365984772959,2.55253239021966,1.3509262485482,0.246635757280942,0,NA,NA,NA,NA,NA
"258","hemphill","10_20",26.3,37.2,36.5,0,1.53,0.15556349186104,2,NA,NA,NA,NA,NA
"259","hemphill","20_40",8.8,33.8,57.4,0,1.64,0.215883238671701,1,NA,NA,NA,NA,NA
"260","hemphill","40_100",35.5857142857143,35.3142857142857,29.1,0,1.45571428571429,0.11355720186425,7,NA,NA,NA,NA,NA
"261","hiwassee","0_10",31.3769230769231,29.2,39.4230769230769,1.46153846153846,1.60333333333333,0.159457413332421,6,22,0.0022,3.47577999999999e-05,3.47577999999999e-06,0.0347577999999999
"262","hiwassee","10_20",57.1,22.525,20.375,3.25,1.645,0.0881286937760152,4,11,0.0011,1.75069125e-05,1.75069125e-06,0.0175069125
"263","hiwassee","20_40",23.7066666666667,22.0066666666667,54.2866666666667,1.13333333333333,1.625,0.0808879295250975,8,0,0,0,0,0
"264","hiwassee","40_100",22.7269230769231,23.0730769230769,55.0192307692308,0.846153846153846,1.56769230769231,0.0953199739608516,13,0,0,0,0,0
"265","hurricane","0_10",46.3666666666667,3.52631578947368,1.56315789473684,0,1.3509262485482,0.246635757280942,0,303.1,0.03031,0.000409465745934959,4.09465745934959e-05,0.409465745934959
"266","hurricane","10_20",62.3428571428571,3.44285714285714,1.3,0,1.5096443452381,0.210069553241103,0,300.866666666667,0.0300866666666667,0.00045420166200397,4.5420166200397e-05,0.45420166200397
"267","hurricane","20_40",56.68,4.65454545454545,1.80909090909091,0,1.50104635443921,0.215883238671701,0,298.633333333333,0.0298633333333333,0.000448262476314029,8.96524952628059e-05,0.896524952628059
"268","hurricane","40_100",51.8738095238095,3.25581395348837,1.62790697674419,0,1.59451747615447,0.19649269329816,0,296.4,0.02964,0.000472614979932185,0.000283568987959311,2.83568987959311
"269","kingsferry","0_10",46.6,4.3,1.1,0,1.3509262485482,0.246635757280942,0,NA,NA,NA,NA,NA
"270","kingsferry","10_20",55.8,3.6,1.3,0,1.5096443452381,0.210069553241103,0,NA,NA,NA,NA,NA
"271","kingsferry","20_40",32.4,5.5,1.4,0,1.50104635443921,0.215883238671701,0,NA,NA,NA,NA,NA
"272","kingsferry","40_100",67.22,4.6,2.52,0,1.59451747615447,0.19649269329816,0,NA,NA,NA,NA,NA
"273","kinston","0_10",1.3,40.6,46.3,0,1.3509262485482,0.246635757280942,0,NA,NA,NA,NA,NA
"274","kinston","10_20",21.1,33.7,29.3,0,1.5096443452381,0.210069553241103,0,NA,NA,NA,NA,NA
"275","kinston","20_40",44.6474010593,29.3694540148412,19.535668248824,2.4242495503916,1.50104635443921,0.215883238671701,0,NA,NA,NA,NA,NA
"276","kinston","40_100",41.05,34.15,32.7,0,1.59451747615447,0.19649269329816,0,NA,NA,NA,NA,NA
"277","kolin","0_10",33.9333333333333,57.8666666666667,8.2,0,1.435,0.0494974746830584,2,NA,NA,NA,NA,NA
"278","kolin","10_20",23.1,64.6,12.3,0,1.53,0.210069553241103,1,NA,NA,NA,NA,NA
"279","kolin","20_40",26.8666666666667,57.1333333333333,16,0.333333333333333,1.56,0.215883238671701,1,NA,NA,NA,NA,NA
"280","kolin","40_100",20.1545454545455,51.7818181818182,28.0636363636364,0.545454545454545,1.706,0.105261578935526,5,NA,NA,NA,NA,NA
"281","lakeland","0_10",65.7052631578947,4.18421052631579,2.32631578947368,0,1.3509262485482,0.246635757280942,0,2,2e-04,2.7018524970964e-06,2.7018524970964e-07,0.0027018524970964
"282","lakeland","10_20",42.3857142857143,5.55714285714286,2.45714285714286,0,1.5096443452381,0.210069553241103,0,2.2,0.00022,3.32121755952382e-06,3.32121755952382e-07,0.00332121755952382
"283","lakeland","20_40",63.5625,4.87777777777778,3.25555555555556,0,1.50104635443921,0.215883238671701,0,2.4,0.00024,3.6025112506541e-06,7.20502250130821e-07,0.00720502250130821
"284","lakeland","40_100",75.0088888888889,4.51333333333333,3.22888888888889,0,1.59451747615447,0.19649269329816,0,2.6,0.00026,4.14574543800162e-06,2.48744726280097e-06,0.0248744726280097
"285","latonia","0_10",58.7,36,5.3,1,1.51,0.246635757280942,1,NA,NA,NA,NA,NA
"286","latonia","10_20",46.7895312870223,30.4653139464118,15.1362533561418,2.95214027796427,1.5096443452381,0.210069553241103,0,NA,NA,NA,NA,NA
"287","latonia","20_40",52.95,35.9,11.15,0,1.58,0,2,NA,NA,NA,NA,NA
"288","latonia","40_100",51.3666666666667,32.7333333333333,15.9,0.666666666666667,1.65333333333333,0.0305505046330388,3,NA,NA,NA,NA,NA
"289","leadvale","0_10",23.6461538461538,63.9,12.4615384615385,0,1.3509262485482,0.246635757280942,0,25,0.0025,3.3773156213705e-05,3.3773156213705e-06,0.033773156213705
"290","leadvale","10_20",21.3333333333333,63.6666666666667,15,0,1.5096443452381,0.210069553241103,0,5,5e-04,7.5482217261905e-06,7.5482217261905e-07,0.0075482217261905
"291","leadvale","20_40",15.575,62.75,21.6833333333333,0,1.50104635443921,0.215883238671701,0,13.6,0.00136,2.04142304203733e-05,4.08284608407465e-06,0.0408284608407465
"292","leadvale","40_100",16.4655172413793,55.3344827586207,28.2034482758621,0,1.59451747615447,0.19649269329816,0,10.2777777777778,0.00102777777777778,1.63880962826987e-05,9.83285776961923e-06,0.0983285776961923
"293","leefield","0_10",38.7666666666667,8.31666666666667,5.63333333333333,0,1.3509262485482,0.246635757280942,0,NA,NA,NA,NA,NA
"294","leefield","10_20",56.58,7.98,5.02,0,1.5096443452381,0.210069553241103,0,NA,NA,NA,NA,NA
"295","leefield","20_40",33.8571428571429,10.7875,5.25,0,1.50104635443921,0.215883238671701,0,NA,NA,NA,NA,NA
"296","leefield","40_100",52.0571428571429,8.46111111111111,11.4777777777778,0,1.59451747615447,0.19649269329816,0,NA,NA,NA,NA,NA
"297","lenoir","0_10",14.0333333333333,52.6333333333333,33.3333333333333,0,1.41,0,2,15,0.0015,2.115e-05,2.115e-06,0.02115
"298","lenoir","10_20",6,45.2,48.8,0,1.61,0.210069553241103,1,4.9,0.00049,7.889e-06,7.889e-07,0.007889
"299","lenoir","20_40",16.5,48.55,34.95,0,1.47,0.215883238671701,1,21.8,0.00218,3.2046e-05,6.4092e-06,0.064092
"300","lenoir","40_100",7.74285714285714,46.4714285714286,45.7857142857143,0,1.486,0.0702139587261679,5,12.6,0.00126,1.87236e-05,1.123416e-05,0.1123416
"301","leon","0_10",50.95,8.12916666666667,1.325,0,1.05,0.29698484809835,2,NA,NA,NA,NA,NA
"302","leon","10_20",68.85,4.9125,0.6125,0,1.5096443452381,0.210069553241103,0,NA,NA,NA,NA,NA
"303","leon","20_40",64.9035714285714,3.72142857142857,1.00357142857143,0,1.47666666666667,0.21594752448994,3,NA,NA,NA,NA,NA
"304","leon","40_100",64.0475,4.40740740740741,2.3,0,1.45,0.321403173599764,3,NA,NA,NA,NA,NA
"305","lexington","0_10",19.16,67.86,12.98,0,1.3509262485482,0.246635757280942,0,6.23333333333333,0.000623333333333333,8.42077361595045e-06,8.42077361595045e-07,0.00842077361595045
"306","lexington","10_20",6.45,65.45,28.1,0,1.5096443452381,0.210069553241103,0,5.06666666666667,0.000506666666666667,7.64886468253971e-06,7.64886468253971e-07,0.00764886468253971
"307","lexington","20_40",7.825,59.825,32.35,0,1.50104635443921,0.215883238671701,0,3.9,0.00039,5.85408078231292e-06,1.17081615646258e-06,0.0117081615646258
"308","lexington","40_100",24.5272727272727,52.9818181818182,22.4909090909091,0,1.59451747615447,0.19649269329816,0,3.32,0.000332,5.29379802083284e-06,3.1762788124997e-06,0.031762788124997
"309","lily","0_10",43.6695652173913,43.9326086956522,11.1130434782609,1.1304347826087,1.39333333333333,0.300222139978605,3,29.1,0.00291,4.00876539130434e-05,4.00876539130434e-06,0.0400876539130434
"310","lily","10_20",43.1093023255814,44.2767441860465,12.6186046511628,2.23255813953488,1.35833333333333,0.128127540625217,6,3,3e-04,3.98402325581394e-06,3.98402325581395e-07,0.00398402325581395
"311","lily","20_40",41.4625,39.3395833333333,19.1958333333333,1.6875,1.55875,0.122408858222878,8,1.82,0.000182,2.789051890625e-06,5.57810378125e-07,0.00557810378125
"312","lily","40_100",51.4365384615385,28.2048076923077,20.3586538461538,1.27884615384615,1.65714285714286,0.112552795914326,14,0.776923076923077,7.76923076923077e-05,1.27100773457312e-06,7.62604640743873e-07,0.00762604640743873
"313","lloyd","0_10",58.725,20.675,20.6,7.25,1.415,0.558614357137373,2,23.8666666666667,0.00238666666666667,3.13229116666667e-05,3.13229116666667e-06,0.0313229116666667
"314","lloyd","10_20",50.65,24.05,25.3,11,1.51,0.210069553241103,1,18.15,0.001815,2.4391785e-05,2.4391785e-06,0.024391785
"315","lloyd","20_40",35.6,20.6571428571429,43.7428571428571,2.42857142857143,1.57,0.254558441227157,2,5.5,0.00055,8.42529285714286e-06,1.68505857142857e-06,0.0168505857142857
"316","lloyd","40_100",33.81,23.39,42.8,1.7,1.558,0.228516957795259,5,0.614285714285714,6.14285714285714e-05,9.40787171428571e-07,5.64472302857143e-07,0.00564472302857143
"317","louisburg","0_10",65.2,27.8,7,0,1.3509262485482,0.246635757280942,0,NA,NA,NA,NA,NA
"318","louisburg","10_20",46.7895312870223,30.4653139464118,15.1362533561418,2.95214027796427,1.5096443452381,0.210069553241103,0,NA,NA,NA,NA,NA
"319","louisburg","20_40",60.2,30.9,8.9,0,1.50104635443921,0.215883238671701,0,NA,NA,NA,NA,NA
"320","louisburg","40_100",62.4,24.6333333333333,12.9666666666667,0,1.59451747615447,0.19649269329816,0,NA,NA,NA,NA,NA
"321","lucy","0_10",71.9,7.88571428571429,4.21428571428571,1.85714285714286,1.3509262485482,0.246635757280942,0,44,0.0044,5.83368552015929e-05,5.83368552015929e-06,0.0583368552015929
"322","lucy","10_20",73.3,5.65,5.45,0,1.58,0.210069553241103,1,44,0.0044,6.952e-05,6.952e-06,0.06952
"323","lucy","20_40",59.0428571428571,8.75714285714286,6.37142857142857,0.142857142857143,1.50104635443921,0.215883238671701,0,24,0.0024,3.59736480601031e-05,7.19472961202063e-06,0.0719472961202063
"324","lucy","40_100",61.7863636363636,7.00909090909091,13.7954545454545,0.0454545454545455,1.616,0.0512835256198323,5,4,4e-04,6.46106181818182e-06,3.87663709090909e-06,0.0387663709090909
"325","lynchburg","0_10",52.36,27.4,10.38,0,1.33,0.29698484809835,2,NA,NA,NA,NA,NA
"326","lynchburg","10_20",74.02,21.9,7.8,0,1.7,0.0565685424949239,2,NA,NA,NA,NA,NA
"327","lynchburg","20_40",56.32,18.9,9.27,0,1.71,0.0989949493661167,2,NA,NA,NA,NA,NA
"328","lynchburg","40_100",61.5529411764706,16.3294117647059,17.8058823529412,0,1.816,0.0931665175908169,5,NA,NA,NA,NA,NA
"329","madison","0_10",59.84,19.96,20.2,4.4,1.35,0.306104557300279,3,16.5,0.00165,2.12949e-05,2.12949e-06,0.0212949
"330","madison","10_20",49.45,21.5666666666667,28.9833333333333,4.5,1.765,0.0212132034355964,2,6.15,0.000615,1.036628625e-05,1.036628625e-06,0.01036628625
"331","madison","20_40",37.65,18.1333333333333,44.2166666666667,0.833333333333333,1.47666666666667,0.0929157324317756,3,0.3,3e-05,4.39308333333334e-07,8.78616666666669e-08,0.000878616666666669
"332","madison","40_100",41.00625,17.0875,41.90625,0.25,1.46444444444444,0.07650344945019,9,0.25,2.5e-05,3.65195833333332e-07,2.19117499999999e-07,0.00219117499999999
"333","malbis","0_10",60.0388888888889,31.9444444444444,6.41666666666667,1,1.58666666666667,0.108750478926148,6,NA,NA,NA,NA,NA
"334","malbis","10_20",58.26875,33.7875,7.23125,1.5,1.63857142857143,0.162729691147474,7,NA,NA,NA,NA,NA
"335","malbis","20_40",53.3095238095238,31.7619047619048,17.0047619047619,1.57142857142857,1.67,0.0616441400296898,9,NA,NA,NA,NA,NA
"336","malbis","40_100",45.630985915493,29.369014084507,24.5154929577465,1.74647887323944,1.72321428571429,0.0730830867310459,28,NA,NA,NA,NA,NA
"337","mantachie","0_10",44.425,31.2083333333333,24.375,0.583333333333333,1.55,0.0294392028877595,4,8.15,0.000815,1.25588104166667e-05,1.25588104166667e-06,0.0125588104166667
"338","mantachie","10_20",43.1125,35.275,21.6125,1.5,1.635,0.0777817459305201,2,2,2e-04,3.22095e-06,3.22095e-07,0.00322095
"339","mantachie","20_40",54.4727272727273,27.8909090909091,17.6363636363636,1.45454545454545,1.595,0.106160256216722,6,3.28,0.000328,5.155504e-06,1.0311008e-06,0.010311008
"340","mantachie","40_100",56.19375,24.603125,19.203125,1.5,1.61384615384615,0.12692113440627,13,2.79411764705882,0.000279411764705882,4.44163687782804e-06,2.66498212669683e-06,0.0266498212669683
"341","mascotte","0_10",33.05,6,2.4,0,1.3509262485482,0.246635757280942,0,NA,NA,NA,NA,NA
"342","mascotte","10_20",63.6,4,2.7,0,1.5096443452381,0.210069553241103,0,NA,NA,NA,NA,NA
"343","mascotte","20_40",28.05,4.6,1.15,0,1.50104635443921,0.215883238671701,0,NA,NA,NA,NA,NA
"344","mascotte","40_100",42.5555555555556,5.32,11.36,0,1.59451747615447,0.19649269329816,0,NA,NA,NA,NA,NA
"345","mattex","0_10",11.5,58,30.5,0,1.24,0.246635757280942,1,0,0,0,0,0
"346","mattex","10_20",46.7895312870223,30.4653139464118,15.1362533561418,2.95214027796427,1.5096443452381,0.210069553241103,0,NA,NA,NA,NA,NA
"347","mattex","20_40",23.3,46.25,30.45,0.5,1.47,0.0565685424949239,2,NA,NA,NA,NA,NA
"348","mattex","40_100",46.3,37.35,16.35,2,1.715,0.0212132034355964,2,NA,NA,NA,NA,NA
"349","mclaurin","0_10",53.2,40.6,6.2,0,1.4,0.246635757280942,1,NA,NA,NA,NA,NA
"350","mclaurin","10_20",56.9,39,4.1,0,1.59,0.210069553241103,1,NA,NA,NA,NA,NA
"351","mclaurin","20_40",50.4,39.5,10.1,0,1.62,0.215883238671701,1,NA,NA,NA,NA,NA
"352","mclaurin","40_100",46.7,38.3,15,0,1.6,0.19649269329816,1,NA,NA,NA,NA,NA
"353","mecklenburg","0_10",39.8333333333333,28.6,31.5666666666667,1.66666666666667,1.61,0.0424264068711927,2,39,0.0039,6.17435e-05,6.17435e-06,0.0617435
"354","mecklenburg","10_20",40.7,33.9,25.4,0,1.5096443452381,0.210069553241103,0,34,0.0034,5.13279077380954e-05,5.13279077380954e-06,0.0513279077380954
"355","mecklenburg","20_40",21.2,21.15,57.65,0,1.41,0.215883238671701,1,29,0.0029,4.089e-05,8.178e-06,0.08178
"356","mecklenburg","40_100",25.36,33.84,40.8,0.1,1.346,0.146901327427631,5,54,0.0054,7.2611316e-05,4.35667896e-05,0.435667896
"357","meggett","0_10",69.0333333333333,21.7166666666667,8.13333333333333,0,1.37,0.113137084989848,2,NA,NA,NA,NA,NA
"358","meggett","10_20",62.7,22.3666666666667,8.2,0,1.515,0.0494974746830584,2,NA,NA,NA,NA,NA
"359","meggett","20_40",48.25,18.65,20.8166666666667,0,1.7,0.0565685424949239,2,NA,NA,NA,NA,NA
"360","meggett","40_100",46.3285714285714,18.75,42.9642857142857,0.857142857142857,1.75,0.0707106781186548,5,NA,NA,NA,NA,NA
"361","moko","0_10",29.2196428571429,44.3776785714286,26.4017857142857,0.267857142857143,1.29,0.246635757280942,1,21.75,0.002175,2.79823459821429e-05,2.79823459821429e-06,0.0279823459821429
"362","moko","10_20",32.4105263157895,40.5157894736842,27.0754385964912,0.508771929824561,1.37,0.210069553241103,1,24.5,0.00245,3.33942307017544e-05,3.33942307017544e-06,0.0333942307017544
"363","moko","20_40",29.99,42.65,27.356,0.66,1.52,0.215883238671701,1,7.5,0.00075,1.132476e-05,2.264952e-06,0.02264952
"364","moko","40_100",46.1,33.075,20.825,0,1.47,0.19649269329816,1,7.5,0.00075,1.1025e-05,6.615e-06,0.06615
"365","mollville","0_10",39.7333333333333,46.3,13.9666666666667,0,1.335,0.388908729652601,2,2,2e-04,2.67e-06,2.67e-07,0.00267
"366","mollville","10_20",61.9,28,10.1,0,1.57,0.0282842712474619,2,1,1e-04,1.57e-06,1.57e-07,0.00157
"367","mollville","20_40",46.525,37.225,16.25,0,1.7125,0.199895806192459,4,1,1e-04,1.7125e-06,3.425e-07,0.003425
"368","mollville","40_100",49.4555555555556,31.0111111111111,19.5333333333333,0.111111111111111,1.65777777777778,0.158727579344122,9,1,1e-04,1.65593580246914e-06,9.93561481481483e-07,0.00993561481481483
"369","nikwasi","0_10",70,17.5,12.5,0,0.96,0.246635757280942,1,NA,NA,NA,NA,NA
"370","nikwasi","10_20",46.7895312870223,30.4653139464118,15.1362533561418,2.95214027796427,1.5096443452381,0.210069553241103,0,NA,NA,NA,NA,NA
"371","nikwasi","20_40",80.1,13.6,6.3,5,1.24,0.215883238671701,1,NA,NA,NA,NA,NA
"372","nikwasi","40_100",92.6666666666667,4.66666666666667,2.66666666666667,34,1.325,0.00707106781186548,2,NA,NA,NA,NA,NA
"373","nixa","0_10",21.9785714285714,68.2535714285714,9.75714285714286,2.39285714285714,1.3509262485482,0.246635757280942,0,33.18,0.003318,4.37511650317944e-05,4.37511650317944e-06,0.0437511650317944
"374","nixa","10_20",19.2875,70.8875,9.8375,4.9375,1.5096443452381,0.210069553241103,0,16,0.0016,2.29616904910715e-05,2.29616904910715e-06,0.0229616904910715
"375","nixa","20_40",22.6,66.0774193548387,11.3322580645161,2.41935483870968,1.50104635443921,0.215883238671701,0,48.38,0.004838,7.0863672080323e-05,1.41727344160646e-05,0.141727344160646
"376","nixa","40_100",22.3758620689655,47.9954022988506,29.6310344827586,1.64367816091954,1.96,0.212132034355964,2,18.85,0.001885,3.63387266666667e-05,2.1803236e-05,0.21803236
"377","noark","0_10",17.9860465116279,71.5581395348837,10.4581395348837,0,1.3509262485482,0.246635757280942,0,NA,NA,NA,NA,NA
"378","noark","10_20",16.5272727272727,73.5045454545455,9.95909090909091,0,1.5096443452381,0.210069553241103,0,NA,NA,NA,NA,NA
"379","noark","20_40",14.056,67.232,18.718,0.74,1.50104635443921,0.215883238671701,0,NA,NA,NA,NA,NA
"380","noark","40_100",13.0622807017544,38.480701754386,48.4605263157895,0.771929824561403,1.44,0.19649269329816,1,NA,NA,NA,NA,NA
"381","norfolk","0_10",76.7230769230769,13.1,4.5,0.153846153846154,1.735,0.0443471156521669,4,37.36,0.003736,6.47198775384615e-05,6.47198775384615e-06,0.0647198775384615
"382","norfolk","10_20",82.6230769230769,12.0153846153846,4.52307692307692,0,1.72,0.0565685424949239,2,2.65,0.000265,4.558e-06,4.558e-07,0.004558
"383","norfolk","20_40",68.3,13.5086956521739,10.9565217391304,0.260869565217391,1.774,0.0622896460095898,5,1.56666666666667,0.000156666666666667,2.7720164057971e-06,5.5440328115942e-07,0.0055440328115942
"384","norfolk","40_100",63.2137931034483,11.4120689655172,25.4137931034483,0.413793103448276,1.70833333333333,0.0649207661873529,18,1.7375,0.00017375,2.95594683908045e-06,1.77356810344827e-06,0.0177356810344827
"385","ocilla","0_10",64.4272727272727,8.90909090909091,2.93636363636364,0,1.3509262485482,0.246635757280942,0,NA,NA,NA,NA,NA
"386","ocilla","10_20",52.4,6.6,3.4,0,1.5096443452381,0.210069553241103,0,NA,NA,NA,NA,NA
"387","ocilla","20_40",55.2416666666667,8.175,3.31666666666667,0,1.50104635443921,0.215883238671701,0,NA,NA,NA,NA,NA
"388","ocilla","40_100",51.8027777777778,9.11842105263158,12.9078947368421,0,1.59451747615447,0.19649269329816,0,NA,NA,NA,NA,NA
"389","olustee","0_10",36.025,7.75,2.225,0,1.3509262485482,0.246635757280942,0,NA,NA,NA,NA,NA
"390","olustee","10_20",46.7895312870223,30.4653139464118,15.1362533561418,2.95214027796427,1.5096443452381,0.210069553241103,0,NA,NA,NA,NA,NA
"391","olustee","20_40",46.86,5.4,3.1,0,1.50104635443921,0.215883238671701,0,NA,NA,NA,NA,NA
"392","olustee","40_100",52.8818181818182,5.21818181818182,9.81818181818182,0,1.59451747615447,0.19649269329816,0,NA,NA,NA,NA,NA
"393","orangeburg","0_10",69.8076923076923,13.1230769230769,7.66538461538462,0.192307692307692,1.76333333333333,0.185022521151706,3,132.7,0.01327,0.000233544344230769,2.33544344230769e-05,0.233544344230769
"394","orangeburg","10_20",68.4473684210526,12.0947368421053,8.32631578947368,0.842105263157895,1.83,0.210069553241103,1,1.4,0.00014,2.54042526315789e-06,2.54042526315789e-07,0.00254042526315789
"395","orangeburg","20_40",66.3588235294118,13.4114285714286,14.8342857142857,0.257142857142857,1.73111111111111,0.0964940988408675,9,16.3714285714286,0.00163714285714286,2.82678856598639e-05,5.65357713197279e-06,0.0565357713197279
"396","orangeburg","40_100",56.6493670886076,10.6625,26.32125,0.575,1.683125,0.0878421880419653,16,1.65714285714286,0.000165714285714286,2.77314079464286e-06,1.66388447678571e-06,0.0166388447678571
"397","ouachita","0_10",48.2886660985049,31.5216808172776,14.2365984772959,2.55253239021966,1.3509262485482,0.246635757280942,0,NA,NA,NA,NA,NA
"398","ouachita","10_20",16.6,60.7,22.7,1,1.54,0.210069553241103,1,NA,NA,NA,NA,NA
"399","ouachita","20_40",17.9,60,22.1,0,1.46,0.215883238671701,1,NA,NA,NA,NA,NA
"400","ouachita","40_100",20.9,58,21.1,0,1.56,0.19649269329816,1,NA,NA,NA,NA,NA
"401","pacolet","0_10",60.1285714285714,19.9714285714286,19.9,10.2857142857143,1.16,0.0888819441731559,3,NA,NA,NA,NA,NA
"402","pacolet","10_20",46.7895312870223,30.4653139464118,15.1362533561418,2.95214027796427,1.5096443452381,0.210069553241103,0,NA,NA,NA,NA,NA
"403","pacolet","20_40",50.52,20.96,28.52,12.6,1.4325,0.177270979012358,4,NA,NA,NA,NA,NA
"404","pacolet","40_100",45.7,15.4642857142857,38.8357142857143,7.14285714285714,1.60272727272727,0.269224475450911,11,NA,NA,NA,NA,NA
"405","pamlico","0_10",48.2886660985049,31.5216808172776,14.2365984772959,2.55253239021966,1.3509262485482,0.246635757280942,0,2.1,0.00021,2.76453117882066e-06,2.76453117882066e-07,0.00276453117882066
"406","pamlico","10_20",9.15000000000001,34.9,26.45,0,1.5096443452381,0.210069553241103,0,2.1,0.00021,3.17025312500001e-06,3.17025312500001e-07,0.00317025312500001
"407","pamlico","20_40",68.45,28.95,2.6,0,1.50104635443921,0.215883238671701,0,0.8,8e-05,1.20083708355137e-06,2.40167416710274e-07,0.00240167416710274
"408","pamlico","40_100",78.8066666666667,5.56666666666667,2.62666666666667,0,1.59451747615447,0.19649269329816,0,1.95,0.000195,3.10930907850122e-06,1.86558544710073e-06,0.0186558544710073
"409","pantego","0_10",48.2886660985049,31.5216808172776,14.2365984772959,2.55253239021966,1.3509262485482,0.246635757280942,0,NA,NA,NA,NA,NA
"410","pantego","10_20",38.4,26.9,19.7,0,1.5096443452381,0.210069553241103,0,NA,NA,NA,NA,NA
"411","pantego","20_40",26.65,31.65,16.45,0,1.50104635443921,0.215883238671701,0,NA,NA,NA,NA,NA
"412","pantego","40_100",47.925,28.225,18.95,0,1.59451747615447,0.19649269329816,0,NA,NA,NA,NA,NA
"413","pelham","0_10",67.0181818181818,8.90909090909091,4.19090909090909,0.0909090909090909,1.6,0.246635757280942,1,3.3,0.00033,5.2752e-06,5.2752e-07,0.0052752
"414","pelham","10_20",31.2,7,2.2,0,1.5096443452381,0.210069553241103,0,2.5,0.00025,3.77411086309525e-06,3.77411086309525e-07,0.00377411086309525
"415","pelham","20_40",60.9,9.24,3.54,0,1.65,0.215883238671701,1,1.7,0.00017,2.805e-06,5.61e-07,0.00561
"416","pelham","40_100",63.6935483870968,8.23870967741935,11.3387096774194,0.032258064516129,1.8,0.0360555127546399,3,1.1,0.00011,1.97936129032258e-06,1.18761677419355e-06,0.0118761677419355
"417","plott","0_10",46.2,37.3,16.5,2,0.95,0.246635757280942,1,NA,NA,NA,NA,NA
"418","plott","10_20",46.7895312870223,30.4653139464118,15.1362533561418,2.95214027796427,1.5096443452381,0.210069553241103,0,NA,NA,NA,NA,NA
"419","plott","20_40",46.9,40.7,12.4,8,0.96,0.215883238671701,1,NA,NA,NA,NA,NA
"420","plott","40_100",56.9666666666667,29.3666666666667,13.6666666666667,9.33333333333333,1.18666666666667,0.128970280814354,3,NA,NA,NA,NA,NA
"421","plummer","0_10",40.34,7.56,4.52,0,1.3509262485482,0.246635757280942,0,NA,NA,NA,NA,NA
"422","plummer","10_20",52.3666666666667,5.96666666666667,2.4,0,1.5096443452381,0.210069553241103,0,NA,NA,NA,NA,NA
"423","plummer","20_40",66.675,7.35,3.225,0,1.50104635443921,0.215883238671701,0,NA,NA,NA,NA,NA
"424","plummer","40_100",52.2722222222222,4.71111111111111,2.12222222222222,0,1.59451747615447,0.19649269329816,0,NA,NA,NA,NA,NA
"425","poarch","0_10",51.3,25.2,4.66666666666667,0,1.3509262485482,0.246635757280942,0,1.2,0.00012,1.62111149825784e-06,1.62111149825784e-07,0.00162111149825784
"426","poarch","10_20",46.7895312870223,30.4653139464118,15.1362533561418,2.95214027796427,1.5096443452381,0.210069553241103,0,1.15,0.000115,1.68483915543856e-06,1.68483915543856e-07,0.00168483915543856
"427","poarch","20_40",55.8333333333333,25.6333333333333,7.86666666666667,0.333333333333333,1.50104635443921,0.215883238671701,0,1.1,0.00011,1.64564715325019e-06,3.29129430650038e-07,0.00329129430650038
"428","poarch","40_100",70.2555555555556,20.4666666666667,14.6,0.222222222222222,1.59451747615447,0.19649269329816,0,0.333333333333333,3.33333333333333e-05,5.30324701328413e-07,3.18194820797048e-07,0.00318194820797048
"429","ponzer","0_10",59.5,13.6,46.6,0,0.8,0.246635757280942,1,NA,NA,NA,NA,NA
"430","ponzer","10_20",46.7895312870223,30.4653139464118,15.1362533561418,2.95214027796427,1.5096443452381,0.210069553241103,0,NA,NA,NA,NA,NA
"431","ponzer","20_40",69.1666666666667,42.6333333333333,24.8666666666667,0,0.72,0.215883238671701,1,NA,NA,NA,NA,NA
"432","ponzer","40_100",33.3857142857143,49.9285714285714,13.7571428571429,0.142857142857143,1.15,0.240416305603426,2,NA,NA,NA,NA,NA
"433","portia","0_10",34.0458333333333,55.7708333333333,10.1833333333333,0,1.3509262485482,0.246635757280942,0,NA,NA,NA,NA,NA
"434","portia","10_20",38.0384615384615,51.0538461538462,10.9,0,1.5096443452381,0.210069553241103,0,NA,NA,NA,NA,NA
"435","portia","20_40",28.7516129032258,53.6387096774194,17.6129032258065,0,1.50104635443921,0.215883238671701,0,NA,NA,NA,NA,NA
"436","portia","40_100",27.6267605633803,37.1450704225352,35.230985915493,0,1.59451747615447,0.19649269329816,0,NA,NA,NA,NA,NA
"437","pottsburg","0_10",47.425,4.175,1.7625,0,1.3509262485482,0.246635757280942,0,NA,NA,NA,NA,NA
"438","pottsburg","10_20",47.6,5,1.85,0,1.5096443452381,0.210069553241103,0,NA,NA,NA,NA,NA
"439","pottsburg","20_40",47.2,4.8375,1.6875,0,1.50104635443921,0.215883238671701,0,NA,NA,NA,NA,NA
"440","pottsburg","40_100",44.3944444444444,4.37777777777778,1.92777777777778,0,1.59451747615447,0.19649269329816,0,NA,NA,NA,NA,NA
"441","providence","0_10",14.5,75.5,10,0,1.21333333333333,0.204287379280594,3,NA,NA,NA,NA,NA
"442","providence","10_20",15.625,68.425,15.95,0,1.5275,0.0846069343099804,4,NA,NA,NA,NA,NA
"443","providence","20_40",11.1666666666667,65.0333333333333,23.8,0,1.56666666666667,0.0152752523165195,3,NA,NA,NA,NA,NA
"444","providence","40_100",19.2285714285714,57.4071428571429,23.3642857142857,0,1.635,0.0988571053224161,12,NA,NA,NA,NA,NA
"445","rains","0_10",58.4916666666667,25.2153846153846,10.2076923076923,0.153846153846154,1.35,0.06557438524302,3,6.2,0.00062,8.35712307692308e-06,8.35712307692308e-07,0.00835712307692308
"446","rains","10_20",61.8,25.74,8.72,0,1.465,0.0777817459305203,2,3.65,0.000365,5.34725e-06,5.34725e-07,0.00534725
"447","rains","20_40",69.58,20.0333333333333,12.1066666666667,0.133333333333333,1.5725,0.0602079728939614,4,1.1,0.00011,1.72744366666667e-06,3.45488733333333e-07,0.00345488733333333
"448","rains","40_100",61.1533333333333,19.1766666666667,23.5466666666667,0.133333333333333,1.69714285714286,0.0446147530585589,7,1,1e-04,1.69488e-06,1.016928e-06,0.01016928
"449","reddies","0_10",64.475,31.025,8.05,0,0.91,0.197989898732233,2,15.3,0.00153,1.3923e-05,1.3923e-06,0.013923
"450","reddies","10_20",68.2,21.8,10,3.33333333333333,1.34,0.210069553241103,1,10.75,0.001075,1.39248333333333e-05,1.39248333333333e-06,0.0139248333333333
"451","reddies","20_40",69.95,23.375,6.675,0,1.24333333333333,0.280059517483933,3,12.7,0.00127,1.57903333333333e-05,3.15806666666666e-06,0.0315806666666666
"452","reddies","40_100",80.3636363636364,13.2272727272727,6.40909090909091,46.2727272727273,1.23,0.13076696830622,3,11.9,0.00119,7.86406090909091e-06,4.71843654545454e-06,0.0471843654545454
"453","rexor","0_10",48.2886660985049,31.5216808172776,14.2365984772959,2.55253239021966,1.3509262485482,0.246635757280942,0,NA,NA,NA,NA,NA
"454","rexor","10_20",26.7,62.3,10.9,0,1.5096443452381,0.210069553241103,0,NA,NA,NA,NA,NA
"455","rexor","20_40",44.6474010593,29.3694540148412,19.535668248824,2.4242495503916,1.50104635443921,0.215883238671701,0,NA,NA,NA,NA,NA
"456","rexor","40_100",27.35,54.45,20.2,0,1.59451747615447,0.19649269329816,0,NA,NA,NA,NA,NA
"457","rosman","0_10",43.3,41.35,15.35,0,1.1,0.212132034355964,2,4,4e-04,4.4e-06,4.4e-07,0.0044
"458","rosman","10_20",62.4,25.2,12.4,1,1.33,0.210069553241103,1,2,2e-04,2.6334e-06,2.6334e-07,0.0026334
"459","rosman","20_40",43.7,41.7,14.6,0,1.24,0.127279220613579,2,0,0,0,0,0
"460","rosman","40_100",69.6222222222222,23.7555555555556,6.62222222222222,0,1.29,0.132233559604642,8,10.5,0.00105,1.3545e-05,8.127e-06,0.08127
"461","ruston","0_10",65.26,29.2666666666667,5.47333333333333,0.0666666666666667,1.49,0.0367423461417477,5,3,3e-04,4.46702e-06,4.46702e-07,0.00446702
"462","ruston","10_20",57.8,31.1888888888889,11.0111111111111,0,1.7175,0.17423642940939,4,2,2e-04,3.435e-06,3.435e-07,0.003435
"463","ruston","20_40",57.4733333333333,29.6933333333333,12.8333333333333,0.0666666666666667,1.7025,0.0394757309410901,4,3,3e-04,5.104095e-06,1.020819e-06,0.01020819
"464","ruston","40_100",56.6116279069767,23.5860465116279,19.8023255813953,0.116279069767442,1.75352941176471,0.0561183098986628,17,2.33333333333333,0.000233333333333333,4.08681098951209e-06,2.45208659370726e-06,0.0245208659370726
"465","rutlege","0_10",76.75,7,3.25,0,1.3509262485482,0.246635757280942,0,NA,NA,NA,NA,NA
"466","rutlege","10_20",44,11.6,2.6,0,1.5096443452381,0.210069553241103,0,NA,NA,NA,NA,NA
"467","rutlege","20_40",58.3666666666667,5.83333333333333,2.96666666666667,0,1.50104635443921,0.215883238671701,0,NA,NA,NA,NA,NA
"468","rutlege","40_100",50.0444444444444,4.46666666666667,4.2,0,1.59451747615447,0.19649269329816,0,NA,NA,NA,NA,NA
"469","sacul","0_10",50.0142857142857,41.5428571428571,30.3,1.28571428571429,1.435,0.0919238815542511,2,NA,NA,NA,NA,NA
"470","sacul","10_20",36.82,41.44,36.78,0,1.48,0.210069553241103,1,NA,NA,NA,NA,NA
"471","sacul","20_40",37.5142857142857,42.0142857142857,31.9857142857143,1.42857142857143,1.62666666666667,0.0513160143944688,3,NA,NA,NA,NA,NA
"472","sacul","40_100",30.3095238095238,36.5,35.4904761904762,1.57142857142857,1.64,0.0728010988928051,5,NA,NA,NA,NA,NA
"473","saffell","0_10",32.65,55.9875,11.3625,6.25,1.3509262485482,0.246635757280942,0,8,8e-04,1.01319468641115e-05,1.01319468641115e-06,0.0101319468641115
"474","saffell","10_20",18,65.775,16.225,11.75,1.38,0.210069553241103,1,3,3e-04,3.65355e-06,3.65355e-07,0.00365355
"475","saffell","20_40",32.9285714285714,50.7714285714286,16.3,15.2857142857143,1.36,0.215883238671701,1,13,0.0013,1.49774857142857e-05,2.99549714285714e-06,0.0299549714285714
"476","saffell","40_100",47.7714285714286,31.6142857142857,20.6142857142857,19.2857142857143,1.21,0.19649269329816,1,3,3e-04,2.92992857142857e-06,1.75795714285714e-06,0.0175795714285714
"477","sapelo","0_10",53.2846153846154,7.10714285714286,1.12857142857143,0,1.3509262485482,0.246635757280942,0,2,2e-04,2.7018524970964e-06,2.7018524970964e-07,0.0027018524970964
"478","sapelo","10_20",79.46,6.76666666666667,1.01666666666667,0,1.52,0.210069553241103,1,2,2e-04,3.04e-06,3.04e-07,0.00304
"479","sapelo","20_40",55.26,6.45,1.435,0,1.50104635443921,0.215883238671701,0,4.05,0.000405,6.0792377354788e-06,1.21584754709576e-06,0.0121584754709576
"480","sapelo","40_100",56.3903225806452,5.73548387096774,4.24354838709677,0,1.61,0.0692820323027551,6,6.1,0.00061,9.821e-06,5.8926e-06,0.058926
"481","saucier","0_10",40.75,29.55,12.525,2.5,1.42,0.127279220613579,2,NA,NA,NA,NA,NA
"482","saucier","10_20",44.3,39.5,16.2,1,1.59,0.210069553241103,1,NA,NA,NA,NA,NA
"483","saucier","20_40",53.65,25.925,14.175,1,1.67,0.014142135623731,2,NA,NA,NA,NA,NA
"484","saucier","40_100",45.32,27.27,27.61,0.5,1.685,0.0404145188432738,4,NA,NA,NA,NA,NA
"485","saunook","0_10",43.1,32.2,24.7,16,1.3,0.246635757280942,1,NA,NA,NA,NA,NA
"486","saunook","10_20",40.8666666666667,37.9,21.2333333333333,7.66666666666667,1.29,0.175214154679352,3,NA,NA,NA,NA,NA
"487","saunook","20_40",43.4333333333333,34.8,21.7666666666667,10.6666666666667,1.43,0.229128784747792,3,NA,NA,NA,NA,NA
"488","saunook","40_100",44.8,33.8375,21.3625,29.875,1.26,0.208885933785244,7,NA,NA,NA,NA,NA
"489","sharkey","0_10",5.41904761904762,31.7333333333333,62.847619047619,0.19047619047619,1.54,0.346121365997536,7,48.3,0.00483,7.424032e-05,7.424032e-06,0.07424032
"490","sharkey","10_20",1.27272727272727,32.0136363636364,66.7136363636364,0.0454545454545455,1.852,0.055703295619354,15,51.9,0.00519,9.60751096363636e-05,9.60751096363636e-06,0.0960751096363636
"491","sharkey","20_40",3.63076923076923,31.5384615384615,64.8307692307692,0,1.80785714285714,0.0867515082048962,14,29.9,0.00299,5.40549285714285e-05,1.08109857142857e-05,0.108109857142857
"492","sharkey","40_100",3.2125,30.6825,66.105,0.0125,1.81230769230769,0.104280686315643,26,20.8333333333333,0.00208333333333333,3.77516907051282e-05,2.26510144230769e-05,0.226510144230769
"493","smithdale","0_10",74.7,19.7083333333333,5.59166666666667,2.5,1.57,0.0264575131106459,3,10.2166666666667,0.00102166666666667,1.56391625e-05,1.56391625e-06,0.0156391625
"494","smithdale","10_20",74.72,19.94,5.34,4.2,1.5096443452381,0.210069553241103,0,3.025,0.0003025,4.37487383028275e-06,4.37487383028275e-07,0.00437487383028275
"495","smithdale","20_40",68.1714285714286,20.7285714285714,11.1,3.42857142857143,1.5575,0.0903234926989282,4,1.3,0.00013,1.95533e-06,3.91066e-07,0.00391066
"496","smithdale","40_100",62.636,16.14,21.224,1.04,1.7,0.05,5,0.816666666666667,8.16666666666667e-05,1.37389466666667e-06,8.243368e-07,0.008243368
"497","smithton","0_10",48.6,45.5,5.9,0,1.3509262485482,0.246635757280942,0,NA,NA,NA,NA,NA
"498","smithton","10_20",46.7895312870223,30.4653139464118,15.1362533561418,2.95214027796427,1.5096443452381,0.210069553241103,0,NA,NA,NA,NA,NA
"499","smithton","20_40",51.7,41.6,6.7,0,1.50104635443921,0.215883238671701,0,NA,NA,NA,NA,NA
"500","smithton","40_100",51.8,40.05,8.15,0,1.59451747615447,0.19649269329816,0,NA,NA,NA,NA,NA
"501","susquehanna","0_10",59.6333333333333,36.2666666666667,4.1,0.333333333333333,1.36,0.226274169979695,2,NA,NA,NA,NA,NA
"502","susquehanna","10_20",29.7,44.95,25.35,0.5,1.475,0.162634559672906,2,NA,NA,NA,NA,NA
"503","susquehanna","20_40",30.8,19.95,49.25,0,1.77,0.0761577310586392,4,NA,NA,NA,NA,NA
"504","susquehanna","40_100",32.9857142857143,18.0571428571429,48.9571428571429,0,1.88333333333333,0.0553774924194538,6,NA,NA,NA,NA,NA
"505","tate","0_10",72.6666666666667,37,14.3,10.3333333333333,1.55,0.246635757280942,1,2,2e-04,2.77966666666667e-06,2.77966666666667e-07,0.00277966666666667
"506","tate","10_20",57.8,24.25,17.95,12,1.345,0.205060966544099,2,0,0,0,0,0
"507","tate","20_40",51.95,24.5,23.55,9,1.505,0.0919238815542513,2,0,0,0,0,0
"508","tate","40_100",58.04,21.62,20.34,16,1.526,0.0998999499499374,5,0,0,0,0,0
"509","tippah","0_10",9.8,81.3,8.9,0,1.29,0.246635757280942,1,NA,NA,NA,NA,NA
"510","tippah","10_20",46.7895312870223,30.4653139464118,15.1362533561418,2.95214027796427,1.5096443452381,0.210069553241103,0,NA,NA,NA,NA,NA
"511","tippah","20_40",6.15,70.15,23.7,0,1.505,0.0919238815542513,2,NA,NA,NA,NA,NA
"512","tippah","40_100",4.7,58.4333333333333,36.8666666666667,0,1.76333333333333,0.187171935218219,3,NA,NA,NA,NA,NA
"513","toccoa","0_10",38.65,37.15,24.2,1,1.32,0.246635757280942,1,2.6,0.00026,3.39768e-06,3.39768e-07,0.00339768
"514","toccoa","10_20",62.25,23.925,13.825,0.25,1.45,0.210069553241103,1,1.7,0.00017,2.4588375e-06,2.4588375e-07,0.0024588375
"515","toccoa","20_40",65.5333333333333,23.9333333333333,10.5333333333333,0,1.66,0.215883238671701,1,1.05,0.000105,1.743e-06,3.486e-07,0.003486
"516","toccoa","40_100",69.48,19.92,10.6,1.1,1.7,0.0360555127546399,3,0.866666666666667,8.66666666666667e-05,1.45712666666667e-06,8.74276e-07,0.00874276
"517","toinette","0_10",80.1,15.4,4.5,0,1.3509262485482,0.246635757280942,0,NA,NA,NA,NA,NA
"518","toinette","10_20",46.7895312870223,30.4653139464118,15.1362533561418,2.95214027796427,1.5096443452381,0.210069553241103,0,NA,NA,NA,NA,NA
"519","toinette","20_40",84.3,11.8,3.9,0,1.50104635443921,0.215883238671701,0,NA,NA,NA,NA,NA
"520","toinette","40_100",78.7666666666667,5.53333333333333,15.7,0,1.59451747615447,0.19649269329816,0,NA,NA,NA,NA,NA
"521","townley","0_10",21,52.5,26.5,0,1.3509262485482,0.246635757280942,0,NA,NA,NA,NA,NA
"522","townley","10_20",46.7895312870223,30.4653139464118,15.1362533561418,2.95214027796427,1.5096443452381,0.210069553241103,0,NA,NA,NA,NA,NA
"523","townley","20_40",9,39.9,51.1,0,1.50104635443921,0.215883238671701,0,NA,NA,NA,NA,NA
"524","townley","40_100",6.83333333333333,44.4666666666667,48.7,0,1.59451747615447,0.19649269329816,0,NA,NA,NA,NA,NA
"525","toxaway","0_10",7,58.8,34.2,0,1.06,0.246635757280942,1,2,2e-04,2.12e-06,2.12e-07,0.00212
"526","toxaway","10_20",46.7895312870223,30.4653139464118,15.1362533561418,2.95214027796427,1.5096443452381,0.210069553241103,0,2.5,0.00025,3.66269381617079e-06,3.66269381617079e-07,0.00366269381617079
"527","toxaway","20_40",7.25,59.3,33.45,0,1.07,0.0282842712474619,2,3,3e-04,3.21e-06,6.42e-07,0.00642
"528","toxaway","40_100",9.83333333333333,62.0333333333333,28.1333333333333,0,1.23666666666667,0.0288675134594813,3,17,0.0017,2.10233333333334e-05,1.2614e-05,0.12614
"529","trimont","0_10",50.6,28,21.4,2,0.95,0.246635757280942,1,NA,NA,NA,NA,NA
"530","trimont","10_20",45.2,28.15,26.65,5.5,1.12,0.183847763108502,2,NA,NA,NA,NA,NA
"531","trimont","20_40",45.75,20.8,33.45,4.5,1.37,0.0282842712474618,2,NA,NA,NA,NA,NA
"532","trimont","40_100",63.4833333333333,15.5333333333333,20.9833333333333,5,1.42833333333333,0.170577450639487,6,NA,NA,NA,NA,NA
"533","troup","0_10",76.3785714285714,7.36428571428571,3.5,0,1.58,0.0989949493661166,2,16.225,0.0016225,2.56355e-05,2.56355e-06,0.0256355
"534","troup","10_20",87.6285714285714,8.52857142857143,3.84285714285714,0,1.71,0.210069553241103,1,3.6,0.00036,6.156e-06,6.156e-07,0.006156
"535","troup","20_40",73.025,8.425,3.965,0.05,1.5,0.215883238671701,1,7.35,0.000735,1.10194875e-05,2.2038975e-06,0.022038975
"536","troup","40_100",74.2660377358491,7.7622641509434,5.13396226415094,0.188679245283019,1.87,0.459238500128201,3,4.3375,0.00043375,8.09582099056604e-06,4.85749259433962e-06,0.0485749259433962
"537","tuckasegee","0_10",48.2886660985049,31.5216808172776,14.2365984772959,2.55253239021966,1.3509262485482,0.246635757280942,0,NA,NA,NA,NA,NA
"538","tuckasegee","10_20",56.4,28.1,15.5,16,1.11,0.210069553241103,1,NA,NA,NA,NA,NA
"539","tuckasegee","20_40",58.5,31.1,10.4,16,0.97,0.215883238671701,1,NA,NA,NA,NA,NA
"540","tuckasegee","40_100",57.5333333333333,22.2333333333333,20.2333333333333,28.6666666666667,1.17,0.09,3,NA,NA,NA,NA,NA
"541","tusquitee","0_10",35.45,36.95,37.5,1,0.57,0.246635757280942,1,NA,NA,NA,NA,NA
"542","tusquitee","10_20",52.6,28.7,18.7,10,1.2,0.210069553241103,1,NA,NA,NA,NA,NA
"543","tusquitee","20_40",57.7,24.2,18.1,2,1.14,0.215883238671701,1,NA,NA,NA,NA,NA
"544","tusquitee","40_100",64.2,20.15,15.65,19,1.3,0.15556349186104,2,NA,NA,NA,NA,NA
"545","udorthents","0_10",32.2,45.2,22.6,0,1.3509262485482,0.246635757280942,0,NA,NA,NA,NA,NA
"546","udorthents","10_20",46.7895312870223,30.4653139464118,15.1362533561418,2.95214027796427,1.5096443452381,0.210069553241103,0,NA,NA,NA,NA,NA
"547","udorthents","20_40",22.3,44.8,32.9,0,1.50104635443921,0.215883238671701,0,NA,NA,NA,NA,NA
"548","udorthents","40_100",43.6,32.7,23.7,0,1.59451747615447,0.19649269329816,0,NA,NA,NA,NA,NA
"549","unaka","0_10",40.3,35.5,24.2,10,1.3509262485482,0.246635757280942,0,NA,NA,NA,NA,NA
"550","unaka","10_20",40.2,39.3,20.5,10,1.5096443452381,0.210069553241103,0,NA,NA,NA,NA,NA
"551","unaka","20_40",45.7,36,18.3,8,1.50104635443921,0.215883238671701,0,NA,NA,NA,NA,NA
"552","unaka","40_100",58.9,28.85,12.25,10,1.59451747615447,0.19649269329816,0,NA,NA,NA,NA,NA
"553","urban land","0_10",43.63,36.81,19.56,16.9,1.3509262485482,0.246635757280942,0,NA,NA,NA,NA,NA
"554","urban land","10_20",46.7895312870223,30.4653139464118,15.1362533561418,2.95214027796427,1.5096443452381,0.210069553241103,0,NA,NA,NA,NA,NA
"555","urban land","20_40",39.07,39.12,21.81,13.7,1.50104635443921,0.215883238671701,0,NA,NA,NA,NA,NA
"556","urban land","40_100",47.1527031434407,24.7802985973975,23.2730709428291,3.29052854268621,1.59451747615447,0.19649269329816,0,NA,NA,NA,NA,NA
"557","vance","0_10",24,51.7,24.3,0,1.3509262485482,0.246635757280942,0,NA,NA,NA,NA,NA
"558","vance","10_20",26,56.5,17.5,0,1.5096443452381,0.210069553241103,0,NA,NA,NA,NA,NA
"559","vance","20_40",27.3,55.8,16.9,0,1.50104635443921,0.215883238671701,0,NA,NA,NA,NA,NA
"560","vance","40_100",35.84,44.48,26.56,0,1.59451747615447,0.19649269329816,0,NA,NA,NA,NA,NA
"561","wadley","0_10",62.5111111111111,10.0888888888889,3.22222222222222,0.555555555555556,1.3509262485482,0.246635757280942,0,7.05,0.000705,9.47111877419667e-06,9.47111877419667e-07,0.00947111877419667
"562","wadley","10_20",46.3,6.5,1.9,0,1.5096443452381,0.210069553241103,0,4.175,0.0004175,6.30276514136907e-06,6.30276514136907e-07,0.00630276514136907
"563","wadley","20_40",76.625,10.5,3.5625,0.875,1.50104635443921,0.215883238671701,0,1.3,0.00013,1.93428585848923e-06,3.86857171697846e-07,0.00386857171697846
"564","wadley","40_100",61.5944444444444,8.85,5.42222222222222,0.5,1.59451747615447,0.19649269329816,0,1.28333333333333,0.000128333333333333,2.03606594059291e-06,1.22163956435575e-06,0.0122163956435575
"565","wagram","0_10",68.1333333333333,9.76666666666667,4.1,1,1.3509262485482,0.246635757280942,0,51.2,0.00512,6.84757496864112e-05,6.84757496864112e-06,0.0684757496864112
"566","wagram","10_20",61.4333333333333,10.3,3.1,0,1.57,0.169705627484771,2,8,8e-04,1.256e-05,1.256e-06,0.01256
"567","wagram","20_40",67.925,10.225,5.075,1.75,1.63,0.215883238671701,1,28.4333333333333,0.00284333333333333,4.55352725e-05,9.1070545e-06,0.091070545
"568","wagram","40_100",77.99,9.575,12.2,1.58333333333333,1.6775,0.105633012516605,4,14.5,0.00145,2.39386239583333e-05,1.4363174375e-05,0.14363174375
"569","wahee","0_10",61.8,27.4666666666667,10.6,0,1.3509262485482,0.246635757280942,0,210.4,0.02104,0.000284234882694541,2.84234882694541e-05,0.284234882694541
"570","wahee","10_20",46.7895312870223,30.4653139464118,15.1362533561418,2.95214027796427,1.5096443452381,0.210069553241103,0,133.6,0.01336,0.000195734357536167,1.95734357536167e-05,0.195734357536167
"571","wahee","20_40",47.675,33.275,19,0.25,1.50104635443921,0.215883238671701,0,56.8,0.00568,8.50462843498168e-05,1.70092568699634e-05,0.170092568699634
"572","wahee","40_100",28.73,20.03,51.17,0.4,1.59451747615447,0.19649269329816,0,0.95,9.5e-05,1.50873243593736e-06,9.05239461562416e-07,0.00905239461562416
"573","wehadkee","0_10",45.95,34.4,19.65,0,1.3509262485482,0.246635757280942,0,9.05,0.000905,1.22258825493612e-05,1.22258825493612e-06,0.0122258825493612
"574","wehadkee","10_20",16.3,35.3,48.4,0,1.5096443452381,0.210069553241103,0,5.6,0.00056,8.45400833333336e-06,8.45400833333336e-07,0.00845400833333336
"575","wehadkee","20_40",22.75,41.4,35.85,0,1.50104635443921,0.215883238671701,0,5.8,0.00058,8.70606885574742e-06,1.74121377114948e-06,0.0174121377114948
"576","wehadkee","40_100",38.8666666666667,32.1333333333333,29,0,1.59451747615447,0.19649269329816,0,6.4,0.00064,1.02049118473886e-05,6.12294710843317e-06,0.0612294710843317
"577","whiteside","0_10",48.2886660985049,31.5216808172776,14.2365984772959,2.55253239021966,1.3509262485482,0.246635757280942,0,NA,NA,NA,NA,NA
"578","whiteside","10_20",46.7895312870223,30.4653139464118,15.1362533561418,2.95214027796427,1.5096443452381,0.210069553241103,0,NA,NA,NA,NA,NA
"579","whiteside","20_40",47,26.9,26.1,0,1.21,0.215883238671701,1,NA,NA,NA,NA,NA
"580","whiteside","40_100",54.5,24.0666666666667,21.4333333333333,0.333333333333333,1.30666666666667,0.0550757054728611,3,NA,NA,NA,NA,NA
"581","wickham","0_10",56.8578947368421,36.7315789473684,20.335,0,1.41,0.246635757280942,1,49.5,0.00495,6.9795e-05,6.9795e-06,0.069795
"582","wickham","10_20",65.4666666666667,36.62,23.2333333333333,0.0666666666666667,1.5096443452381,0.210069553241103,0,40.25,0.004025,6.0722676105903e-05,6.0722676105903e-06,0.060722676105903
"583","wickham","20_40",53.3888888888889,26.2555555555556,20.3555555555556,0.111111111111111,1.71,0.215883238671701,1,40.25,0.004025,6.8751025e-05,1.3750205e-05,0.13750205
"584","wickham","40_100",52.3052631578947,24.1552631578947,23.5394736842105,0.157894736842105,1.69,0.19649269329816,1,40.25,0.004025,6.79150960526316e-05,4.07490576315789e-05,0.407490576315789
"585","wilkes","0_10",70.8,23.9,5.3,0,1.3509262485482,0.246635757280942,0,NA,NA,NA,NA,NA
"586","wilkes","10_20",72.4,23.4,4.2,0,1.5096443452381,0.210069553241103,0,NA,NA,NA,NA,NA
"587","wilkes","20_40",48.7,22.9,28.4,0,1.50104635443921,0.215883238671701,0,NA,NA,NA,NA,NA
"588","wilkes","40_100",81.2,9.9,8.9,5,1.59451747615447,0.19649269329816,0,NA,NA,NA,NA,NA
"589","woden","0_10",73.35,23.625,3.025,0,1.3509262485482,0.246635757280942,0,NA,NA,NA,NA,NA
"590","woden","10_20",67.55,28.2,4.25,0,1.5096443452381,0.210069553241103,0,NA,NA,NA,NA,NA
"591","woden","20_40",65.1,28.75,6.15,0,1.50104635443921,0.215883238671701,0,NA,NA,NA,NA,NA
"592","woden","40_100",59.85,25.3125,14.8375,0,1.59451747615447,0.19649269329816,0,NA,NA,NA,NA,NA
"593","wrightsville","0_10",18.3555555555556,59.0555555555556,22.5888888888889,1.44444444444444,1.42666666666667,0.11060440015358,3,3.7,0.00037,5.20241925925927e-06,5.20241925925927e-07,0.00520241925925927
"594","wrightsville","10_20",15.5428571428571,58,26.4571428571429,0.142857142857143,1.67,0.210069553241103,1,2.2,0.00022,3.66875142857143e-06,3.66875142857143e-07,0.00366875142857143
"595","wrightsville","20_40",17.7111111111111,56.0666666666667,26.2222222222222,0.222222222222222,1.598,0.0807465169527454,5,0.7,7e-05,1.11611422222222e-06,2.23222844444444e-07,0.00223222844444444
"596","wrightsville","40_100",11.9222222222222,45.3555555555556,42.7222222222222,0,1.78454545454545,0.0951171526448975,11,0.35,3.5e-05,6.24590909090907e-07,3.74754545454544e-07,0.00374754545454544
