"","soil_name","horizon","k_mqevL","k_ppm","bulk_density","bulk_density_sd","n","sand","silt","clay","frag","k_g_cm3","k_Mg_horizon","k_Mg_ha"
"1","acadia","0_10",0.02,7.8,1.4,0.246635757280942,1,58.5,36.4,5.1,2,1.07016e-05,1.07016e-06,0.0107016
"2","acadia","10_20",0.045,17.55,1.5096443452381,0.210069553241103,0,46.7895312870223,30.4653139464118,15.1362533561418,2.95214027796427,2.57121105895189e-05,2.57121105895189e-06,0.0257121105895189
"3","acadia","20_40",0.07,27.3,1.62,0.215883238671701,1,40.9,37.5,21.6,2,4.334148e-05,8.668296e-06,0.08668296
"4","acadia","40_100",0.163333333333333,63.7,1.81,0.05,3,35.8333333333333,33.0333333333333,31.1333333333333,1.66666666666667,0.000113375383333333,6.802523e-05,0.6802523
"5","albany","0_10",0.0361111111111111,14.0833333333333,1.6,0.246635757280942,1,46.4333333333333,7.40555555555556,2.86666666666667,0.0555555555555556,2.25208148148148e-05,2.25208148148148e-06,0.0225208148148148
"6","albany","10_20",0.0485714285714286,18.9428571428571,1.5096443452381,0.210069553241103,0,45.6285714285714,5.97142857142857,2.24285714285714,0,2.85969771683674e-05,2.85969771683674e-06,0.0285969771683674
"7","albany","20_40",0.0217647058823529,8.48823529411765,1.69,0.014142135623731,2,57.1647058823529,7.74444444444444,2.60555555555556,0.0555555555555556,1.43371481372549e-05,2.86742962745098e-06,0.0286742962745098
"8","albany","40_100",0.0194,7.566,1.74666666666667,0.0956382071489562,6,53.5452830188679,6.73962264150943,2.40754716981132,0.0754716981132075,1.32053062037736e-05,7.92318372226417e-06,0.0792318372226417
"9","allanton","0_10",0.06,23.4,1.3509262485482,0.246635757280942,0,21.2,6.2,7.8,0,3.16116742160279e-05,3.16116742160279e-06,0.0316116742160279
"10","allanton","10_20",0.02,7.8,1.5096443452381,0.210069553241103,0,95.2,6.5,2,0,1.17752258928572e-05,1.17752258928572e-06,0.0117752258928572
"11","allanton","20_40",0.01,3.9,1.50104635443921,0.215883238671701,0,17.25,8.15,3.05,0,5.85408078231292e-06,1.17081615646258e-06,0.0117081615646258
"12","allanton","40_100",0,0,1.59451747615447,0.19649269329816,0,68.1,7,2.68,0,0,0,0
"13","angelina","0_10",0.34,132.6,1.53,0.246635757280942,1,30.2,40.5,29.3,0,0.000202878,2.02878e-05,0.202878
"14","angelina","10_20",0.4,156,1.5096443452381,0.210069553241103,0,46.7895312870223,30.4653139464118,15.1362533561418,2.95214027796427,0.000228552094129057,2.28552094129057e-05,0.228552094129057
"15","angelina","20_40",0.46,179.4,1.81,0.215883238671701,1,16.6,42.1,41.3,0,0.000324714,6.49428e-05,0.649428
"16","angelina","40_100",0.173333333333333,67.6,1.69666666666667,0.0550757054728611,3,52.5333333333333,22.9666666666667,24.5,0,0.000114694666666667,6.88168000000001e-05,0.688168000000001
"17","appling","0_10",0.065,25.35,1.3509262485482,0.246635757280942,0,65.0666666666667,21.1333333333333,12.6,4,3.2876141184669e-05,3.2876141184669e-06,0.032876141184669
"18","appling","10_20",0.215,83.85,1.5096443452381,0.210069553241103,0,31.175,38.425,15.125,0,0.000126583678348215,1.26583678348215e-05,0.126583678348215
"19","appling","20_40",0.25,97.5,1.50104635443921,0.215883238671701,0,36.8,20.6,42.6,0,0.000146352019557823,2.92704039115646e-05,0.292704039115646
"20","appling","40_100",0.16625,64.8375,1.31,0.19649269329816,1,42.0181818181818,25.5,32.9090909090909,2.72727272727273,8.26206579545455e-05,4.95723947727273e-05,0.495723947727273
"21","arkana","0_10",0.31875,124.3125,1.3509262485482,0.246635757280942,0,26.26875,54.1375,19.6,0,0.000167937019272648,1.67937019272648e-05,0.167937019272648
"22","arkana","10_20",0.3,117,1.5096443452381,0.210069553241103,0,26.5285714285714,49.4571428571429,24.0142857142857,0,0.000176628388392858,1.76628388392858e-05,0.176628388392858
"23","arkana","20_40",0.357894736842105,139.578947368421,1.50104635443921,0.215883238671701,0,19.9578947368421,39.3421052631579,40.6947368421053,0,0.000209514470103831,4.19028940207662e-05,0.419028940207662
"24","arkana","40_100",0.451351351351351,176.027027027027,1.59451747615447,0.19649269329816,0,11.5108108108108,26.2378378378378,62.2378378378378,0,0.00028067817087011,0.000168406902522066,1.68406902522066
"25","ashe","0_10",0.366666666666667,143,1.26,0.246635757280942,1,48.7666666666667,35.2333333333333,16,6.33333333333333,0.0001687686,1.687686e-05,0.1687686
"26","ashe","10_20",0.21,81.9,1.5096443452381,0.210069553241103,0,49.2,36.75,14.05,2,0.0001211670744375,1.211670744375e-05,0.1211670744375
"27","ashe","20_40",0.5,195,1.58,0.215883238671701,1,63.5,22.7,13.8,1,0.000305019,6.10038e-05,0.610038
"28","ashe","40_100",0.43,167.7,1.79,0.19649269329816,1,59.06,27.64,13.3,8,0.00027616836,0.000165701016,1.65701016
"29","ashlar","0_10",0.04,15.6,1.3509262485482,0.246635757280942,0,48.2886660985049,31.5216808172776,14.2365984772959,2.55253239021966,2.0536517328382e-05,2.0536517328382e-06,0.020536517328382
"30","ashlar","10_20",0.04,15.6,1.5096443452381,0.210069553241103,0,46.7895312870223,30.4653139464118,15.1362533561418,2.95214027796427,2.28552094129057e-05,2.28552094129057e-06,0.0228552094129057
"31","ashlar","20_40",0.04,15.6,1.57,0.215883238671701,1,74.2,20.1,5.7,14,2.106312e-05,4.212624e-06,0.04212624
"32","ashlar","40_100",0,0,1.55,0.19649269329816,1,75.2,19.4,5.4,30,0,0,0
"33","attoyac","0_10",0.21,81.9,1.63,0.226274169979695,2,64.0333333333333,31.7333333333333,4.23333333333333,0.333333333333333,0.00013305201,1.3305201e-05,0.13305201
"34","attoyac","10_20",0.07,27.3,1.585,0.134350288425444,2,72.75,24.25,3,1,4.2837795e-05,4.2837795e-06,0.042837795
"35","attoyac","20_40",0.203333333333333,79.3,1.648,0.122351951353462,5,61.2333333333333,30.45,8.31666666666667,0.333333333333333,0.000130250778666667,2.60501557333333e-05,0.260501557333333
"36","attoyac","40_100",0.409090909090909,159.545454545455,1.7775,0.0337003603202442,8,49.0545454545455,26.5636363636364,24.3818181818182,0.181818181818182,0.000283076423553719,0.000169845854132231,1.69845854132231
"37","bayboro","0_10",0.6,234,1.3509262485482,0.246635757280942,0,44.8,20.4,34.8,0,0.000316116742160279,3.16116742160279e-05,0.316116742160279
"38","bayboro","10_20",0.466666666666667,182,1.5096443452381,0.210069553241103,0,36,31.2666666666667,32.7333333333333,0,0.000274755270833334,2.74755270833334e-05,0.274755270833334
"39","bayboro","20_40",0.15,58.5,1.50104635443921,0.215883238671701,0,31.95,32.85,35.2,0,8.78112117346938e-05,1.75622423469388e-05,0.175622423469388
"40","bayboro","40_100",0.211111111111111,82.3333333333333,1.59451747615447,0.19649269329816,0,26.6666666666667,24.5,48.8333333333333,0,0.000131281938870051,7.87691633220308e-05,0.787691633220308
"41","beauregard","0_10",0.113333333333333,44.2,1.39,0.246635757280942,1,39.1833333333333,55.1333333333333,5.68333333333333,1.16666666666667,6.07212233333333e-05,6.07212233333333e-06,0.0607212233333333
"42","beauregard","10_20",0.025,9.75,1.6,0.210069553241103,1,36.0666666666667,54.7,9.23333333333333,1,1.5444e-05,1.5444e-06,0.015444
"43","beauregard","20_40",0.06,23.4,1.62,0.215883238671701,1,30.8166666666667,52.3666666666667,16.8166666666667,1,3.752892e-05,7.505784e-06,0.07505784
"44","beauregard","40_100",0.0664285714285714,25.9071428571429,1.70666666666667,0.0850490054811538,3,27.90625,52.375,19.71875,1.25,4.36621714285715e-05,2.61973028571429e-05,0.261973028571429
"45","benndale","0_10",0.145,56.55,1.53,0.246635757280942,1,71.4,18.95,9.65,0.5,8.60888925e-05,8.60888925e-06,0.0860888925
"46","benndale","10_20",0.1075,41.925,1.5096443452381,0.210069553241103,0,46.7895312870223,30.4653139464118,15.1362533561418,2.95214027796427,6.14233752971842e-05,6.14233752971842e-06,0.0614233752971842
"47","benndale","20_40",0.07,27.3,1.63,0.215883238671701,1,64.15,20.1,15.75,0,4.4499e-05,8.8998e-06,0.088998
"48","benndale","40_100",0.068,26.52,1.69,0.0173205080756888,3,69.12,17.16,13.72,0.6,4.45498872e-05,2.672993232e-05,0.2672993232
"49","bernaldo","0_10",0.146666666666667,57.2,1.3509262485482,0.246635757280942,0,62.0666666666667,35.5,2.43333333333333,0,7.7272981416957e-05,7.72729814169571e-06,0.0772729814169571
"50","bernaldo","10_20",0.1,39,1.44,0.210069553241103,1,52.3,42.1,5.6,0,5.616e-05,5.616e-06,0.05616
"51","bernaldo","20_40",0.055,21.45,1.51,0.0800000000000001,3,56.625,37.875,5.5,0,3.23895e-05,6.4779e-06,0.064779
"52","bernaldo","40_100",0.122857142857143,47.9142857142857,1.67142857142857,0.0817370930542087,7,41.4857142857143,32.4428571428571,26.0714285714286,0.142857142857143,7.9970898542274e-05,4.79825391253644e-05,0.479825391253644
"53","besner","0_10",0.05,19.5,1.24,0.246635757280942,1,66,31.2,2.8,0,2.418e-05,2.418e-06,0.02418
"54","besner","10_20",0.025,9.75,1.5096443452381,0.210069553241103,0,46.7895312870223,30.4653139464118,15.1362533561418,2.95214027796427,1.42845058830661e-05,1.42845058830661e-06,0.0142845058830661
"55","besner","20_40",0,0,1.47,0.014142135623731,2,65.45,31.85,2.7,0,0,0,0
"56","besner","40_100",0,0,1.688,0.148895936814945,5,61.6,35.62,2.78,0,0,0,0
"57","bethera","0_10",0.165,64.35,1.27,0.246635757280942,1,48.9,54.65,31.7,0,8.17245e-05,8.17245e-06,0.0817245
"58","bethera","10_20",0.02,7.8,1.5096443452381,0.210069553241103,0,6.8,51.5,24.3,0,1.17752258928572e-05,1.17752258928572e-06,0.0117752258928572
"59","bethera","20_40",0.1,39,1.34,0.215883238671701,1,46.1,49.95,38.55,0,5.226e-05,1.0452e-05,0.10452
"60","bethera","40_100",0.106666666666667,41.6,1.74,0.19649269329816,1,15.5666666666667,30.1,53.9,0,7.2384e-05,4.34304e-05,0.434304
"61","betis","0_10",0.07,27.3,1.3509262485482,0.246635757280942,0,48.2886660985049,31.5216808172776,14.2365984772959,2.55253239021966,3.59389053246686e-05,3.59389053246686e-06,0.0359389053246686
"62","betis","10_20",0.07,27.3,1.5096443452381,0.210069553241103,0,90.85,7.35,1.8,0,4.12132906250001e-05,4.12132906250001e-06,0.0412132906250001
"63","betis","20_40",0.02,7.8,1.50104635443921,0.215883238671701,0,84.3,13.1,2.6,0,1.17081615646258e-05,2.34163231292517e-06,0.0234163231292517
"64","betis","40_100",0.028,10.92,1.72,0.19649269329816,1,86.76,9.2,4.04,0,1.87824e-05,1.126944e-05,0.1126944
"65","bibb","0_10",0.2175,84.825,1.3509262485482,0.246635757280942,0,70.375,21.9,7.725,0,0.000114592319033101,1.14592319033101e-05,0.114592319033101
"66","bibb","10_20",0.14,54.6,1.5096443452381,0.210069553241103,0,48.3,37.55,14.05,0,8.24265812500003e-05,8.24265812500003e-06,0.0824265812500003
"67","bibb","20_40",0.064,24.96,1.14,0.215883238671701,1,61.52,27.56,10.88,0,2.84544e-05,5.69088e-06,0.0569088
"68","bibb","40_100",0.03,11.7,1.38,0.127279220613579,2,76.28,15.69,7.99,0.2,1.6113708e-05,9.6682248e-06,0.096682248
"69","blanton","0_10",0.0522222222222222,20.3666666666667,1.45,0.246635757280942,1,54.0944444444444,6.24736842105263,2.58947368421053,0,2.95316666666667e-05,2.95316666666667e-06,0.0295316666666667
"70","blanton","10_20",0.08375,32.6625,1.5096443452381,0.210069553241103,0,64.475,8.375,2.9875,0,4.93087584263395e-05,4.93087584263395e-06,0.0493087584263395
"71","blanton","20_40",0.03,11.7,1.50104635443921,0.215883238671701,0,51.1769230769231,7.76428571428571,3.35714285714286,0,1.75622423469388e-05,3.51244846938775e-06,0.0351244846938775
"72","blanton","40_100",0.0259574468085106,10.1234042553191,1.57,0.0264575131106459,3,58.4387755102041,6.66734693877551,2.73877551020408,0,1.58937446808511e-05,9.53624680851064e-06,0.0953624680851064
"73","bonneau","0_10",0.161818181818182,63.1090909090909,1.66,0.246635757280942,1,76.54,11.3454545454545,4.59090909090909,1.81818181818182,0.000102856343801653,1.02856343801653e-05,0.102856343801653
"74","bonneau","10_20",0.0616666666666667,24.05,1.81,0.210069553241103,1,75.9833333333333,8.43333333333333,2.73333333333333,4.16666666666667,4.17167291666667e-05,4.17167291666667e-06,0.0417167291666667
"75","bonneau","20_40",0.0469230769230769,18.3,1.50104635443921,0.215883238671701,0,65.4692307692308,11.6076923076923,6.16923076923077,1.46153846153846,2.70676761189772e-05,5.41353522379543e-06,0.0541353522379543
"76","bonneau","40_100",0.0857407407407407,33.4388888888889,1.64,0.0299999999999999,3,55.8648148148148,9.37592592592593,18.2851851851852,1.18518518518519,5.41898248559671e-05,3.25138949135803e-05,0.325138949135802
"77","boulogne","0_10",0.015,5.85,1.3509262485482,0.246635757280942,0,59.3333333333333,4.66666666666667,1.86666666666667,0,7.90291855400697e-06,7.90291855400697e-07,0.00790291855400697
"78","boulogne","10_20",0.00875,3.4125,1.5096443452381,0.210069553241103,0,46.7895312870223,30.4653139464118,15.1362533561418,2.95214027796427,4.99957705907313e-06,4.99957705907313e-07,0.00499957705907313
"79","boulogne","20_40",0.0025,0.975,1.50104635443921,0.215883238671701,0,33.675,5.22,2.54,0,1.46352019557823e-06,2.92704039115646e-07,0.00292704039115646
"80","boulogne","40_100",0.00142857142857143,0.557142857142857,1.59451747615447,0.19649269329816,0,67.5444444444445,4.33,2.65,0,8.88374022428919e-07,5.33024413457351e-07,0.00533024413457352
"81","bude","0_10",0.35,136.5,1.54,0.127279220613579,2,24.4,65.55,10.05,0,0.00021021,2.1021e-05,0.21021
"82","bude","10_20",0.225,87.75,1.5096443452381,0.210069553241103,0,46.7895312870223,30.4653139464118,15.1362533561418,2.95214027796427,0.000128560552947595,1.28560552947595e-05,0.128560552947595
"83","bude","20_40",0.1,39,1.50104635443921,0.215883238671701,0,16.15,64.55,19.3,0,5.85408078231292e-05,1.17081615646258e-05,0.117081615646258
"84","bude","40_100",0.144444444444444,56.3333333333333,1.675,0.124766448481419,4,14.8888888888889,61.2222222222222,23.8888888888889,0,9.43583333333333e-05,5.6615e-05,0.56615
"85","burton","0_10",0.355,138.45,0.7225,0.12737739202857,4,55.0444444444444,29.3111111111111,20.5125,11.7777777777778,8.82487991666667e-05,8.82487991666667e-06,0.0882487991666667
"86","burton","10_20",0.1575,61.425,0.935,0.275771644662753,2,55.35,28.125,16.525,5.25,5.44171753125e-05,5.44171753125e-06,0.0544171753125
"87","burton","20_40",0.08375,32.6625,1.046,0.114367827643966,5,54.7625,30.6875,14.55,15.75,2.87839914375e-05,5.7567982875e-06,0.057567982875
"88","burton","40_100",0.0790909090909091,30.8454545454545,1.27166666666667,0.0847152091815081,6,56.1636363636364,30.5181818181818,13.3181818181818,10.7272727272727,3.50173490082646e-05,2.10104094049587e-05,0.210104094049587
"89","caddo","0_10",0.0257142857142857,10.0285714285714,1.465,0.0494974746830584,2,24.4285714285714,69.4571428571429,6.11428571428571,0.714285714285714,1.45869153061225e-05,1.45869153061225e-06,0.0145869153061225
"90","caddo","10_20",0.03,11.7,1.6,0.210069553241103,1,19.1,69.575,11.325,0.5,1.86264e-05,1.86264e-06,0.0186264
"91","caddo","20_40",0.0175,6.825,1.685,0.0212132034355964,2,21.4,66.675,11.925,0.25,1.14713746875e-05,2.2942749375e-06,0.022942749375
"92","caddo","40_100",0.04875,19.0125,1.7075,0.0713559154286921,4,18.26875,63.74375,17.9875,0.3125,3.23623942382812e-05,1.94174365429687e-05,0.194174365429687
"93","cahaba","0_10",0.233333333333333,91,1.4,0.0556776436283002,3,51.35,34.175,14.4666666666667,0,0.0001274,1.274e-05,0.1274
"94","cahaba","10_20",0.221428571428571,86.3571428571429,1.37,0.210069553241103,1,51.3,31.5,17.2,0,0.000118309285714286,1.18309285714286e-05,0.118309285714286
"95","cahaba","20_40",0.204,79.56,1.47333333333333,0.0757187779440037,3,47.9466666666667,32.9,19.14,0,0.0001172184,2.344368e-05,0.2344368
"96","cahaba","40_100",0.170909090909091,66.6545454545455,1.526,0.0439317652729776,5,46.1545454545455,28.3606060606061,25.469696969697,0,0.000101714836363636,6.10289018181818e-05,0.610289018181818
"97","carnasaw","0_10",0.2575,100.425,1.5,0.325269119345812,2,27.6,61.4,10.975,8.25,0.00013820990625,1.3820990625e-05,0.13820990625
"98","carnasaw","10_20",0.2975,116.025,1.59,0.0565685424949237,2,29.775,56.975,14.3,9.75,0.000166492974375,1.66492974375e-05,0.166492974375
"99","carnasaw","20_40",0.493333333333333,192.4,1.43333333333333,0.155349069303081,3,11.4333333333333,36.4666666666667,52.0666666666667,4.66666666666667,0.00026290391111111,5.25807822222221e-05,0.525807822222221
"100","carnasaw","40_100",0.32,124.8,1.55142857142857,0.110064915910047,7,15.6923076923077,33.7153846153846,51.8769230769231,5.61538461538461,0.000182745874285714,0.000109647524571428,1.09647524571428
"101","cartecay","0_10",0.1,39,1.3509262485482,0.246635757280942,0,53.1,26,20.9,0,5.26861236933798e-05,5.26861236933798e-06,0.0526861236933798
"102","cartecay","10_20",0.0625,24.375,1.5096443452381,0.210069553241103,0,46.7895312870223,30.4653139464118,15.1362533561418,2.95214027796427,3.57112647076652e-05,3.57112647076652e-06,0.0357112647076652
"103","cartecay","20_40",0.025,9.75,1.50104635443921,0.215883238671701,0,71.2,16.3,12.5,0,1.46352019557823e-05,2.92704039115646e-06,0.0292704039115646
"104","cartecay","40_100",0.03,11.7,1.59451747615447,0.19649269329816,0,69,18.8,12.2,0,1.86558544710073e-05,1.11935126826044e-05,0.111935126826044
"105","cashiers","0_10",0.28,109.2,1.3509262485482,0.246635757280942,0,54.6,25.6,19.8,8,0.000135719454634146,1.35719454634146e-05,0.135719454634146
"106","cashiers","10_20",0.175,68.25,1.5096443452381,0.210069553241103,0,46.7895312870223,30.4653139464118,15.1362533561418,2.95214027796427,9.99915411814626e-05,9.99915411814626e-06,0.0999915411814626
"107","cashiers","20_40",0.07,27.3,1.04,0.215883238671701,1,59.3,23,17.7,9,2.583672e-05,5.167344e-06,0.05167344
"108","cashiers","40_100",0.025,9.75,1.31,0.0989949493661166,2,66.4,18.5,15.1,7.5,1.18145625e-05,7.0887375e-06,0.070887375
"109","cataula","0_10",0.48,187.2,1.39,0.246635757280942,1,66.2,18.5,15.3,4,0.00024979968,2.4979968e-05,0.24979968
"110","cataula","10_20",0.29,113.1,1.72,0.210069553241103,1,68,18,14,11,0.00017313348,1.7313348e-05,0.17313348
"111","cataula","20_40",0.14,54.6,1.51,0.215883238671701,1,36.7,13.5,49.8,4,7.914816e-05,1.5829632e-05,0.15829632
"112","cataula","40_100",0.17,66.3,1.505,0.120208152801713,2,32.0333333333333,15.6,52.3666666666667,2.66666666666667,9.712066e-05,5.8272396e-05,0.58272396
"113","cecil","0_10",0.317575757575758,123.854545454545,1.58571428571429,0.13226956602045,7,58.4710526315789,21.9894736842105,21.9684210526316,6.13157894736842,0.000184355628434724,1.84355628434724e-05,0.184355628434724
"114","cecil","10_20",0.187777777777778,73.2333333333333,1.64666666666667,0.102143689640297,3,53.74,20.095,29.655,5.6,0.000113837799111111,1.13837799111111e-05,0.113837799111111
"115","cecil","20_40",0.165909090909091,64.7045454545455,1.59083333333333,0.124568953766275,12,46.504347826087,20.4652173913043,36.6217391304348,5.21739130434783,9.75636704545452e-05,1.95127340909091e-05,0.195127340909091
"116","cecil","40_100",0.118059701492537,46.0432835820896,1.498,0.097689087900015,20,35.9277777777778,21.0986111111111,42.8472222222222,2.30555555555556,6.73826316890547e-05,4.04295790134328e-05,0.404295790134328
"117","chandler","0_10",0.33,128.7,1.3509262485482,0.246635757280942,0,40.35,22.05,29.3,22,0.00013561408238676,1.3561408238676e-05,0.13561408238676
"118","chandler","10_20",0.16,62.4,1.62,0.210069553241103,1,65,22,13,47,5.357664e-05,5.357664e-06,0.05357664
"119","chandler","20_40",0.08,31.2,1.50104635443921,0.215883238671701,0,44.2,18.4,37.4,10,4.2149381632653e-05,8.4298763265306e-06,0.084298763265306
"120","chandler","40_100",0.1525,59.475,2.07666666666667,0.271538824725551,3,80.75,10.1,9.15,21.75,9.66463793750002e-05,5.79878276250001e-05,0.579878276250001
"121","chestnut","0_10",2.44666666666667,954.2,1.3509262485482,0.246635757280942,0,34.7,48.6,14.6333333333333,3,0.00125038221157375,0.000125038221157375,1.25038221157375
"122","chestnut","10_20",1.38333333333333,539.5,1.5096443452381,0.210069553241103,0,46.7895312870223,30.4653139464118,15.1362533561418,2.95214027796427,0.000790409325529657,7.90409325529657e-05,0.790409325529657
"123","chestnut","20_40",0.32,124.8,1.13,0.215883238671701,1,42.05,37.05,20.9,10,0.0001269216,2.538432e-05,0.2538432
"124","chestnut","40_100",0.0966666666666667,37.7,1.45,0.0989949493661167,2,65,29.3,5.7,1.66666666666667,5.37539166666667e-05,3.225235e-05,0.3225235
"125","chewacla","0_10",0.321428571428571,125.357142857143,1.355,0.190918830920368,2,13.0714285714286,48.3571428571429,38.5714285714286,1.28571428571429,0.000167675028061225,1.67675028061225e-05,0.167675028061225
"126","chewacla","10_20",0.12,46.8,1.5096443452381,0.210069553241103,0,12.45,41,46.55,0.5,7.02980985803574e-05,7.02980985803574e-06,0.0702980985803574
"127","chewacla","20_40",0.145,56.55,1.48,0.0692820323027551,3,11.45,48.925,39.625,3.5,8.076471e-05,1.6152942e-05,0.16152942
"128","chewacla","40_100",0.0864285714285714,33.7071428571429,1.53333333333333,0.118462370959446,3,15.65,46.3285714285714,38.0214285714286,0.5,5.14258642857142e-05,3.08555185714285e-05,0.308555185714285
"129","clarksville","0_10",0.274023668639053,106.869230769231,1.3509262485482,0.246635757280942,0,26.5863905325444,63.2307692307692,10.1786982248521,0.93491124260355,0.000143022694751308,1.43022694751308e-05,0.143022694751308
"130","clarksville","10_20",0.145588235294118,56.7794117647059,1.5096443452381,0.210069553241103,0,24.1833333333333,65.2088235294118,10.6098039215686,0.235294117647059,8.55150315014832e-05,8.55150315014832e-06,0.0855150315014832
"131","clarksville","20_40",0.135956284153005,53.0229508196721,1.50104635443921,0.215883238671701,0,24.6770491803279,62.575956284153,12.7448087431694,1.2568306010929,7.85895967225505e-05,1.57179193445101e-05,0.157179193445101
"132","clarksville","40_100",0.18783203125,73.2544921875,2.04,0.0916515138991169,3,26.1935546875,46.393359375,27.41328125,1.05078125,0.000147868885346375,8.87213312078247e-05,0.887213312078247
"133","clebit","0_10",0.14,54.6,1.48,0.246635757280942,1,57.1,28.5,14.4,10,7.27272e-05,7.27272e-06,0.0727272
"134","clebit","10_20",0.095,37.05,1.5096443452381,0.210069553241103,0,46.7895312870223,30.4653139464118,15.1362533561418,2.95214027796427,5.42811223556511e-05,5.42811223556511e-06,0.0542811223556511
"135","clebit","20_40",0.05,19.5,1.51,0.215883238671701,1,56.5,30,13.5,14,2.53227e-05,5.06454e-06,0.0506454
"136","clebit","40_100",0.05,19.5,1.59451747615447,0.19649269329816,0,47.1527031434407,24.7802985973975,23.2730709428291,3.29052854268621,3.0069963757928e-05,1.80419782547568e-05,0.180419782547568
"137","clifton","0_10",0.745,290.55,1.29857142857143,0.108386433872598,7,36.05,35.75,28.2,11.375,0.000334382061696429,3.34382061696429e-05,0.334382061696429
"138","clifton","10_20",0.496666666666667,193.7,1.53,0.0916515138991168,3,27.4666666666667,37.0666666666667,35.4666666666667,2,0.00029043378,2.9043378e-05,0.29043378
"139","clifton","20_40",0.44625,174.0375,1.47166666666667,0.0820771994324043,6,28.0125,31.425,40.5625,5.75,0.000241397989218751,4.82795978437501e-05,0.482795978437501
"140","clifton","40_100",0.274545454545455,107.072727272727,1.3935,0.106389304963076,20,38.1909090909091,27.1363636363636,34.6727272727273,5.45454545454545,0.000141067344793388,8.46404068760331e-05,0.846404068760331
"141","congaree","0_10",0.2,78,1.3509262485482,0.246635757280942,0,48.2886660985049,31.5216808172776,14.2365984772959,2.55253239021966,0.00010268258664191,1.0268258664191e-05,0.10268258664191
"142","congaree","10_20",0.2,78,1.5096443452381,0.210069553241103,0,53.2,29,17.8,0,0.000117752258928572,1.17752258928572e-05,0.117752258928572
"143","congaree","20_40",0.145,56.55,1.50104635443921,0.215883238671701,0,44.6474010593,29.3694540148412,19.535668248824,2.4242495503916,8.2826367201388e-05,1.65652734402776e-05,0.165652734402776
"144","congaree","40_100",0.09,35.1,1.59451747615447,0.19649269329816,0,43.05,35.725,21.225,0,5.59675634130219e-05,3.35805380478131e-05,0.335805380478131
"145","cowarts","0_10",0.195833333333333,76.375,1.525,0.088881944173156,4,73.7916666666667,9.60833333333333,8.75,3.83333333333333,0.000112007119791667,1.12007119791667e-05,0.112007119791667
"146","cowarts","10_20",0.09,35.1,1.65,0.0282842712474619,2,79.2,10.26,10.54,3.4,5.594589e-05,5.594589e-06,0.05594589
"147","cowarts","20_40",0.11,42.9,1.66333333333333,0.091796877216312,6,65.7857142857143,8.22857142857143,23.6357142857143,5.42857142857143,6.74833342857142e-05,1.34966668571428e-05,0.134966668571428
"148","cowarts","40_100",0.104864864864865,40.8972972972973,1.70055555555556,0.108653373420044,18,61.2027777777778,6.44864864864865,31.6567567567568,2.75675675675676,6.76308534599466e-05,4.0578512075968e-05,0.40578512075968
"149","cowee","0_10",0.12,46.8,1.33,0.246635757280942,1,67.2,20.6,12.2,20,4.97952e-05,4.97952e-06,0.0497952
"150","cowee","10_20",0.085,33.15,1.5096443452381,0.210069553241103,0,46.7895312870223,30.4653139464118,15.1362533561418,2.95214027796427,4.85673200024247e-05,4.85673200024247e-06,0.0485673200024247
"151","cowee","20_40",0.05,19.5,1.64,0.215883238671701,1,62.8,18.6,18.6,17,2.65434e-05,5.30868e-06,0.0530868
"152","cowee","40_100",0.0133333333333333,5.2,1.83,0.395979797464466,2,78.9666666666667,9.6,11.4333333333333,18.3333333333333,7.7714e-06,4.66284e-06,0.0466284
"153","craggey","0_10",4.125,1608.75,0.76,0.10816653826392,3,60.075,33.2,23.625,6.75,0.001140121125,0.0001140121125,1.140121125
"154","craggey","10_20",0.19,74.1,1.04,0.210069553241103,1,71.85,20.6,7.55,21,6.088056e-05,6.088056e-06,0.06088056
"155","craggey","20_40",0.0666666666666667,26,0.97,0.215883238671701,1,79.6666666666667,16.9,3.43333333333333,20.3333333333333,2.00919333333333e-05,4.01838666666667e-06,0.0401838666666667
"156","craggey","40_100",0.16,62.4,1.59451747615447,0.19649269329816,0,68.1,23.5,8.4,20,7.95983124096312e-05,4.77589874457787e-05,0.477589874457787
"157","craven","0_10",0.085,33.15,1.45,0.014142135623731,2,23.3,67.2,9.5,0,4.80675e-05,4.80675e-06,0.0480675
"158","craven","10_20",0,0,1.62,0.210069553241103,1,25.9,63.9,10.2,0,0,0,0
"159","craven","20_40",0.07,27.3,1.58333333333333,0.153079500042734,3,15.0666666666667,57.7666666666667,27.1666666666667,0,4.32249999999999e-05,8.64499999999998e-06,0.0864499999999998
"160","craven","40_100",0.17,66.3,1.588,0.0402492235949962,5,15.24,38.26,46.5,0,0.0001052844,6.317064e-05,0.6317064
"161","cullasaja","0_10",0.445,173.55,0.925,0.0353553390593273,2,58.7,29,12.3,57,6.90295125e-05,6.90295125e-06,0.0690295125
"162","cullasaja","10_20",0.37,144.3,0.84,0.210069553241103,1,55.3,23.7,21,51,5.939388e-05,5.939388e-06,0.05939388
"163","cullasaja","20_40",0.243333333333333,94.9,1.32666666666667,0.319426569548204,3,58.0666666666667,28.8,13.1333333333333,46.6666666666667,6.71470222222224e-05,1.34294044444445e-05,0.134294044444445
"164","cullasaja","40_100",0.185714285714286,72.4285714285714,1.54666666666667,0.185022521151706,3,63.9428571428571,23.8571428571429,12.2,58.8571428571429,4.60894040816327e-05,2.76536424489796e-05,0.276536424489796
"165","davidson","0_10",0.415714285714286,162.128571428571,1.59,0.12,3,47.1571428571429,23.3,29.5428571428571,1,0.000255206584285714,2.55206584285714e-05,0.255206584285714
"166","davidson","10_20",0.38,148.2,1.5096443452381,0.210069553241103,0,30.9333333333333,34.0333333333333,30.7,1.33333333333333,0.000220746234738096,2.20746234738096e-05,0.220746234738096
"167","davidson","20_40",0.153333333333333,59.8,1.5725,0.0206155281280883,4,40.1,20.9666666666667,38.9333333333333,0.666666666666667,9.34085966666667e-05,1.86817193333333e-05,0.186817193333333
"168","davidson","40_100",0.147142857142857,57.3857142857143,1.57666666666667,0.104626319187223,6,27.2,16.3357142857143,56.4642857142857,0.785714285714286,8.97672431632655e-05,5.38603458979593e-05,0.538603458979593
"169","dorovan","0_10",0.1,39,1.3509262485482,0.246635757280942,0,48.2886660985049,31.5216808172776,14.2365984772959,2.55253239021966,5.13412933209551e-05,5.13412933209551e-06,0.0513412933209551
"170","dorovan","10_20",0.1,39,1.5096443452381,0.210069553241103,0,21,0.1,17.9,0,5.88761294642859e-05,5.88761294642859e-06,0.0588761294642859
"171","dorovan","20_40",0.065,25.35,1.50104635443921,0.215883238671701,0,44.6474010593,29.3694540148412,19.535668248824,2.4242495503916,3.71290611592429e-05,7.42581223184858e-06,0.0742581223184858
"172","dorovan","40_100",0.03,11.7,1.59451747615447,0.19649269329816,0,65.3,0.8,22.2,0,1.86558544710073e-05,1.11935126826044e-05,0.111935126826044
"173","dothan","0_10",0.338965517241379,132.196551724138,1.405,0.346482322781408,2,74.3809523809524,14.13125,7.63125,1.8125,0.000182369687359914,1.82369687359914e-05,0.182369687359914
"174","dothan","10_20",0.199756097560976,77.9048780487805,1.65666666666667,0.124525767079214,6,78.5595238095238,13.047619047619,7.08095238095238,2.19047619047619,0.000126235333170732,1.26235333170732e-05,0.126235333170732
"175","dothan","20_40",0.177719298245614,69.3105263157895,1.778,0.0834865258589673,5,66.6610169491525,13.3305084745763,15.0779661016949,2.91525423728814,0.000119641528007136,2.39283056014273e-05,0.239283056014273
"176","dothan","40_100",0.126489361702128,49.3308510638298,1.636,0.068677992593455,25,55.375,12.6240740740741,27.6231481481481,3.31481481481481,7.80300420165485e-05,4.68180252099291e-05,0.468180252099291
"177","duplin","0_10",0.065,25.35,1.3509262485482,0.246635757280942,0,37.2,23.2,9.4,0,3.42459804006969e-05,3.42459804006969e-06,0.0342459804006969
"178","duplin","10_20",0.28,109.2,1.5096443452381,0.210069553241103,0,7.3,17.8,12,0,0.000164853162500001,1.64853162500001e-05,0.164853162500001
"179","duplin","20_40",0.13,50.7,1.50104635443921,0.215883238671701,0,52.9333333333333,21.7666666666667,24.9333333333333,0,7.6103050170068e-05,1.52206100340136e-05,0.152206100340136
"180","duplin","40_100",0.165714285714286,64.6285714285714,1.59451747615447,0.19649269329816,0,38.5,18.2857142857143,49.5714285714286,0,0.000103051386601755,6.18308319610528e-05,0.618308319610528
"181","edneyville","0_10",0.39,152.1,0.82,0.246635757280942,1,32.7,38.7,28.6,5,0.0001184859,1.184859e-05,0.1184859
"182","edneyville","10_20",0.26,101.4,1.19,0.210069553241103,1,36.5,34.2,29.3,2,0.00011825268,1.1825268e-05,0.11825268
"183","edneyville","20_40",0.307,119.73,1.50104635443921,0.215883238671701,0,44.6474010593,29.3694540148412,19.535668248824,2.4242495503916,0.000175363411936732,3.50726823873464e-05,0.350726823873464
"184","edneyville","40_100",0.354,138.06,1.075,0.0493288286231624,4,66.5,24.24,9.26,0.6,0.000147524013,8.85144078e-05,0.885144078
"185","enon","0_10",0.145,56.55,1.07,0.246635757280942,1,60.1,29.95,9.95,27.5,4.38686625e-05,4.38686625e-06,0.0438686625
"186","enon","10_20",0.1,39,1.48,0.210069553241103,1,46.3,40.6,13.1,29,4.09812e-05,4.09812e-06,0.0409812
"187","enon","20_40",0.2,78,1.52,0.215883238671701,1,30.75,19.9,49.35,8,0.0001090752,2.181504e-05,0.2181504
"188","enon","40_100",0.167142857142857,65.1857142857143,1.76333333333333,0.0873689494805411,3,32.3857142857143,17.5285714285714,50.0857142857143,2.57142857142857,0.00011198843632653,6.71930617959182e-05,0.671930617959182
"189","escambia","0_10",0.03,11.7,1.3509262485482,0.246635757280942,0,60.7333333333333,29.2666666666667,7.6,0,1.58058371080139e-05,1.58058371080139e-06,0.0158058371080139
"190","escambia","10_20",0.0575,22.425,1.33,0.210069553241103,1,48.525,31.9,6.7,0.5,2.967612375e-05,2.967612375e-06,0.02967612375
"191","escambia","20_40",0.0366666666666667,14.3,1.7,0.215883238671701,1,49.56,29.92,9.44,0.6,2.416414e-05,4.832828e-06,0.04832828
"192","escambia","40_100",0.065,25.35,1.78,0.0282842712474619,2,57.0076923076923,29.0076923076923,15.3538461538462,0.615384615384615,4.484532e-05,2.6907192e-05,0.26907192
"193","estate","0_10",0.325,126.75,1.3509262485482,0.246635757280942,0,45.975,45.375,8.65,0,0.000171229902003484,1.71229902003484e-05,0.171229902003484
"194","estate","10_20",0.175,68.25,1.64,0.210069553241103,1,37.175,47.8,15.025,0,0.00011193,1.1193e-05,0.11193
"195","estate","20_40",0.36,140.4,1.50104635443921,0.215883238671701,0,23.96,49.14,26.9,0,0.000210746908163265,4.2149381632653e-05,0.42149381632653
"196","estate","40_100",0.323076923076923,126,1.74,0.19649269329816,1,29.3923076923077,30,40.6076923076923,0,0.00021924,0.000131544,1.31544
"197","esto","0_10",0.152857142857143,59.6142857142857,1.3509262485482,0.246635757280942,0,57.84,13.68,11.89,0,8.05345033598806e-05,8.05345033598806e-06,0.0805345033598806
"198","esto","10_20",0.136666666666667,53.3,1.5096443452381,0.210069553241103,0,38.78,18.04,21.58,0,8.04640436011907e-05,8.04640436011907e-06,0.0804640436011907
"199","esto","20_40",0.105,40.95,1.50104635443921,0.215883238671701,0,38.5363636363636,13.2272727272727,39.6,0,6.14678482142856e-05,1.22935696428571e-05,0.122935696428571
"200","esto","40_100",0.07875,30.7125,1.59451747615447,0.19649269329816,0,44.1565217391304,8.68695652173913,53.5130434782609,0,4.89716179863942e-05,2.93829707918365e-05,0.293829707918365
"201","evard","0_10",0.05,19.5,1.3509262485482,0.246635757280942,0,49.9,28.7,21.4,6,2.47624781358885e-05,2.47624781358885e-06,0.0247624781358885
"202","evard","10_20",0.035,13.65,1.5096443452381,0.210069553241103,0,46.7895312870223,30.4653139464118,15.1362533561418,2.95214027796427,1.99983082362925e-05,1.99983082362925e-06,0.0199983082362925
"203","evard","20_40",0.02,7.8,1.49,0.215883238671701,1,40.6,32.8,26.6,4,1.115712e-05,2.231424e-06,0.02231424
"204","evard","40_100",0,0,1.555,0.0636396103067893,2,42.05,26.35,31.6,4,0,0,0
"205","evergreen","0_10",0.01,3.9,1.3509262485482,0.246635757280942,0,48.2886660985049,31.5216808172776,14.2365984772959,2.55253239021966,5.13412933209551e-06,5.13412933209551e-07,0.00513412933209551
"206","evergreen","10_20",0.01,3.9,1.5096443452381,0.210069553241103,0,46.7895312870223,30.4653139464118,15.1362533561418,2.95214027796427,5.71380235322643e-06,5.71380235322643e-07,0.00571380235322643
"207","evergreen","20_40",0.01,3.9,1.50104635443921,0.215883238671701,0,56.1333333333333,4.9,4.2,0,5.85408078231292e-06,1.17081615646258e-06,0.0117081615646258
"208","evergreen","40_100",0.00333333333333333,1.3,1.59451747615447,0.19649269329816,0,44.9,1.45,1.75,0,2.07287271900081e-06,1.24372363140049e-06,0.0124372363140049
"209","fannin","0_10",0.908333333333333,354.25,1.19,0.212132034355964,2,40.3833333333333,29.0833333333333,21.1,4.5,0.0004025874125,4.025874125e-05,0.4025874125
"210","fannin","10_20",0.19,74.1,1.305,0.0212132034355964,2,61.55,18.7,19.75,13.5,8.36459325e-05,8.36459325e-06,0.0836459325
"211","fannin","20_40",0.135,52.65,1.3075,0.0590903263374528,4,48.36,17.68,33.96,2.8,6.69123585e-05,1.33824717e-05,0.133824717
"212","fannin","40_100",0.192222222222222,74.9666666666667,1.35818181818182,0.124082084268292,11,62.5631578947368,17.3736842105263,20.0631578947368,9.05263157894737,9.26011222966508e-05,5.55606733779905e-05,0.555606733779905
"213","forestdale","0_10",0.419090909090909,163.445454545455,1.595,0.141539158303748,4,14.2272727272727,52.6,33.1636363636364,0,0.0002606955,2.606955e-05,0.2606955
"214","forestdale","10_20",0.4375,170.625,1.5096443452381,0.210069553241103,0,12.8125,52.2875,34.9,0,0.000257583066406251,2.57583066406251e-05,0.257583066406251
"215","forestdale","20_40",0.305384615384615,119.1,1.686,0.133341666406266,5,9.60769230769231,52.8,37.5923076923077,0,0.0002008026,4.016052e-05,0.4016052
"216","forestdale","40_100",0.428421052631579,167.084210526316,1.70538461538462,0.08471672253412,13,12.1447368421053,44.3947368421053,43.4631578947368,0,0.000284942842105264,0.000170965705263158,1.70965705263158
"217","foxworth","0_10",0.0305555555555556,11.9166666666667,1.3509262485482,0.246635757280942,0,44.8055555555556,3.75,1.8,0,1.60985377951994e-05,1.60985377951994e-06,0.0160985377951994
"218","foxworth","10_20",0.0466666666666667,18.2,1.5096443452381,0.210069553241103,0,78.3222222222222,3.52222222222222,1.74444444444444,0,2.74755270833334e-05,2.74755270833334e-06,0.0274755270833334
"219","foxworth","20_40",0.00375,1.4625,1.50104635443921,0.215883238671701,0,58.0875,4.1625,1.8125,0,2.19528029336734e-06,4.39056058673469e-07,0.00439056058673469
"220","foxworth","40_100",0.00526315789473684,2.05263157894737,1.795,0.00707106781186548,2,69.3025641025641,3.5325,2.055,0,3.68447368421053e-06,2.21068421052632e-06,0.0221068421052632
"221","fuquay","0_10",0.118,46.02,1.43,0.246635757280942,1,75.1590909090909,12.25,4.24090909090909,3.04545454545455,6.3804429e-05,6.3804429e-06,0.063804429
"222","fuquay","10_20",0.0638461538461538,24.9,1.805,0.106066017177982,2,77.2076923076923,9.32307692307692,3.96153846153846,5.69230769230769,4.23861207692308e-05,4.23861207692308e-06,0.0423861207692308
"223","fuquay","20_40",0.0378571428571429,14.7642857142857,1.69,0.215883238671701,1,65.6533333333333,11.1866666666667,5.38666666666667,7.2,2.31551245714286e-05,4.63102491428572e-06,0.0463102491428572
"224","fuquay","40_100",0.064375,25.10625,1.704,0.045752959831396,10,67.2641509433962,9.54339622641509,13.9320754716981,1.75471698113208,4.20303636509434e-05,2.5218218190566e-05,0.25218218190566
"225","glenmora","0_10",0.07,27.3,1.42,0.246635757280942,1,43.3,50.9,5.8,0,3.8766e-05,3.8766e-06,0.038766
"226","glenmora","10_20",0.035,13.65,1.5096443452381,0.210069553241103,0,46.7895312870223,30.4653139464118,15.1362533561418,2.95214027796427,1.99983082362925e-05,1.99983082362925e-06,0.0199983082362925
"227","glenmora","20_40",0,0,1.59,0.215883238671701,1,35.7,52.1,12.2,1,0,0,0
"228","glenmora","40_100",0.02,7.8,1.635,0.0353553390593273,2,30.15,51.2,18.65,2,1.249794e-05,7.498764e-06,0.07498764
"229","goldsboro","0_10",0.2,78,1.38,0.246635757280942,1,64.5333333333333,28.7,10,0,0.00010764,1.0764e-05,0.10764
"230","goldsboro","10_20",0.14,54.6,1.5096443452381,0.210069553241103,0,74.78,18.88,6.34,0.2,8.22617280875003e-05,8.22617280875003e-06,0.0822617280875003
"231","goldsboro","20_40",0.113333333333333,44.2,1.55,0.062449979983984,3,61.5916666666667,26.8666666666667,11.5416666666667,0.166666666666667,6.83958166666667e-05,1.36791633333333e-05,0.136791633333333
"232","goldsboro","40_100",0.0952,37.128,1.668,0.0396232255123179,5,56.004,22.38,21.62,0.2,6.1805644992e-05,3.70833869952e-05,0.370833869952
"233","greenville","0_10",0.326,127.14,1.765,0.109498858441538,6,64.2727272727273,17.5272727272727,20.4818181818182,0,0.0002244021,2.244021e-05,0.2244021
"234","greenville","10_20",0.46,179.4,1.69,0.0707106781186548,2,51.3,24.32,24.38,0,0.000303186,3.03186e-05,0.303186
"235","greenville","20_40",0.267142857142857,104.185714285714,1.6375,0.0747854072854935,8,45.08,16.9333333333333,40.22,0,0.000170604107142857,3.41208214285714e-05,0.341208214285714
"236","greenville","40_100",0.195151515151515,76.1090909090909,1.62611111111111,0.0825433140406324,18,41.9485714285714,14.68,43.0828571428571,0,0.000123761838383838,7.4257103030303e-05,0.74257103030303
"237","guyton","0_10",0.443333333333333,172.9,1.4525,0.097082439194738,4,29.45,54.3666666666667,15.9666666666667,0,0.00025113725,2.5113725e-05,0.25113725
"238","guyton","10_20",0.16,62.4,1.655,0.120208152801713,2,20.65,59.5,19.85,0,0.000103272,1.03272e-05,0.103272
"239","guyton","20_40",0.102,39.78,1.58,0.0724568837309472,5,21.06,64.76,14.18,0,6.28524e-05,1.257048e-05,0.1257048
"240","guyton","40_100",0.131666666666667,51.35,1.646,0.135088448391744,10,19.3916666666667,57.5333333333333,23.075,0.25,8.431079475e-05,5.058647685e-05,0.5058647685
"241","gwinnett","0_10",0.33,128.7,1.3509262485482,0.246635757280942,0,48.6333333333333,31,20.3666666666667,0,0.000173864208188153,1.73864208188153e-05,0.173864208188153
"242","gwinnett","10_20",0.27,105.3,1.5096443452381,0.210069553241103,0,46.7895312870223,30.4653139464118,15.1362533561418,2.95214027796427,0.000154272663537114,1.54272663537114e-05,0.154272663537114
"243","gwinnett","20_40",0.21,81.9,1.50104635443921,0.215883238671701,0,26,35.6,38.4,0,0.000122935696428571,2.45871392857143e-05,0.245871392857143
"244","gwinnett","40_100",0.1575,61.425,1.59451747615447,0.19649269329816,0,37.55,20.75,41.7,0,9.79432359727883e-05,5.8765941583673e-05,0.58765941583673
"245","hard labor","0_10",0.1,39,1.3509262485482,0.246635757280942,0,75.3,17.9,6.8,0,5.26861236933798e-05,5.26861236933798e-06,0.0526861236933798
"246","hard labor","10_20",0.01,3.9,1.5096443452381,0.210069553241103,0,79.9,15.3,4.8,0,5.88761294642859e-06,5.88761294642859e-07,0.00588761294642859
"247","hard labor","20_40",0.03,11.7,1.50104635443921,0.215883238671701,0,75.9,18.1,6,0,1.75622423469388e-05,3.51244846938775e-06,0.0351244846938775
"248","hard labor","40_100",0.05,19.5,1.59451747615447,0.19649269329816,0,36.75,14,49.25,0,3.10930907850122e-05,1.86558544710073e-05,0.186558544710073
"249","harleston","0_10",0.0766666666666667,29.9,1.28,0.246635757280942,1,67.8333333333333,27.5666666666667,4.6,0.333333333333333,3.81444266666667e-05,3.81444266666667e-06,0.0381444266666667
"250","harleston","10_20",0.02,7.8,1.49,0.210069553241103,1,44.5,45,10.5,2,1.138956e-05,1.138956e-06,0.01138956
"251","harleston","20_40",0.04,15.6,1.565,0.0494974746830584,2,53.45,34.9,11.65,0.25,2.4352965e-05,4.870593e-06,0.04870593
"252","harleston","40_100",0.075,29.25,1.7,0.03,3,55.775,27.2375,16.9875,0.375,4.953853125e-05,2.972311875e-05,0.2972311875
"253","helena","0_10",0.16,62.4,1.3509262485482,0.246635757280942,0,76.75,32.45,11.3,0,8.42977979094077e-05,8.42977979094077e-06,0.0842977979094077
"254","helena","10_20",0.125,48.75,1.5096443452381,0.210069553241103,0,46.7895312870223,30.4653139464118,15.1362533561418,2.95214027796427,7.14225294153304e-05,7.14225294153304e-06,0.0714225294153304
"255","helena","20_40",0.09,35.1,1.50104635443921,0.215883238671701,0,27.4,31.6,17.75,0,5.26867270408163e-05,1.05373454081633e-05,0.105373454081633
"256","helena","40_100",0.166666666666667,65,1.59451747615447,0.19649269329816,0,21.875,20.575,48.175,0,0.000103643635950041,6.21861815700243e-05,0.621861815700243
"257","hemphill","0_10",0.21,81.9,1.3509262485482,0.246635757280942,0,48.2886660985049,31.5216808172776,14.2365984772959,2.55253239021966,0.000107816715974006,1.07816715974006e-05,0.107816715974006
"258","hemphill","10_20",0.21,81.9,1.53,0.15556349186104,2,26.3,37.2,36.5,0,0.000125307,1.25307e-05,0.125307
"259","hemphill","20_40",0.1,39,1.64,0.215883238671701,1,8.8,33.8,57.4,0,6.396e-05,1.2792e-05,0.12792
"260","hemphill","40_100",0.03,11.7,1.45571428571429,0.11355720186425,7,35.5857142857143,35.3142857142857,29.1,0,1.70318571428572e-05,1.02191142857143e-05,0.102191142857143
"261","hiwassee","0_10",0.56,218.4,1.60333333333333,0.159457413332421,6,31.3769230769231,29.2,39.4230769230769,1.46153846153846,0.000345050159999999,3.45050159999999e-05,0.345050159999999
"262","hiwassee","10_20",0.4075,158.925,1.645,0.0881286937760152,4,57.1,22.525,20.375,3.25,0.0002529350971875,2.529350971875e-05,0.2529350971875
"263","hiwassee","20_40",0.341538461538462,133.2,1.625,0.0808879295250975,8,23.7066666666667,22.0066666666667,54.2866666666667,1.13333333333333,0.0002139969,4.279938e-05,0.4279938
"264","hiwassee","40_100",0.0944444444444444,36.8333333333333,1.56769230769231,0.0953199739608516,13,22.7269230769231,23.0730769230769,55.0192307692308,0.846153846153846,5.7254735897436e-05,3.43528415384616e-05,0.343528415384616
"265","hurricane","0_10",0.0268421052631579,10.4684210526316,1.3509262485482,0.246635757280942,0,46.3666666666667,3.52631578947368,1.56315789473684,0,1.41420647808546e-05,1.41420647808546e-06,0.0141420647808546
"266","hurricane","10_20",0.00571428571428571,2.22857142857143,1.5096443452381,0.210069553241103,0,62.3428571428571,3.44285714285714,1.3,0,3.36435025510205e-06,3.36435025510205e-07,0.00336435025510205
"267","hurricane","20_40",0.00727272727272727,2.83636363636364,1.50104635443921,0.215883238671701,0,56.68,4.65454545454545,1.80909090909091,0,4.25751329622758e-06,8.51502659245516e-07,0.00851502659245516
"268","hurricane","40_100",0.00581395348837209,2.26744186046512,1.59451747615447,0.19649269329816,0,51.8738095238095,3.25581395348837,1.62790697674419,0,3.61547567267583e-06,2.1692854036055e-06,0.021692854036055
"269","kingsferry","0_10",0.02,7.8,1.3509262485482,0.246635757280942,0,46.6,4.3,1.1,0,1.0537224738676e-05,1.0537224738676e-06,0.010537224738676
"270","kingsferry","10_20",0.01,3.9,1.5096443452381,0.210069553241103,0,55.8,3.6,1.3,0,5.88761294642859e-06,5.88761294642859e-07,0.00588761294642859
"271","kingsferry","20_40",0.01,3.9,1.50104635443921,0.215883238671701,0,32.4,5.5,1.4,0,5.85408078231292e-06,1.17081615646258e-06,0.0117081615646258
"272","kingsferry","40_100",0.002,0.78,1.59451747615447,0.19649269329816,0,67.22,4.6,2.52,0,1.24372363140049e-06,7.46234178840292e-07,0.00746234178840292
"273","kinston","0_10",0.43,167.7,1.3509262485482,0.246635757280942,0,1.3,40.6,46.3,0,0.000226550331881533,2.26550331881533e-05,0.226550331881533
"274","kinston","10_20",0.25,97.5,1.5096443452381,0.210069553241103,0,21.1,33.7,29.3,0,0.000147190323660715,1.47190323660715e-05,0.147190323660715
"275","kinston","20_40",0.2275,88.725,1.50104635443921,0.215883238671701,0,44.6474010593,29.3694540148412,19.535668248824,2.4242495503916,0.00012995171405735,2.599034281147e-05,0.2599034281147
"276","kinston","40_100",0.205,79.95,1.59451747615447,0.19649269329816,0,41.05,34.15,32.7,0,0.00012748167221855,7.64890033311299e-05,0.764890033311299
"277","kolin","0_10",0.28,109.2,1.435,0.0494974746830584,2,33.9333333333333,57.8666666666667,8.2,0,0.000156702,1.56702e-05,0.156702
"278","kolin","10_20",0.485,189.15,1.53,0.210069553241103,1,23.1,64.6,12.3,0,0.0002893995,2.893995e-05,0.2893995
"279","kolin","20_40",0.11,42.9,1.56,0.215883238671701,1,26.8666666666667,57.1333333333333,16,0.333333333333333,6.670092e-05,1.3340184e-05,0.13340184
"280","kolin","40_100",0.169090909090909,65.9454545454546,1.706,0.105261578935526,5,20.1545454545455,51.7818181818182,28.0636363636364,0.545454545454545,0.000111889293024793,6.7133575814876e-05,0.67133575814876
"281","lakeland","0_10",0.0358823529411765,13.9941176470588,1.3509262485482,0.246635757280942,0,65.7052631578947,4.18421052631579,2.32631578947368,0,1.89050208546833e-05,1.89050208546833e-06,0.0189050208546833
"282","lakeland","10_20",0.05,19.5,1.5096443452381,0.210069553241103,0,42.3857142857143,5.55714285714286,2.45714285714286,0,2.9438064732143e-05,2.9438064732143e-06,0.029438064732143
"283","lakeland","20_40",0.0433333333333333,16.9,1.50104635443921,0.215883238671701,0,63.5625,4.87777777777778,3.25555555555556,0,2.53676833900227e-05,5.07353667800453e-06,0.0507353667800453
"284","lakeland","40_100",0.03125,12.1875,1.59451747615447,0.19649269329816,0,75.0088888888889,4.51333333333333,3.22888888888889,0,1.94331817406326e-05,1.16599090443796e-05,0.116599090443796
"285","latonia","0_10",0.02,7.8,1.51,0.246635757280942,1,58.7,36,5.3,1,1.166022e-05,1.166022e-06,0.01166022
"286","latonia","10_20",0.01,3.9,1.5096443452381,0.210069553241103,0,46.7895312870223,30.4653139464118,15.1362533561418,2.95214027796427,5.71380235322643e-06,5.71380235322643e-07,0.00571380235322643
"287","latonia","20_40",0,0,1.58,0,2,52.95,35.9,11.15,0,0,0,0
"288","latonia","40_100",0,0,1.65333333333333,0.0305505046330388,3,51.3666666666667,32.7333333333333,15.9,0.666666666666667,0,0,0
"289","leadvale","0_10",0.176153846153846,68.7,1.3509262485482,0.246635757280942,0,23.6461538461538,63.9,12.4615384615385,0,9.28086332752614e-05,9.28086332752614e-06,0.0928086332752614
"290","leadvale","10_20",0.13,50.7,1.5096443452381,0.210069553241103,0,21.3333333333333,63.6666666666667,15,0,7.65389683035717e-05,7.65389683035717e-06,0.0765389683035717
"291","leadvale","20_40",0.0833333333333333,32.5,1.50104635443921,0.215883238671701,0,15.575,62.75,21.6833333333333,0,4.87840065192743e-05,9.75680130385487e-06,0.0975680130385487
"292","leadvale","40_100",0.133448275862069,52.0448275862069,1.59451747615447,0.19649269329816,0,16.4655172413793,55.3344827586207,28.2034482758621,0,8.29863871296532e-05,4.97918322777919e-05,0.497918322777919
"293","leefield","0_10",0.06,23.4,1.3509262485482,0.246635757280942,0,38.7666666666667,8.31666666666667,5.63333333333333,0,3.16116742160279e-05,3.16116742160279e-06,0.0316116742160279
"294","leefield","10_20",0.078,30.42,1.5096443452381,0.210069553241103,0,56.58,7.98,5.02,0,4.5923380982143e-05,4.5923380982143e-06,0.045923380982143
"295","leefield","20_40",0.01375,5.3625,1.50104635443921,0.215883238671701,0,33.8571428571429,10.7875,5.25,0,8.04936107568027e-06,1.60987221513605e-06,0.0160987221513605
"296","leefield","40_100",0.0375,14.625,1.59451747615447,0.19649269329816,0,52.0571428571429,8.46111111111111,11.4777777777778,0,2.33198180887591e-05,1.39918908532555e-05,0.139918908532555
"297","lenoir","0_10",0.31,120.9,1.41,0,2,14.0333333333333,52.6333333333333,33.3333333333333,0,0.000170469,1.70469e-05,0.170469
"298","lenoir","10_20",0.2,78,1.61,0.210069553241103,1,6,45.2,48.8,0,0.00012558,1.2558e-05,0.12558
"299","lenoir","20_40",0.265,103.35,1.47,0.215883238671701,1,16.5,48.55,34.95,0,0.0001519245,3.03849e-05,0.303849
"300","lenoir","40_100",0.335714285714286,130.928571428571,1.486,0.0702139587261679,5,7.74285714285714,46.4714285714286,45.7857142857143,0,0.000194559857142857,0.000116735914285714,1.16735914285714
"301","leon","0_10",0.07625,29.7375,1.05,0.29698484809835,2,50.95,8.12916666666667,1.325,0,3.1224375e-05,3.1224375e-06,0.031224375
"302","leon","10_20",0.0175,6.825,1.5096443452381,0.210069553241103,0,68.85,4.9125,0.6125,0,1.030332265625e-05,1.030332265625e-06,0.01030332265625
"303","leon","20_40",0.0075,2.925,1.47666666666667,0.21594752448994,3,64.9035714285714,3.72142857142857,1.00357142857143,0,4.31925000000001e-06,8.63850000000002e-07,0.00863850000000002
"304","leon","40_100",0.0226582278481013,8.83670886075949,1.45,0.321403173599764,3,64.0475,4.40740740740741,2.3,0,1.28132278481013e-05,7.68793670886076e-06,0.0768793670886076
"305","lexington","0_10",0.222,86.58,1.3509262485482,0.246635757280942,0,19.16,67.86,12.98,0,0.000116963194599303,1.16963194599303e-05,0.116963194599303
"306","lexington","10_20",0.35,136.5,1.5096443452381,0.210069553241103,0,6.45,65.45,28.1,0,0.000206066453125001,2.06066453125001e-05,0.206066453125001
"307","lexington","20_40",0.31,120.9,1.50104635443921,0.215883238671701,0,7.825,59.825,32.35,0,0.000181476504251701,3.62953008503401e-05,0.362953008503401
"308","lexington","40_100",0.229090909090909,89.3454545454545,1.59451747615447,0.19649269329816,0,24.5272727272727,52.9818181818182,22.4909090909091,0,0.000142462888687692,8.54777332126153e-05,0.854777332126153
"309","lily","0_10",0.497173913043478,193.897826086957,1.39333333333333,0.300222139978605,3,43.6695652173913,43.9326086956522,11.1130434782609,1.1304347826087,0.000267110273081285,2.67110273081285e-05,0.267110273081285
"310","lily","10_20",0.221666666666667,86.45,1.35833333333333,0.128127540625217,6,43.1093023255814,44.2767441860465,12.6186046511628,2.23255813953488,0.000114806270155039,1.14806270155039e-05,0.114806270155039
"311","lily","20_40",0.284166666666667,110.825,1.55875,0.122408858222878,8,41.4625,39.3395833333333,19.1958333333333,1.6875,0.000169833338339844,3.39666676679688e-05,0.339666676679688
"312","lily","40_100",0.276346153846154,107.775,1.65714285714286,0.112552795914326,14,51.4365384615385,28.2048076923077,20.3586538461538,1.27884615384615,0.000176314570467033,0.00010578874228022,1.0578874228022
"313","lloyd","0_10",0.295,115.05,1.415,0.558614357137373,2,58.725,20.675,20.6,7.25,0.000150993058125,1.50993058125e-05,0.150993058125
"314","lloyd","10_20",0.06,23.4,1.51,0.210069553241103,1,50.65,24.05,25.3,11,3.144726e-05,3.144726e-06,0.03144726
"315","lloyd","20_40",0.142857142857143,55.7142857142857,1.57,0.254558441227157,2,35.6,20.6571428571429,43.7428571428571,2.42857142857143,8.53471224489796e-05,1.70694244897959e-05,0.170694244897959
"316","lloyd","40_100",0.111,43.29,1.558,0.228516957795259,5,33.81,23.39,42.8,1.7,6.629924106e-05,3.9779544636e-05,0.39779544636
"317","louisburg","0_10",0.11,42.9,1.3509262485482,0.246635757280942,0,65.2,27.8,7,0,5.79547360627178e-05,5.79547360627178e-06,0.0579547360627178
"318","louisburg","10_20",0.1,39,1.5096443452381,0.210069553241103,0,46.7895312870223,30.4653139464118,15.1362533561418,2.95214027796427,5.71380235322643e-05,5.71380235322643e-06,0.0571380235322643
"319","louisburg","20_40",0.09,35.1,1.50104635443921,0.215883238671701,0,60.2,30.9,8.9,0,5.26867270408163e-05,1.05373454081633e-05,0.105373454081633
"320","louisburg","40_100",0.123333333333333,48.1,1.59451747615447,0.19649269329816,0,62.4,24.6333333333333,12.9666666666667,0,7.669629060303e-05,4.6017774361818e-05,0.46017774361818
"321","lucy","0_10",0.0842857142857143,32.8714285714286,1.3509262485482,0.246635757280942,0,71.9,7.88571428571429,4.21428571428571,1.85714285714286,4.35821765645666e-05,4.35821765645666e-06,0.0435821765645666
"322","lucy","10_20",0.125,48.75,1.58,0.210069553241103,1,73.3,5.65,5.45,0,7.7025e-05,7.7025e-06,0.077025
"323","lucy","20_40",0.0885714285714286,34.5428571428571,1.50104635443921,0.215883238671701,0,59.0428571428571,8.75714285714286,6.37142857142857,0.142857142857143,5.17763577436484e-05,1.03552715487297e-05,0.103552715487297
"324","lucy","40_100",0.0636363636363636,24.8181818181818,1.616,0.0512835256198323,5,61.7863636363636,7.00909090909091,13.7954545454545,0.0454545454545455,4.00879517355372e-05,2.40527710413223e-05,0.240527710413223
"325","lynchburg","0_10",0.114,44.46,1.33,0.29698484809835,2,52.36,27.4,10.38,0,5.91318e-05,5.91318e-06,0.0591318
"326","lynchburg","10_20",0.072,28.08,1.7,0.0565685424949239,2,74.02,21.9,7.8,0,4.7736e-05,4.7736e-06,0.047736
"327","lynchburg","20_40",0.033,12.87,1.71,0.0989949493661167,2,56.32,18.9,9.27,0,2.20077e-05,4.40154e-06,0.0440154
"328","lynchburg","40_100",0.0611764705882353,23.8588235294118,1.816,0.0931665175908169,5,61.5529411764706,16.3294117647059,17.8058823529412,0,4.33276235294118e-05,2.59965741176471e-05,0.259965741176471
"329","madison","0_10",0.366,142.74,1.35,0.306104557300279,3,59.84,19.96,20.2,4.4,0.000184220244,1.84220244e-05,0.184220244
"330","madison","10_20",0.18,70.2,1.765,0.0212132034355964,2,49.45,21.5666666666667,28.9833333333333,4.5,0.000118327365,1.18327365e-05,0.118327365
"331","madison","20_40",0.22,85.8,1.47666666666667,0.0929157324317756,3,37.65,18.1333333333333,44.2166666666667,0.833333333333333,0.000125642183333334,2.51284366666667e-05,0.251284366666667
"332","madison","40_100",0.18,70.2,1.46444444444444,0.07650344945019,9,41.00625,17.0875,41.90625,0.25,0.00010254699,6.15281939999998e-05,0.615281939999998
"333","malbis","0_10",0.0927777777777778,36.1833333333333,1.58666666666667,0.108750478926148,6,60.0388888888889,31.9444444444444,6.41666666666667,1,5.68367800000001e-05,5.68367800000001e-06,0.0568367800000001
"334","malbis","10_20",0.122,47.58,1.63857142857143,0.162729691147474,7,58.26875,33.7875,7.23125,1.5,7.67937801428572e-05,7.67937801428572e-06,0.0767937801428572
"335","malbis","20_40",0.099,38.61,1.67,0.0616441400296898,9,53.3095238095238,31.7619047619048,17.0047619047619,1.57142857142857,6.34654632857143e-05,1.26930926571429e-05,0.126930926571429
"336","malbis","40_100",0.0960869565217391,37.4739130434783,1.72321428571429,0.0730830867310459,28,45.630985915493,29.369014084507,24.5154929577465,1.74647887323944,6.34477833960285e-05,3.80686700376171e-05,0.380686700376171
"337","mantachie","0_10",0.2625,102.375,1.55,0.0294392028877595,4,44.425,31.2083333333333,24.375,0.583333333333333,0.000157755609375,1.57755609375e-05,0.157755609375
"338","mantachie","10_20",0.12625,49.2375,1.635,0.0777817459305201,2,43.1125,35.275,21.6125,1.5,7.92957628125e-05,7.92957628125e-06,0.0792957628125
"339","mantachie","20_40",0.0890909090909091,34.7454545454545,1.595,0.106160256216722,6,54.4727272727273,27.8909090909091,17.6363636363636,1.45454545454545,5.46129054545455e-05,1.09225810909091e-05,0.109225810909091
"340","mantachie","40_100",0.1375,53.625,1.61384615384615,0.12692113440627,13,56.19375,24.603125,19.203125,1.5,8.52443624999998e-05,5.11466174999999e-05,0.511466174999999
"341","mascotte","0_10",0.065,25.35,1.3509262485482,0.246635757280942,0,33.05,6,2.4,0,3.42459804006969e-05,3.42459804006969e-06,0.0342459804006969
"342","mascotte","10_20",0.01,3.9,1.5096443452381,0.210069553241103,0,63.6,4,2.7,0,5.88761294642859e-06,5.88761294642859e-07,0.00588761294642859
"343","mascotte","20_40",0,0,1.50104635443921,0.215883238671701,0,28.05,4.6,1.15,0,0,0,0
"344","mascotte","40_100",0.01,3.9,1.59451747615447,0.19649269329816,0,42.5555555555556,5.32,11.36,0,6.21861815700243e-06,3.73117089420146e-06,0.0373117089420146
"345","mattex","0_10",0.17,66.3,1.24,0.246635757280942,1,11.5,58,30.5,0,8.2212e-05,8.2212e-06,0.082212
"346","mattex","10_20",0.15,58.5,1.5096443452381,0.210069553241103,0,46.7895312870223,30.4653139464118,15.1362533561418,2.95214027796427,8.57070352983965e-05,8.57070352983965e-06,0.0857070352983965
"347","mattex","20_40",0.13,50.7,1.47,0.0565685424949239,2,23.3,46.25,30.45,0.5,7.4156355e-05,1.4831271e-05,0.14831271
"348","mattex","40_100",0.05,19.5,1.715,0.0212132034355964,2,46.3,37.35,16.35,2,3.277365e-05,1.966419e-05,0.1966419
"349","mclaurin","0_10",0.07,27.3,1.4,0.246635757280942,1,53.2,40.6,6.2,0,3.822e-05,3.822e-06,0.03822
"350","mclaurin","10_20",0.07,27.3,1.59,0.210069553241103,1,56.9,39,4.1,0,4.3407e-05,4.3407e-06,0.043407
"351","mclaurin","20_40",0.05,19.5,1.62,0.215883238671701,1,50.4,39.5,10.1,0,3.159e-05,6.318e-06,0.06318
"352","mclaurin","40_100",0.05,19.5,1.6,0.19649269329816,1,46.7,38.3,15,0,3.12e-05,1.872e-05,0.1872
"353","mecklenburg","0_10",0.333333333333333,130,1.61,0.0424264068711927,2,39.8333333333333,28.6,31.5666666666667,1.66666666666667,0.000205811666666667,2.05811666666667e-05,0.205811666666667
"354","mecklenburg","10_20",0.24,93.6,1.5096443452381,0.210069553241103,0,40.7,33.9,25.4,0,0.000141302710714286,1.41302710714286e-05,0.141302710714286
"355","mecklenburg","20_40",0.19,74.1,1.41,0.215883238671701,1,21.2,21.15,57.65,0,0.000104481,2.08962e-05,0.208962
"356","mecklenburg","40_100",0.101,39.39,1.346,0.146901327427631,5,25.36,33.84,40.8,0.1,5.296592106e-05,3.1779552636e-05,0.31779552636
"357","meggett","0_10",0.0433333333333333,16.9,1.37,0.113137084989848,2,69.0333333333333,21.7166666666667,8.13333333333333,0,2.3153e-05,2.3153e-06,0.023153
"358","meggett","10_20",0.02,7.8,1.515,0.0494974746830584,2,62.7,22.3666666666667,8.2,0,1.1817e-05,1.1817e-06,0.011817
"359","meggett","20_40",0.271666666666667,105.95,1.7,0.0565685424949239,2,48.25,18.65,20.8166666666667,0,0.000180115,3.6023e-05,0.36023
"360","meggett","40_100",0.185714285714286,72.4285714285714,1.75,0.0707106781186548,5,46.3285714285714,18.75,42.9642857142857,0.857142857142857,0.000125663571428571,7.53981428571429e-05,0.753981428571429
"361","moko","0_10",0.572946428571429,223.449107142857,1.29,0.246635757280942,1,29.2196428571429,44.3776785714286,26.4017857142857,0.267857142857143,0.000287477251745855,2.87477251745855e-05,0.287477251745855
"362","moko","10_20",0.445964912280702,173.926315789474,1.37,0.210069553241103,1,32.4105263157895,40.5157894736842,27.0754385964912,0.508771929824561,0.000237066755697138,2.37066755697138e-05,0.237066755697138
"363","moko","20_40",0.393,153.27,1.52,0.215883238671701,1,29.99,42.65,27.356,0.66,0.00023143279536,4.6286559072e-05,0.46286559072
"364","moko","40_100",0.185,72.15,1.47,0.19649269329816,1,46.1,33.075,20.825,0,0.0001060605,6.36363e-05,0.636363
"365","mollville","0_10",0.126666666666667,49.4,1.335,0.388908729652601,2,39.7333333333333,46.3,13.9666666666667,0,6.5949e-05,6.5949e-06,0.065949
"366","mollville","10_20",0.09,35.1,1.57,0.0282842712474619,2,61.9,28,10.1,0,5.5107e-05,5.5107e-06,0.055107
"367","mollville","20_40",0.0825,32.175,1.7125,0.199895806192459,4,46.525,37.225,16.25,0,5.50996875e-05,1.10199375e-05,0.110199375
"368","mollville","40_100",0.12,46.8,1.65777777777778,0.158727579344122,9,49.4555555555556,31.0111111111111,19.5333333333333,0.111111111111111,7.74977955555557e-05,4.64986773333334e-05,0.464986773333334
"369","nikwasi","0_10",0.17,66.3,0.96,0.246635757280942,1,70,17.5,12.5,0,6.3648e-05,6.3648e-06,0.063648
"370","nikwasi","10_20",0.095,37.05,1.5096443452381,0.210069553241103,0,46.7895312870223,30.4653139464118,15.1362533561418,2.95214027796427,5.42811223556511e-05,5.42811223556511e-06,0.0542811223556511
"371","nikwasi","20_40",0.02,7.8,1.24,0.215883238671701,1,80.1,13.6,6.3,5,9.1884e-06,1.83768e-06,0.0183768
"372","nikwasi","40_100",0.02,7.8,1.325,0.00707106781186548,2,92.6666666666667,4.66666666666667,2.66666666666667,34,6.8211e-06,4.09266e-06,0.0409266
"373","nixa","0_10",0.255714285714286,99.7285714285714,1.3509262485482,0.246635757280942,0,21.9785714285714,68.2535714285714,9.75714285714286,2.39285714285714,0.000131502145477894,1.31502145477894e-05,0.131502145477894
"374","nixa","10_20",0.14375,56.0625,1.5096443452381,0.210069553241103,0,19.2875,70.8875,9.8375,4.9375,8.0455610822231e-05,8.0455610822231e-06,0.080455610822231
"375","nixa","20_40",0.116774193548387,45.541935483871,1.50104635443921,0.215883238671701,0,22.6,66.0774193548387,11.3322580645161,2.41935483870968,6.67066718071984e-05,1.33413343614397e-05,0.133413343614397
"376","nixa","40_100",0.172298850574713,67.1965517241379,1.96,0.212132034355964,2,22.3758620689655,47.9954022988506,29.6310344827586,1.64367816091954,0.000129540431089972,7.77242586539834e-05,0.777242586539834
"377","noark","0_10",0.325581395348837,126.976744186047,1.3509262485482,0.246635757280942,0,17.9860465116279,71.5581395348837,10.4581395348837,0,0.00017153621667612,1.7153621667612e-05,0.17153621667612
"378","noark","10_20",0.159090909090909,62.0454545454545,1.5096443452381,0.210069553241103,0,16.5272727272727,73.5045454545455,9.95909090909091,0,9.3666569602273e-05,9.3666569602273e-06,0.093666569602273
"379","noark","20_40",0.18,70.2,1.50104635443921,0.215883238671701,0,14.056,67.232,18.718,0.74,0.000104593690521428,2.09187381042857e-05,0.209187381042857
"380","noark","40_100",0.221052631578947,86.2105263157895,1.44,0.19649269329816,1,13.0622807017544,38.480701754386,48.4605263157895,0.771929824561403,0.000123184859833795,7.3910915900277e-05,0.73910915900277
"381","norfolk","0_10",0.133076923076923,51.9,1.735,0.0443471156521669,4,76.7230769230769,13.1,4.5,0.153846153846154,8.9907966923077e-05,8.9907966923077e-06,0.089907966923077
"382","norfolk","10_20",0.174615384615385,68.1,1.72,0.0565685424949239,2,82.6230769230769,12.0153846153846,4.52307692307692,0,0.000117132,1.17132e-05,0.117132
"383","norfolk","20_40",0.145652173913043,56.804347826087,1.774,0.0622896460095898,5,68.3,13.5086956521739,10.9565217391304,0.260869565217391,0.000100508032400756,2.01016064801512e-05,0.201016064801512
"384","norfolk","40_100",0.100172413793103,39.0672413793103,1.70833333333333,0.0649207661873529,18,63.2137931034483,11.4120689655172,25.4137931034483,0.413793103448276,6.6463705707491e-05,3.98782234244946e-05,0.398782234244946
"385","ocilla","0_10",0.108181818181818,42.1909090909091,1.3509262485482,0.246635757280942,0,64.4272727272727,8.90909090909091,2.93636363636364,0,5.699680654102e-05,5.699680654102e-06,0.05699680654102
"386","ocilla","10_20",0.0733333333333333,28.6,1.5096443452381,0.210069553241103,0,52.4,6.6,3.4,0,4.31758282738097e-05,4.31758282738097e-06,0.0431758282738097
"387","ocilla","20_40",0.0383333333333333,14.95,1.50104635443921,0.215883238671701,0,55.2416666666667,8.175,3.31666666666667,0,2.24406429988662e-05,4.48812859977324e-06,0.0448812859977324
"388","ocilla","40_100",0.0894736842105263,34.8947368421053,1.59451747615447,0.19649269329816,0,51.8027777777778,9.11842105263158,12.9078947368421,0,5.56402677205481e-05,3.33841606323288e-05,0.333841606323288
"389","olustee","0_10",0.04,15.6,1.3509262485482,0.246635757280942,0,36.025,7.75,2.225,0,2.10744494773519e-05,2.10744494773519e-06,0.0210744494773519
"390","olustee","10_20",0.025,9.75,1.5096443452381,0.210069553241103,0,46.7895312870223,30.4653139464118,15.1362533561418,2.95214027796427,1.42845058830661e-05,1.42845058830661e-06,0.0142845058830661
"391","olustee","20_40",0.01,3.9,1.50104635443921,0.215883238671701,0,46.86,5.4,3.1,0,5.85408078231292e-06,1.17081615646258e-06,0.0117081615646258
"392","olustee","40_100",0.00909090909090909,3.54545454545455,1.59451747615447,0.19649269329816,0,52.8818181818182,5.21818181818182,9.81818181818182,0,5.65328923363858e-06,3.39197354018315e-06,0.0339197354018315
"393","orangeburg","0_10",0.188333333333333,73.45,1.76333333333333,0.185022521151706,3,69.8076923076923,13.1230769230769,7.66538461538462,0.192307692307692,0.0001292677625,1.292677625e-05,0.1292677625
"394","orangeburg","10_20",0.137222222222222,53.5166666666667,1.83,0.210069553241103,1,68.4473684210526,12.0947368421053,8.32631578947368,0.842105263157895,9.711078e-05,9.711078e-06,0.09711078
"395","orangeburg","20_40",0.130625,50.94375,1.73111111111111,0.0964940988408675,9,66.3588235294118,13.4114285714286,14.8342857142857,0.257142857142857,8.79625192023809e-05,1.75925038404762e-05,0.175925038404762
"396","orangeburg","40_100",0.146164383561644,57.0041095890411,1.683125,0.0878421880419653,16,56.6493670886076,10.6625,26.32125,0.575,9.53933579608305e-05,5.72360147764983e-05,0.572360147764983
"397","ouachita","0_10",0.1,39,1.3509262485482,0.246635757280942,0,48.2886660985049,31.5216808172776,14.2365984772959,2.55253239021966,5.13412933209551e-05,5.13412933209551e-06,0.0513412933209551
"398","ouachita","10_20",0.1,39,1.54,0.210069553241103,1,16.6,60.7,22.7,1,5.94594e-05,5.94594e-06,0.0594594
"399","ouachita","20_40",0.09,35.1,1.46,0.215883238671701,1,17.9,60,22.1,0,5.1246e-05,1.02492e-05,0.102492
"400","ouachita","40_100",0.06,23.4,1.56,0.19649269329816,1,20.9,58,21.1,0,3.6504e-05,2.19024e-05,0.219024
"401","pacolet","0_10",0.137142857142857,53.4857142857143,1.16,0.0888819441731559,3,60.1285714285714,19.9714285714286,19.9,10.2857142857143,5.56618187755102e-05,5.56618187755102e-06,0.0556618187755102
"402","pacolet","10_20",0.0875714285714286,34.1528571428571,1.5096443452381,0.210069553241103,0,46.7895312870223,30.4653139464118,15.1362533561418,2.95214027796427,5.00365834646829e-05,5.00365834646829e-06,0.0500365834646829
"403","pacolet","20_40",0.038,14.82,1.4325,0.177270979012358,4,50.52,20.96,28.52,12.6,1.85547141e-05,3.71094282e-06,0.0371094282
"404","pacolet","40_100",0.0407142857142857,15.8785714285714,1.60272727272727,0.269224475450911,11,45.7,15.4642857142857,38.8357142857143,7.14285714285714,2.36312323747681e-05,1.41787394248608e-05,0.141787394248608
"405","pamlico","0_10",0.555,216.45,1.3509262485482,0.246635757280942,0,48.2886660985049,31.5216808172776,14.2365984772959,2.55253239021966,0.000284944177931301,2.84944177931301e-05,0.284944177931301
"406","pamlico","10_20",0.555,216.45,1.5096443452381,0.210069553241103,0,9.15000000000001,34.9,26.45,0,0.000326762518526787,3.26762518526787e-05,0.326762518526787
"407","pamlico","20_40",0.125,48.75,1.50104635443921,0.215883238671701,0,68.45,28.95,2.6,0,7.31760097789115e-05,1.46352019557823e-05,0.146352019557823
"408","pamlico","40_100",0.0386666666666667,15.08,1.59451747615447,0.19649269329816,0,78.8066666666667,5.56666666666667,2.62666666666667,0,2.40453235404094e-05,1.44271941242456e-05,0.144271941242456
"409","pantego","0_10",0.11,42.9,1.3509262485482,0.246635757280942,0,48.2886660985049,31.5216808172776,14.2365984772959,2.55253239021966,5.64754226530506e-05,5.64754226530506e-06,0.0564754226530506
"410","pantego","10_20",0.11,42.9,1.5096443452381,0.210069553241103,0,38.4,26.9,19.7,0,6.47637424107145e-05,6.47637424107145e-06,0.0647637424107145
"411","pantego","20_40",0.085,33.15,1.50104635443921,0.215883238671701,0,26.65,31.65,16.45,0,4.97596866496598e-05,9.95193732993197e-06,0.0995193732993197
"412","pantego","40_100",0.0275,10.725,1.59451747615447,0.19649269329816,0,47.925,28.225,18.95,0,1.71011999317567e-05,1.0260719959054e-05,0.10260719959054
"413","pelham","0_10",0.0290909090909091,11.3454545454545,1.6,0.246635757280942,1,67.0181818181818,8.90909090909091,4.19090909090909,0.0909090909090909,1.81362247933884e-05,1.81362247933884e-06,0.0181362247933884
"414","pelham","10_20",0,0,1.5096443452381,0.210069553241103,0,31.2,7,2.2,0,0,0,0
"415","pelham","20_40",0.011,4.29,1.65,0.215883238671701,1,60.9,9.24,3.54,0,7.0785e-06,1.4157e-06,0.014157
"416","pelham","40_100",0.0293548387096774,11.4483870967742,1.8,0.0360555127546399,3,63.6935483870968,8.23870967741935,11.3387096774194,0.032258064516129,2.06004493236212e-05,1.23602695941727e-05,0.123602695941727
"417","plott","0_10",0.57,222.3,0.95,0.246635757280942,1,46.2,37.3,16.5,2,0.0002069613,2.069613e-05,0.2069613
"418","plott","10_20",0.36,140.4,1.5096443452381,0.210069553241103,0,46.7895312870223,30.4653139464118,15.1362533561418,2.95214027796427,0.000205696884716152,2.05696884716152e-05,0.205696884716152
"419","plott","20_40",0.15,58.5,0.96,0.215883238671701,1,46.9,40.7,12.4,8,5.16672e-05,1.033344e-05,0.1033344
"420","plott","40_100",0.0566666666666667,22.1,1.18666666666667,0.128970280814354,3,56.9666666666667,29.3666666666667,13.6666666666667,9.33333333333333,2.37776355555556e-05,1.42665813333334e-05,0.142665813333334
"421","plummer","0_10",0.052,20.28,1.3509262485482,0.246635757280942,0,40.34,7.56,4.52,0,2.73967843205575e-05,2.73967843205575e-06,0.0273967843205575
"422","plummer","10_20",0.0166666666666667,6.5,1.5096443452381,0.210069553241103,0,52.3666666666667,5.96666666666667,2.4,0,9.81268824404765e-06,9.81268824404765e-07,0.00981268824404765
"423","plummer","20_40",0.0125,4.875,1.50104635443921,0.215883238671701,0,66.675,7.35,3.225,0,7.31760097789115e-06,1.46352019557823e-06,0.0146352019557823
"424","plummer","40_100",0.00944444444444444,3.68333333333333,1.59451747615447,0.19649269329816,0,52.2722222222222,4.71111111111111,2.12222222222222,0,5.8731393705023e-06,3.52388362230138e-06,0.0352388362230138
"425","poarch","0_10",0.0633333333333333,24.7,1.3509262485482,0.246635757280942,0,51.3,25.2,4.66666666666667,0,3.33678783391405e-05,3.33678783391406e-06,0.0333678783391406
"426","poarch","10_20",0.05,19.5,1.5096443452381,0.210069553241103,0,46.7895312870223,30.4653139464118,15.1362533561418,2.95214027796427,2.85690117661322e-05,2.85690117661322e-06,0.0285690117661322
"427","poarch","20_40",0.0366666666666667,14.3,1.50104635443921,0.215883238671701,0,55.8333333333333,25.6333333333333,7.86666666666667,0.333333333333333,2.13934129922524e-05,4.27868259845049e-06,0.0427868259845049
"428","poarch","40_100",0.0355555555555556,13.8666666666667,1.59451747615447,0.19649269329816,0,70.2555555555556,20.4666666666667,14.6,0.222222222222222,2.2061507575262e-05,1.32369045451572e-05,0.132369045451572
"429","ponzer","0_10",0.43,167.7,0.8,0.246635757280942,1,59.5,13.6,46.6,0,0.00013416,1.3416e-05,0.13416
"430","ponzer","10_20",0.275,107.25,1.5096443452381,0.210069553241103,0,46.7895312870223,30.4653139464118,15.1362533561418,2.95214027796427,0.000157129564713727,1.57129564713727e-05,0.157129564713727
"431","ponzer","20_40",0.12,46.8,0.72,0.215883238671701,1,69.1666666666667,42.6333333333333,24.8666666666667,0,3.3696e-05,6.7392e-06,0.067392
"432","ponzer","40_100",0.111428571428571,43.4571428571429,1.15,0.240416305603426,2,33.3857142857143,49.9285714285714,13.7571428571429,0.142857142857143,4.99043204081633e-05,2.9942592244898e-05,0.29942592244898
"433","portia","0_10",0.416666666666667,162.5,1.3509262485482,0.246635757280942,0,34.0458333333333,55.7708333333333,10.1833333333333,0,0.000219525515389083,2.19525515389083e-05,0.219525515389083
"434","portia","10_20",0.2,78,1.5096443452381,0.210069553241103,0,38.0384615384615,51.0538461538462,10.9,0,0.000117752258928572,1.17752258928572e-05,0.117752258928572
"435","portia","20_40",0.493548387096774,192.483870967742,1.50104635443921,0.215883238671701,0,28.7516129032258,53.6387096774194,17.6129032258065,0,0.000288927212804476,5.77854425608953e-05,0.577854425608953
"436","portia","40_100",0.52169014084507,203.459154929577,1.59451747615447,0.19649269329816,0,27.6267605633803,37.1450704225352,35.230985915493,0,0.000324419178218831,0.000194651506931299,1.94651506931299
"437","pottsburg","0_10",0.02375,9.2625,1.3509262485482,0.246635757280942,0,47.425,4.175,1.7625,0,1.25129543771777e-05,1.25129543771777e-06,0.0125129543771777
"438","pottsburg","10_20",0.015,5.85,1.5096443452381,0.210069553241103,0,47.6,5,1.85,0,8.83141941964289e-06,8.83141941964289e-07,0.00883141941964289
"439","pottsburg","20_40",0.00375,1.4625,1.50104635443921,0.215883238671701,0,47.2,4.8375,1.6875,0,2.19528029336734e-06,4.39056058673469e-07,0.00439056058673469
"440","pottsburg","40_100",0.00222222222222222,0.866666666666667,1.59451747615447,0.19649269329816,0,44.3944444444444,4.37777777777778,1.92777777777778,0,1.38191514600054e-06,8.29149087600324e-07,0.00829149087600324
"441","providence","0_10",0.203333333333333,79.3,1.21333333333333,0.204287379280594,3,14.5,75.5,10,0,9.62173333333331e-05,9.62173333333331e-06,0.0962173333333331
"442","providence","10_20",0.1125,43.875,1.5275,0.0846069343099804,4,15.625,68.425,15.95,0,6.70190625e-05,6.70190625e-06,0.0670190625
"443","providence","20_40",0.116666666666667,45.5,1.56666666666667,0.0152752523165195,3,11.1666666666667,65.0333333333333,23.8,0,7.12833333333335e-05,1.42566666666667e-05,0.142566666666667
"444","providence","40_100",0.136428571428571,53.2071428571429,1.635,0.0988571053224161,12,19.2285714285714,57.4071428571429,23.3642857142857,0,8.69936785714286e-05,5.21962071428571e-05,0.521962071428571
"445","rains","0_10",0.260769230769231,101.7,1.35,0.06557438524302,3,58.4916666666667,25.2153846153846,10.2076923076923,0.153846153846154,0.000137083776923077,1.37083776923077e-05,0.137083776923077
"446","rains","10_20",0.052,20.28,1.465,0.0777817459305203,2,61.8,25.74,8.72,0,2.97102e-05,2.97102e-06,0.0297102
"447","rains","20_40",0.0406666666666667,15.86,1.5725,0.0602079728939614,4,69.58,20.0333333333333,12.1066666666667,0.133333333333333,2.49065968666667e-05,4.98131937333333e-06,0.0498131937333333
"448","rains","40_100",0.067,26.13,1.69714285714286,0.0446147530585589,7,61.1533333333333,19.1766666666667,23.5466666666667,0.133333333333333,4.42872144000001e-05,2.657232864e-05,0.2657232864
"449","reddies","0_10",0.3,117,0.91,0.197989898732233,2,64.475,31.025,8.05,0,0.00010647,1.0647e-05,0.10647
"450","reddies","10_20",0.17,66.3,1.34,0.210069553241103,1,68.2,21.8,10,3.33333333333333,8.58806e-05,8.58806e-06,0.0858806
"451","reddies","20_40",0.0375,14.625,1.24333333333333,0.280059517483933,3,69.95,23.375,6.675,0,1.818375e-05,3.63674999999999e-06,0.0363674999999999
"452","reddies","40_100",0.0527272727272727,20.5636363636364,1.23,0.13076696830622,3,80.3636363636364,13.2272727272727,6.40909090909091,46.2727272727273,1.35893856198347e-05,8.15363137190082e-06,0.0815363137190082
"453","rexor","0_10",0.21,81.9,1.3509262485482,0.246635757280942,0,48.2886660985049,31.5216808172776,14.2365984772959,2.55253239021966,0.000107816715974006,1.07816715974006e-05,0.107816715974006
"454","rexor","10_20",0.21,81.9,1.5096443452381,0.210069553241103,0,26.7,62.3,10.9,0,0.000123639871875,1.23639871875e-05,0.123639871875
"455","rexor","20_40",0.19,74.1,1.50104635443921,0.215883238671701,0,44.6474010593,29.3694540148412,19.535668248824,2.4242495503916,0.000108531101850095,2.17062203700189e-05,0.217062203700189
"456","rexor","40_100",0.17,66.3,1.59451747615447,0.19649269329816,0,27.35,54.45,20.2,0,0.000105716508669041,6.34299052014248e-05,0.634299052014248
"457","rosman","0_10",0.32,124.8,1.1,0.212132034355964,2,43.3,41.35,15.35,0,0.00013728,1.3728e-05,0.13728
"458","rosman","10_20",0.44,171.6,1.33,0.210069553241103,1,62.4,25.2,12.4,1,0.00022594572,2.2594572e-05,0.22594572
"459","rosman","20_40",0.24,93.6,1.24,0.127279220613579,2,43.7,41.7,14.6,0,0.000116064,2.32128e-05,0.232128
"460","rosman","40_100",0.0822222222222222,32.0666666666667,1.29,0.132233559604642,8,69.6222222222222,23.7555555555556,6.62222222222222,0,4.1366e-05,2.48196e-05,0.248196
"461","ruston","0_10",0.106,41.34,1.49,0.0367423461417477,5,65.26,29.2666666666667,5.47333333333333,0.0666666666666667,6.15555356e-05,6.15555356e-06,0.0615555356
"462","ruston","10_20",0.0877777777777778,34.2333333333333,1.7175,0.17423642940939,4,57.8,31.1888888888889,11.0111111111111,0,5.879575e-05,5.879575e-06,0.05879575
"463","ruston","20_40",0.0853333333333333,33.28,1.7025,0.0394757309410901,4,57.4733333333333,29.6933333333333,12.8333333333333,0.0666666666666667,5.66214272e-05,1.132428544e-05,0.1132428544
"464","ruston","40_100",0.123255813953488,48.0697674418605,1.75352941176471,0.0561183098986628,17,56.6116279069767,23.5860465116279,19.8023255813953,0.116279069767442,8.41937373620083e-05,5.0516242417205e-05,0.50516242417205
"465","rutlege","0_10",0.055,21.45,1.3509262485482,0.246635757280942,0,76.75,7,3.25,0,2.89773680313589e-05,2.89773680313589e-06,0.0289773680313589
"466","rutlege","10_20",0.03,11.7,1.5096443452381,0.210069553241103,0,44,11.6,2.6,0,1.76628388392858e-05,1.76628388392858e-06,0.0176628388392858
"467","rutlege","20_40",0.0133333333333333,5.2,1.50104635443921,0.215883238671701,0,58.3666666666667,5.83333333333333,2.96666666666667,0,7.80544104308389e-06,1.56108820861678e-06,0.0156108820861678
"468","rutlege","40_100",0.01,3.9,1.59451747615447,0.19649269329816,0,50.0444444444444,4.46666666666667,4.2,0,6.21861815700243e-06,3.73117089420146e-06,0.0373117089420146
"469","sacul","0_10",0.24,93.6,1.435,0.0919238815542511,2,50.0142857142857,41.5428571428571,30.3,1.28571428571429,0.00013258908,1.3258908e-05,0.13258908
"470","sacul","10_20",0.126666666666667,49.4,1.48,0.210069553241103,1,36.82,41.44,36.78,0,7.3112e-05,7.3112e-06,0.073112
"471","sacul","20_40",0.244,95.16,1.62666666666667,0.0513160143944688,3,37.5142857142857,42.0142857142857,31.9857142857143,1.42857142857143,0.000152582262857143,3.05164525714286e-05,0.305164525714286
"472","sacul","40_100",0.406363636363636,158.481818181818,1.64,0.0728010988928051,5,30.3095238095238,36.5,35.4904761904762,1.57142857142857,0.000255825878961039,0.000153495527376623,1.53495527376623
"473","saffell","0_10",0.24625,96.0375,1.3509262485482,0.246635757280942,0,32.65,55.9875,11.3625,6.25,0.000121630855870264,1.21630855870264e-05,0.121630855870264
"474","saffell","10_20",0.075,29.25,1.38,0.210069553241103,1,18,65.775,16.225,11.75,3.56221125e-05,3.56221125e-06,0.0356221125
"475","saffell","20_40",0.1,39,1.36,0.215883238671701,1,32.9285714285714,50.7714285714286,16.3,15.2857142857143,4.49324571428571e-05,8.98649142857143e-06,0.0898649142857143
"476","saffell","40_100",0.140714285714286,54.8785714285714,1.21,0.19649269329816,1,47.7714285714286,31.6142857142857,20.6142857142857,19.2857142857143,5.35967647959184e-05,3.2158058877551e-05,0.32158058877551
"477","sapelo","0_10",0.0585714285714286,22.8428571428571,1.3509262485482,0.246635757280942,0,53.2846153846154,7.10714285714286,1.12857142857143,0,3.08590153061225e-05,3.08590153061225e-06,0.0308590153061225
"478","sapelo","10_20",0.0533333333333333,20.8,1.52,0.210069553241103,1,79.46,6.76666666666667,1.01666666666667,0,3.1616e-05,3.1616e-06,0.031616
"479","sapelo","20_40",0.0075,2.925,1.50104635443921,0.215883238671701,0,55.26,6.45,1.435,0,4.39056058673469e-06,8.78112117346938e-07,0.00878112117346938
"480","sapelo","40_100",0.0235483870967742,9.18387096774194,1.61,0.0692820323027551,6,56.3903225806452,5.73548387096774,4.24354838709677,0,1.47860322580645e-05,8.87161935483871e-06,0.0887161935483871
"481","saucier","0_10",0.085,33.15,1.42,0.127279220613579,2,40.75,29.55,12.525,2.5,4.5896175e-05,4.5896175e-06,0.045896175
"482","saucier","10_20",0.05,19.5,1.59,0.210069553241103,1,44.3,39.5,16.2,1,3.069495e-05,3.069495e-06,0.03069495
"483","saucier","20_40",0.0125,4.875,1.67,0.014142135623731,2,53.65,25.925,14.175,1,8.0598375e-06,1.6119675e-06,0.016119675
"484","saucier","40_100",0.051,19.89,1.685,0.0404145188432738,4,45.32,27.27,27.61,0.5,3.334707675e-05,2.000824605e-05,0.2000824605
"485","saunook","0_10",1.41,549.9,1.3,0.246635757280942,1,43.1,32.2,24.7,16,0.0006004908,6.004908e-05,0.6004908
"486","saunook","10_20",0.643333333333333,250.9,1.29,0.175214154679352,3,40.8666666666667,37.9,21.2333333333333,7.66666666666667,0.00029884699,2.9884699e-05,0.29884699
"487","saunook","20_40",0.613333333333333,239.2,1.43,0.229128784747792,3,43.4333333333333,34.8,21.7666666666667,10.6666666666667,0.000305570026666667,6.11140053333333e-05,0.611140053333333
"488","saunook","40_100",0.4725,184.275,1.26,0.208885933785244,7,44.8,33.8375,21.3625,29.875,0.000162820783125,9.7692469875e-05,0.97692469875
"489","sharkey","0_10",1.17133333333333,456.82,1.54,0.346121365997536,7,5.41904761904762,31.7333333333333,62.847619047619,0.19047619047619,0.000702162794666667,7.02162794666667e-05,0.702162794666667
"490","sharkey","10_20",1.12952380952381,440.514285714286,1.852,0.055703295619354,15,1.27272727272727,32.0136363636364,66.7136363636364,0.0454545454545455,0.000815461624207792,8.15461624207792e-05,0.815461624207792
"491","sharkey","20_40",0.901,351.39,1.80785714285714,0.0867515082048962,14,3.63076923076923,31.5384615384615,64.8307692307692,0,0.00063526292142857,0.000127052584285714,1.27052584285714
"492","sharkey","40_100",0.906666666666667,353.6,1.81230769230769,0.104280686315643,26,3.2125,30.6825,66.105,0.0125,0.000640751895999999,0.000384451137599999,3.84451137599999
"493","smithdale","0_10",0.1175,45.825,1.57,0.0264575131106459,3,74.7,19.7083333333333,5.59166666666667,2.5,7.014661875e-05,7.014661875e-06,0.07014661875
"494","smithdale","10_20",0.042,16.38,1.5096443452381,0.210069553241103,0,74.72,19.94,5.34,4.2,2.36893994512501e-05,2.36893994512501e-06,0.0236893994512501
"495","smithdale","20_40",0.06,23.4,1.5575,0.0903234926989282,4,68.1714285714286,20.7285714285714,11.1,3.42857142857143,3.519594e-05,7.039188e-06,0.07039188
"496","smithdale","40_100",0.0948,36.972,1.7,0.05,5,62.636,16.14,21.224,1.04,6.219873504e-05,3.7319241024e-05,0.37319241024
"497","smithton","0_10",0.02,7.8,1.3509262485482,0.246635757280942,0,48.6,45.5,5.9,0,1.0537224738676e-05,1.0537224738676e-06,0.010537224738676
"498","smithton","10_20",0.02,7.8,1.5096443452381,0.210069553241103,0,46.7895312870223,30.4653139464118,15.1362533561418,2.95214027796427,1.14276047064529e-05,1.14276047064529e-06,0.0114276047064529
"499","smithton","20_40",0.02,7.8,1.50104635443921,0.215883238671701,0,51.7,41.6,6.7,0,1.17081615646258e-05,2.34163231292517e-06,0.0234163231292517
"500","smithton","40_100",0.04,15.6,1.59451747615447,0.19649269329816,0,51.8,40.05,8.15,0,2.48744726280097e-05,1.49246835768058e-05,0.149246835768058
"501","susquehanna","0_10",0.146666666666667,57.2,1.36,0.226274169979695,2,59.6333333333333,36.2666666666667,4.1,0.333333333333333,7.75326933333333e-05,7.75326933333333e-06,0.0775326933333333
"502","susquehanna","10_20",0.18,70.2,1.475,0.162634559672906,2,29.7,44.95,25.35,0.5,0.000103027275,1.03027275e-05,0.103027275
"503","susquehanna","20_40",0.425,165.75,1.77,0.0761577310586392,4,30.8,19.95,49.25,0,0.0002933775,5.86755e-05,0.586755
"504","susquehanna","40_100",0.514285714285714,200.571428571429,1.88333333333333,0.0553774924194538,6,32.9857142857143,18.0571428571429,48.9571428571429,0,0.000377742857142856,0.000226645714285714,2.26645714285714
"505","tate","0_10",0.556666666666667,217.1,1.55,0.246635757280942,1,72.6666666666667,37,14.3,10.3333333333333,0.000301732816666667,3.01732816666667e-05,0.301732816666667
"506","tate","10_20",0.14,54.6,1.345,0.205060966544099,2,57.8,24.25,17.95,12,6.462456e-05,6.462456e-06,0.06462456
"507","tate","20_40",0.03,11.7,1.505,0.0919238815542513,2,51.95,24.5,23.55,9,1.6023735e-05,3.204747e-06,0.03204747
"508","tate","40_100",0.13,50.7,1.526,0.0998999499499374,5,58.04,21.62,20.34,16,6.4989288e-05,3.89935728e-05,0.389935728
"509","tippah","0_10",0.13,50.7,1.29,0.246635757280942,1,9.8,81.3,8.9,0,6.5403e-05,6.5403e-06,0.065403
"510","tippah","10_20",0.11,42.9,1.5096443452381,0.210069553241103,0,46.7895312870223,30.4653139464118,15.1362533561418,2.95214027796427,6.28518258854908e-05,6.28518258854908e-06,0.0628518258854908
"511","tippah","20_40",0.09,35.1,1.505,0.0919238815542513,2,6.15,70.15,23.7,0,5.28255e-05,1.05651e-05,0.105651
"512","tippah","40_100",0.26,101.4,1.76333333333333,0.187171935218219,3,4.7,58.4333333333333,36.8666666666667,0,0.000178802,0.0001072812,1.072812
"513","toccoa","0_10",0.26,101.4,1.32,0.246635757280942,1,38.65,37.15,24.2,1,0.00013250952,1.3250952e-05,0.13250952
"514","toccoa","10_20",0.1075,41.925,1.45,0.210069553241103,1,62.25,23.925,13.825,0.25,6.0639271875e-05,6.0639271875e-06,0.060639271875
"515","toccoa","20_40",0.1,39,1.66,0.215883238671701,1,65.5333333333333,23.9333333333333,10.5333333333333,0,6.474e-05,1.2948e-05,0.12948
"516","toccoa","40_100",0.061,23.79,1.7,0.0360555127546399,3,69.48,19.92,10.6,1.1,3.9998127e-05,2.39988762e-05,0.239988762
"517","toinette","0_10",0.23,89.7,1.3509262485482,0.246635757280942,0,80.1,15.4,4.5,0,0.000121178084494774,1.21178084494774e-05,0.121178084494774
"518","toinette","10_20",0.145,56.55,1.5096443452381,0.210069553241103,0,46.7895312870223,30.4653139464118,15.1362533561418,2.95214027796427,8.28501341217833e-05,8.28501341217833e-06,0.0828501341217833
"519","toinette","20_40",0.06,23.4,1.50104635443921,0.215883238671701,0,84.3,11.8,3.9,0,3.51244846938775e-05,7.0248969387755e-06,0.070248969387755
"520","toinette","40_100",0.11,42.9,1.59451747615447,0.19649269329816,0,78.7666666666667,5.53333333333333,15.7,0,6.84047997270268e-05,4.10428798362161e-05,0.410428798362161
"521","townley","0_10",0.49,191.1,1.3509262485482,0.246635757280942,0,21,52.5,26.5,0,0.000258162006097561,2.58162006097561e-05,0.258162006097561
"522","townley","10_20",0.36,140.4,1.5096443452381,0.210069553241103,0,46.7895312870223,30.4653139464118,15.1362533561418,2.95214027796427,0.000205696884716152,2.05696884716152e-05,0.205696884716152
"523","townley","20_40",0.23,89.7,1.50104635443921,0.215883238671701,0,9,39.9,51.1,0,0.000134643857993197,2.69287715986394e-05,0.269287715986394
"524","townley","40_100",0.23,89.7,1.59451747615447,0.19649269329816,0,6.83333333333333,44.4666666666667,48.7,0,0.000143028217611056,8.58169305666336e-05,0.858169305666336
"525","toxaway","0_10",0.01,3.9,1.06,0.246635757280942,1,7,58.8,34.2,0,4.134e-06,4.134e-07,0.004134
"526","toxaway","10_20",0.01,3.9,1.5096443452381,0.210069553241103,0,46.7895312870223,30.4653139464118,15.1362533561418,2.95214027796427,5.71380235322643e-06,5.71380235322643e-07,0.00571380235322643
"527","toxaway","20_40",0.01,3.9,1.07,0.0282842712474619,2,7.25,59.3,33.45,0,4.173e-06,8.346e-07,0.008346
"528","toxaway","40_100",0.01,3.9,1.23666666666667,0.0288675134594813,3,9.83333333333333,62.0333333333333,28.1333333333333,0,4.82300000000001e-06,2.89380000000001e-06,0.0289380000000001
"529","trimont","0_10",0.32,124.8,0.95,0.246635757280942,1,50.6,28,21.4,2,0.0001161888,1.161888e-05,0.1161888
"530","trimont","10_20",0.375,146.25,1.12,0.183847763108502,2,45.2,28.15,26.65,5.5,0.000154791,1.54791e-05,0.154791
"531","trimont","20_40",0.345,134.55,1.37,0.0282842712474618,2,45.75,20.8,33.45,4.5,0.0001760384925,3.52076985e-05,0.352076985
"532","trimont","40_100",0.628333333333333,245.05,1.42833333333333,0.170577450639487,6,63.4833333333333,15.5333333333333,20.9833333333333,5,0.000332512429166666,0.0001995074575,1.995074575
"533","troup","0_10",0.0788888888888889,30.7666666666667,1.58,0.0989949493661166,2,76.3785714285714,7.36428571428571,3.5,0,4.86113333333333e-05,4.86113333333333e-06,0.0486113333333333
"534","troup","10_20",0.0371428571428571,14.4857142857143,1.71,0.210069553241103,1,87.6285714285714,8.52857142857143,3.84285714285714,0,2.47705714285714e-05,2.47705714285714e-06,0.0247705714285714
"535","troup","20_40",0.0421052631578947,16.4210526315789,1.5,0.215883238671701,1,73.025,8.425,3.965,0.05,2.46192631578947e-05,4.92385263157895e-06,0.0492385263157895
"536","troup","40_100",0.0251923076923077,9.825,1.87,0.459238500128201,3,74.2660377358491,7.7622641509434,5.13396226415094,0.188679245283019,1.83380844339623e-05,1.10028506603774e-05,0.110028506603774
"537","tuckasegee","0_10",0.27,105.3,1.3509262485482,0.246635757280942,0,48.2886660985049,31.5216808172776,14.2365984772959,2.55253239021966,0.000138621491966579,1.38621491966579e-05,0.138621491966579
"538","tuckasegee","10_20",0.27,105.3,1.11,0.210069553241103,1,56.4,28.1,15.5,16,9.818172e-05,9.818172e-06,0.09818172
"539","tuckasegee","20_40",0.07,27.3,0.97,0.215883238671701,1,58.5,31.1,10.4,16,2.224404e-05,4.448808e-06,0.04448808
"540","tuckasegee","40_100",0.0733333333333333,28.6,1.17,0.09,3,57.5333333333333,22.2333333333333,20.2333333333333,28.6666666666667,2.386956e-05,1.4321736e-05,0.14321736
"541","tusquitee","0_10",1.195,466.05,0.57,0.246635757280942,1,35.45,36.95,37.5,1,0.000262992015,2.62992015e-05,0.262992015
"542","tusquitee","10_20",0.15,58.5,1.2,0.210069553241103,1,52.6,28.7,18.7,10,6.318e-05,6.318e-06,0.06318
"543","tusquitee","20_40",0.1,39,1.14,0.215883238671701,1,57.7,24.2,18.1,2,4.35708e-05,8.71416e-06,0.0871416
"544","tusquitee","40_100",0.085,33.15,1.3,0.15556349186104,2,64.2,20.15,15.65,19,3.490695e-05,2.094417e-05,0.2094417
"545","udorthents","0_10",0.31,120.9,1.3509262485482,0.246635757280942,0,32.2,45.2,22.6,0,0.000163326983449477,1.63326983449477e-05,0.163326983449477
"546","udorthents","10_20",0.31,120.9,1.5096443452381,0.210069553241103,0,46.7895312870223,30.4653139464118,15.1362533561418,2.95214027796427,0.000177127872950019,1.77127872950019e-05,0.177127872950019
"547","udorthents","20_40",0.31,120.9,1.50104635443921,0.215883238671701,0,22.3,44.8,32.9,0,0.000181476504251701,3.62953008503401e-05,0.362953008503401
"548","udorthents","40_100",0.43,167.7,1.59451747615447,0.19649269329816,0,43.6,32.7,23.7,0,0.000267400580751105,0.000160440348450663,1.60440348450663
"549","unaka","0_10",0.35,136.5,1.3509262485482,0.246635757280942,0,40.3,35.5,24.2,10,0.000165961289634146,1.65961289634146e-05,0.165961289634146
"550","unaka","10_20",0.1,39,1.5096443452381,0.210069553241103,0,40.2,39.3,20.5,10,5.29885165178573e-05,5.29885165178573e-06,0.0529885165178573
"551","unaka","20_40",0.05,19.5,1.50104635443921,0.215883238671701,0,45.7,36,18.3,8,2.69287715986394e-05,5.38575431972789e-06,0.0538575431972789
"552","unaka","40_100",0.01,3.9,1.59451747615447,0.19649269329816,0,58.9,28.85,12.25,10,5.59675634130219e-06,3.35805380478131e-06,0.0335805380478131
"553","urban land","0_10",0.966,376.74,1.3509262485482,0.246635757280942,0,43.63,36.81,19.56,16.9,0.000422935750503659,4.22935750503659e-05,0.422935750503659
"554","urban land","10_20",0.914,356.46,1.5096443452381,0.210069553241103,0,46.7895312870223,30.4653139464118,15.1362533561418,2.95214027796427,0.000522241535084896,5.22241535084896e-05,0.522241535084896
"555","urban land","20_40",0.862,336.18,1.50104635443921,0.215883238671701,0,39.07,39.12,21.81,13.7,0.000435488581844728,8.70977163689455e-05,0.870977163689455
"556","urban land","40_100",0.862,336.18,1.59451747615447,0.19649269329816,0,47.1527031434407,24.7802985973975,23.2730709428291,3.29052854268621,0.000518406175186679,0.000311043705112007,3.11043705112007
"557","vance","0_10",1.26,491.4,1.3509262485482,0.246635757280942,0,24,51.7,24.3,0,0.000663845158536586,6.63845158536586e-05,0.663845158536586
"558","vance","10_20",0.63,245.7,1.5096443452381,0.210069553241103,0,26,56.5,17.5,0,0.000370919615625001,3.70919615625001e-05,0.370919615625001
"559","vance","20_40",0.3,117,1.50104635443921,0.215883238671701,0,27.3,55.8,16.9,0,0.000175622423469388,3.51244846938775e-05,0.351244846938775
"560","vance","40_100",0.34,132.6,1.59451747615447,0.19649269329816,0,35.84,44.48,26.56,0,0.000211433017338083,0.00012685981040285,1.2685981040285
"561","wadley","0_10",0.0888888888888889,34.6666666666667,1.3509262485482,0.246635757280942,0,62.5111111111111,10.0888888888889,3.22222222222222,0.555555555555556,4.65719315610617e-05,4.65719315610617e-06,0.0465719315610617
"562","wadley","10_20",0.04,15.6,1.5096443452381,0.210069553241103,0,46.3,6.5,1.9,0,2.35504517857144e-05,2.35504517857144e-06,0.0235504517857144
"563","wadley","20_40",0.02875,11.2125,1.50104635443921,0.215883238671701,0,76.625,10.5,3.5625,0.875,1.66832155294696e-05,3.33664310589392e-06,0.0333664310589392
"564","wadley","40_100",0.0361111111111111,14.0833333333333,1.59451747615447,0.19649269329816,0,61.5944444444444,8.85,5.42222222222222,0.5,2.23438405168962e-05,1.34063043101377e-05,0.134063043101377
"565","wagram","0_10",0.07,27.3,1.3509262485482,0.246635757280942,0,68.1333333333333,9.76666666666667,4.1,1,3.65114837195122e-05,3.65114837195122e-06,0.0365114837195122
"566","wagram","10_20",0.0333333333333333,13,1.57,0.169705627484771,2,61.4333333333333,10.3,3.1,0,2.041e-05,2.041e-06,0.02041
"567","wagram","20_40",0.025,9.75,1.63,0.215883238671701,1,67.925,10.225,5.075,1.75,1.561438125e-05,3.12287625e-06,0.0312287625
"568","wagram","40_100",0.0541666666666667,21.125,1.6775,0.105633012516605,4,77.99,9.575,12.2,1.58333333333333,3.48760986979167e-05,2.092565921875e-05,0.2092565921875
"569","wahee","0_10",0.33,128.7,1.3509262485482,0.246635757280942,0,61.8,27.4666666666667,10.6,0,0.000173864208188153,1.73864208188153e-05,0.173864208188153
"570","wahee","10_20",0.19875,77.5125,1.5096443452381,0.210069553241103,0,46.7895312870223,30.4653139464118,15.1362533561418,2.95214027796427,0.000113561821770375,1.13561821770375e-05,0.113561821770375
"571","wahee","20_40",0.0675,26.325,1.50104635443921,0.215883238671701,0,47.675,33.275,19,0.25,3.94162576674107e-05,7.88325153348214e-06,0.0788325153348214
"572","wahee","40_100",0.066,25.74,1.59451747615447,0.19649269329816,0,28.73,20.03,51.17,0.4,4.08787083168712e-05,2.45272249901227e-05,0.245272249901227
"573","wehadkee","0_10",0.185,72.15,1.3509262485482,0.246635757280942,0,45.95,34.4,19.65,0,9.74693288327526e-05,9.74693288327527e-06,0.0974693288327527
"574","wehadkee","10_20",0.28,109.2,1.5096443452381,0.210069553241103,0,16.3,35.3,48.4,0,0.000164853162500001,1.64853162500001e-05,0.164853162500001
"575","wehadkee","20_40",0.25,97.5,1.50104635443921,0.215883238671701,0,22.75,41.4,35.85,0,0.000146352019557823,2.92704039115646e-05,0.292704039115646
"576","wehadkee","40_100",0.07,27.3,1.59451747615447,0.19649269329816,0,38.8666666666667,32.1333333333333,29,0,4.3530327099017e-05,2.61181962594102e-05,0.261181962594102
"577","whiteside","0_10",0.12,46.8,1.3509262485482,0.246635757280942,0,48.2886660985049,31.5216808172776,14.2365984772959,2.55253239021966,6.16095519851461e-05,6.16095519851461e-06,0.0616095519851461
"578","whiteside","10_20",0.12,46.8,1.5096443452381,0.210069553241103,0,46.7895312870223,30.4653139464118,15.1362533561418,2.95214027796427,6.85656282387172e-05,6.85656282387172e-06,0.0685656282387172
"579","whiteside","20_40",0.12,46.8,1.21,0.215883238671701,1,47,26.9,26.1,0,5.6628e-05,1.13256e-05,0.113256
"580","whiteside","40_100",0.0733333333333333,28.6,1.30666666666667,0.0550757054728611,3,54.5,24.0666666666667,21.4333333333333,0.333333333333333,3.72460977777779e-05,2.23476586666667e-05,0.223476586666667
"581","wickham","0_10",0.43125,168.1875,1.41,0.246635757280942,1,56.8578947368421,36.7315789473684,20.335,0,0.000237144375,2.37144375e-05,0.237144375
"582","wickham","10_20",0.25,97.5,1.5096443452381,0.210069553241103,0,65.4666666666667,36.62,23.2333333333333,0.0666666666666667,0.000147092196778274,1.47092196778274e-05,0.147092196778274
"583","wickham","20_40",0.272222222222222,106.166666666667,1.71,0.215883238671701,1,53.3888888888889,26.2555555555556,20.3555555555556,0.111111111111111,0.000181343283333333,3.62686566666667e-05,0.362686566666667
"584","wickham","40_100",0.166315789473684,64.8631578947368,1.69,0.19649269329816,1,52.3052631578947,24.1552631578947,23.5394736842105,0.157894736842105,0.000109445654626039,6.56673927756233e-05,0.656673927756233
"585","wilkes","0_10",0.06,23.4,1.3509262485482,0.246635757280942,0,70.8,23.9,5.3,0,3.16116742160279e-05,3.16116742160279e-06,0.0316116742160279
"586","wilkes","10_20",0.02,7.8,1.5096443452381,0.210069553241103,0,72.4,23.4,4.2,0,1.17752258928572e-05,1.17752258928572e-06,0.0117752258928572
"587","wilkes","20_40",0.05,19.5,1.50104635443921,0.215883238671701,0,48.7,22.9,28.4,0,2.92704039115646e-05,5.85408078231292e-06,0.0585408078231292
"588","wilkes","40_100",0.09,35.1,1.59451747615447,0.19649269329816,0,81.2,9.9,8.9,5,5.31691852423708e-05,3.19015111454225e-05,0.319015111454225
"589","woden","0_10",0.225,87.75,1.3509262485482,0.246635757280942,0,73.35,23.625,3.025,0,0.000118543778310105,1.18543778310105e-05,0.118543778310105
"590","woden","10_20",0.15,58.5,1.5096443452381,0.210069553241103,0,67.55,28.2,4.25,0,8.83141941964289e-05,8.83141941964289e-06,0.0883141941964289
"591","woden","20_40",0.225,87.75,1.50104635443921,0.215883238671701,0,65.1,28.75,6.15,0,0.000131716817602041,2.63433635204081e-05,0.263433635204081
"592","woden","40_100",0.275,107.25,1.59451747615447,0.19649269329816,0,59.85,25.3125,14.8375,0,0.000171011999317567,0.00010260719959054,1.0260719959054
"593","wrightsville","0_10",0.403333333333333,157.3,1.42666666666667,0.11060440015358,3,18.3555555555556,59.0555555555556,22.5888888888889,1.44444444444444,0.000221173121481482,2.21173121481482e-05,0.221173121481482
"594","wrightsville","10_20",0.202857142857143,79.1142857142857,1.67,0.210069553241103,1,15.5428571428571,58,26.4571428571429,0.142857142857143,0.000131932113061225,1.31932113061225e-05,0.131932113061225
"595","wrightsville","20_40",0.272222222222222,106.166666666667,1.598,0.0807465169527454,5,17.7111111111111,56.0666666666667,26.2222222222222,0.222222222222222,0.000169277323703704,3.38554647407407e-05,0.338554647407407
"596","wrightsville","40_100",0.439259259259259,171.311111111111,1.78454545454545,0.0951171526448975,11,11.9222222222222,45.3555555555556,42.7222222222222,0,0.000305712464646464,0.000183427478787878,1.83427478787878
