"soil_name","horizon","total_ca_horizon","total_k_horizon","total_mg_horizon","total_p_horizon","total_n_horizon","total.org.c","total_c_soil","base_sat","ph.cacl","ph.h2o","bulk_density","bulk_density_sd","sand","silt","clay","frag"
"acadia","0_10",0.0024147,0.000107,1e-07,NA,8e-07,NA,NA,19,3.9,4.5,1.4,0.246635757280942,58.5,36.4,5.1,2
"acadia","10_20",0.003106,0.0002571,1e-07,NA,6e-07,NA,NA,23.5,4,4.65,1.5096443452381,0.210069553241103,46.7895312870223,30.4653139464118,15.1362533561418,2.95214027796427
"acadia","20_40",0.0078745,0.0008668,4e-07,NA,7e-07,NA,NA,28,4.1,4.8,1.62,0.215883238671701,40.9,37.5,21.6,2
"acadia","40_100",0.0402242,0.0068025,4.1e-06,NA,2.5e-06,NA,NA,39.3333333333333,4.13333333333333,5.1,1.81,0.05,35.8333333333333,33.0333333333333,31.1333333333333,1.66666666666667
"albany","0_10",0.0126081,0.0012497,2e-07,4.02976,9e-07,1.788,18.4188616111111,41.5,4.5,4.95,1.6,0.246635757280942,46.4333333333333,7.40555555555556,2.86666666666667,0.0555555555555556
"albany","10_20",0.0017814,0.000286,0,3.5552124,6e-07,NA,10.4945,40,4.84285714285714,5.4,1.5096443452381,0.210069553241103,45.6285714285714,5.97142857142857,2.24285714285714,0
"albany","20_40",0.0006606,0.0029761,1e-07,7.3980877,5e-07,0.6418,9.37398933333333,38.5,4.87222222222222,5.38333333333333,1.69,0.014142135623731,57.1647058823529,7.74444444444444,2.60555555555556,0.0555555555555556
"albany","40_100",0.0017783,0.0091022,2e-07,7.7668005,6e-07,0.2546,4.34421886792453,42.6,4.93207547169811,5.4811320754717,1.74666666666667,0.0956382071489562,53.5452830188679,6.73962264150943,2.40754716981132,0.0754716981132075
"allanton","0_10",0.0002432,0.0003161,0,NA,NA,NA,NA,NA,4,4.1,1.3509262485482,0.246635757280942,21.2,6.2,7.8,0
"allanton","10_20",9.06e-05,0.0001178,0,NA,NA,NA,NA,NA,4.3,4.6,1.5096443452381,0.210069553241103,95.2,6.5,2,0
"allanton","20_40",0.0001201,0.0001171,0,NA,NA,NA,NA,NA,4.5,4.55,1.50104635443921,0.215883238671701,17.25,8.15,3.05,0
"allanton","40_100",0.0004592,NA,0,NA,NA,NA,NA,NA,4.72,4.8,1.59451747615447,0.19649269329816,68.1,7,2.68,0
"angelina","0_10",1.28826,0.05202,6.06e-05,NA,2.1e-06,NA,21.0097,71,4,4.4,1.53,0.246635757280942,30.2,40.5,29.3,0
"angelina","10_20",1.3749753,0.0586031,7.08e-05,NA,2.1e-06,NA,16.7662793891581,73,4.05,4.55,1.5096443452381,0.210069553241103,46.7895312870223,30.4653139464118,15.1362533561418,2.95214027796427
"angelina","20_40",3.7467,0.16652,0.0002067,NA,5.2e-06,NA,25.8882,75,4.1,4.7,1.81,0.215883238671701,16.6,42.1,41.3,0
"angelina","40_100",5.71098,0.1764533,0.0003329,NA,7.8e-06,NA,37.3452,69,3.93333333333333,4.7,1.69666666666667,0.0550757054728611,52.5333333333333,22.9666666666667,24.5,0
"appling","0_10",0.0005966,0.0002192,0,NA,1.5e-06,3.1255,18.68928,13,4.05,4.3,1.3509262485482,0.246635757280942,65.0666666666667,21.1333333333333,12.6,4
"appling","10_20",0.0043629,0.0006329,1e-07,NA,8e-07,0.317,6.8992,14.3333333333333,4.5,5.15,1.5096443452381,0.210069553241103,31.175,38.425,15.125,0
"appling","20_40",0.0003002,0.002927,2e-07,NA,1.3e-06,NA,3.3115,15.6666666666667,4.36666666666667,4.3,1.50104635443921,0.215883238671701,36.8,20.6,42.6,0
"appling","40_100",0.0017376,0.0036053,3e-07,NA,2.5e-06,0.1784,0.461753636363636,17,4.23333333333333,4.89090909090909,1.31,0.19649269329816,42.0181818181818,25.5,32.9090909090909,2.72727272727273
"arkana","0_10",0.5702429,0.0203416,2.21e-05,21.61482,NA,NA,NA,70.5,5.29333333333333,5.775,1.3509262485482,0.246635757280942,26.26875,54.1375,19.6,0
"arkana","10_20",1.0891868,0.0390718,4.44e-05,24.1543095,NA,NA,NA,68.8571428571429,5.03333333333333,5.85714285714286,1.5096443452381,0.210069553241103,26.5285714285714,49.4571428571429,24.0142857142857,0
"arkana","20_40",1.9956648,0.0588537,0.0001222,48.0334833,NA,NA,NA,74.7647058823529,5.40588235294118,5.94736842105263,1.50104635443921,0.215883238671701,19.9578947368421,39.3421052631579,40.6947368421053,0
"arkana","40_100",9.4986354,0.2529025,0.0007303,88.6551717,NA,NA,NA,88.1875,6.06363636363636,6.35135135135135,1.59451747615447,0.19649269329816,11.5108108108108,26.2378378378378,62.2378378378378,0
"ashe","0_10",0.0124078,0.0012274,2e-07,NA,NA,NA,NA,39.3333333333333,4.6,5.03333333333333,1.26,0.246635757280942,48.7666666666667,35.2333333333333,16,6.33333333333333
"ashe","10_20",0.0013167,0.0006347,1e-07,NA,NA,NA,NA,20,4.25,4.85,1.5096443452381,0.210069553241103,49.2,36.75,14.05,2
"ashe","20_40",NA,NA,NA,NA,NA,NA,NA,15,4.3,5,1.58,0.215883238671701,63.5,22.7,13.8,1
"ashe","40_100",0.0037547,0.0034682,1.1e-06,NA,NA,NA,NA,38.75,4.3,5.02,1.79,0.19649269329816,59.06,27.64,13.3,8
"ashlar","0_10",0.0008689,0.0002054,0,NA,5e-07,NA,NA,14,4.3,4.6,1.3509262485482,0.246635757280942,48.2886660985049,31.5216808172776,14.2365984772959,2.55253239021966
"ashlar","10_20",0.000967,0.0002286,0,NA,6e-07,NA,NA,14,4.3,4.6,1.5096443452381,0.210069553241103,46.7895312870223,30.4653139464118,15.1362533561418,2.95214027796427
"ashlar","20_40",0.0017823,0.0004213,0,NA,1.1e-06,NA,NA,14,4.3,4.6,1.57,0.215883238671701,74.2,20.1,5.7,14
"ashlar","40_100",0.0080073,NA,1e-07,NA,1.5e-06,NA,NA,33.5,4.45,5.1,1.55,0.19649269329816,75.2,19.4,5.4,30
"attoyac","0_10",0.0949505,0.012259,2.2e-06,NA,4e-07,0.7879,15.5729166666667,70.5,5,5.73333333333333,1.63,0.226274169979695,64.0333333333333,31.7333333333333,4.23333333333333,0.333333333333333
"attoyac","10_20",0.0048487,0.0004284,1e-07,NA,7e-07,1.3965,13.490829,66,4.45,4.95,1.585,0.134350288425444,72.75,24.25,3,1
"attoyac","20_40",0.284745,0.019968,4.8e-06,NA,1e-06,0.4698,22.1754346666667,70.8,4.94,5.51666666666667,1.648,0.122351951353462,61.2333333333333,30.45,8.31666666666667,0.333333333333333
"attoyac","40_100",0.2368938,0.0411656,8.3e-06,NA,2.1e-06,0.2857,39.5142250909091,68.1111111111111,4.73333333333333,5.37272727272727,1.7775,0.0337003603202442,49.0545454545455,26.5636363636364,24.3818181818182,0.181818181818182
"bayboro","0_10",0.0226956,0.0031612,5e-07,NA,NA,NA,NA,38,NA,4.3,1.3509262485482,0.246635757280942,44.8,20.4,34.8,0
"bayboro","10_20",0.0141907,0.0027476,4e-07,NA,NA,NA,NA,25,NA,4.5,1.5096443452381,0.210069553241103,36,31.2666666666667,32.7333333333333,0
"bayboro","20_40",0.0060042,0.0017562,7e-07,NA,NA,NA,NA,30,NA,4.2,1.50104635443921,0.215883238671701,31.95,32.85,35.2,0
"bayboro","40_100",0.1539241,0.0078769,3.4e-06,NA,NA,NA,NA,59,NA,4.47777777777778,1.59451747615447,0.19649269329816,26.6666666666667,24.5,48.8333333333333,0
"beauregard","0_10",0.0075512,0.0006072,1e-07,NA,1.7e-06,NA,NA,45.8333333333333,4.9,5.21666666666667,1.39,0.246635757280942,39.1833333333333,55.1333333333333,5.68333333333333,1.16666666666667
"beauregard","10_20",0.0022546,0.0001544,1e-07,NA,4e-07,NA,NA,27.8333333333333,4.53333333333333,5.08333333333333,1.6,0.210069553241103,36.0666666666667,54.7,9.23333333333333,1
"beauregard","20_40",0.0029831,0.0007506,2e-07,NA,7e-07,NA,NA,17.6666666666667,4.575,4.83333333333333,1.62,0.215883238671701,30.8166666666667,52.3666666666667,16.8166666666667,1
"beauregard","40_100",0.0091893,0.0022923,8e-07,NA,1.6e-06,NA,NA,19.4285714285714,4.47,4.95714285714286,1.70666666666667,0.0850490054811538,27.90625,52.375,19.71875,1.25
"benndale","0_10",NA,NA,NA,NA,NA,NA,NA,27,NA,5.3,1.53,0.246635757280942,71.4,18.95,9.65,0.5
"benndale","10_20",NA,NA,NA,NA,NA,NA,NA,26,NA,5.125,1.5096443452381,0.210069553241103,46.7895312870223,30.4653139464118,15.1362533561418,2.95214027796427
"benndale","20_40",NA,NA,NA,NA,NA,NA,NA,25,NA,4.95,1.63,0.215883238671701,64.15,20.1,15.75,0
"benndale","40_100",NA,NA,NA,NA,NA,NA,NA,25.5,NA,5.1,1.69,0.0173205080756888,69.12,17.16,13.72,0.6
"bernaldo","0_10",0.3586259,0.0154861,7e-06,0.513352,2.2e-06,NA,32.1533,69.3333333333333,4.3,5.36666666666667,1.3509262485482,0.246635757280942,62.0666666666667,35.5,2.43333333333333,0
"bernaldo","10_20",0.003744,0.0005616,1e-07,0.3288,1.2e-06,NA,12.3013,86,4.51666666666667,5.8,1.44,0.210069553241103,52.3,42.1,5.6,0
"bernaldo","20_40",0.093016,0.0093545,4.2e-06,0.2315333,2e-07,NA,6.5068,44.5,4.73333333333333,5.475,1.51,0.0800000000000001,56.625,37.875,5.5,0
"bernaldo","40_100",1.8884005,0.0955359,0.0001169,0.2403419,1.5e-06,NA,1.11061114285714,67.7142857142857,4.56,5.41428571428571,1.67142857142857,0.0817370930542087,41.4857142857143,32.4428571428571,26.0714285714286,0.142857142857143
"besner","0_10",0.001736,0.0002418,0,NA,NA,NA,22.964,20,NA,3.85,1.24,0.246635757280942,66,31.2,2.8,0
"besner","10_20",0.0017581,0.0001428,0,NA,NA,NA,8.59009425543627,25.5,NA,4.05,1.5096443452381,0.210069553241103,46.7895312870223,30.4653139464118,15.1362533561418,2.95214027796427
"besner","20_40",0.00294,NA,1e-07,NA,NA,NA,4.7267,31,NA,4.25,1.47,0.014142135623731,65.45,31.85,2.7,0
"besner","40_100",0.0028358,NA,2e-07,NA,NA,NA,0.8221,34.2,NA,4.46,1.688,0.148895936814945,61.6,35.62,2.78,0
"bethera","0_10",0.4251198,0.0148526,1.33e-05,NA,3.5e-06,3.4544,NA,45,3.95,4.35,1.27,0.246635757280942,48.9,54.65,31.7,0
"bethera","10_20",0.0013889,0.0001178,0,NA,3.2e-06,NA,NA,54,3.9,4.4,1.5096443452381,0.210069553241103,6.8,51.5,24.3,0
"bethera","20_40",0.93599,0.0255123,3.32e-05,NA,3.9e-06,0.2278,NA,63,4.15,4.85,1.34,0.215883238671701,46.1,49.95,38.55,0
"bethera","40_100",1.9412136,0.0846058,7.56e-05,NA,6.5e-06,0.1479,NA,42,3.76666666666667,4.63333333333333,1.74,0.19649269329816,15.5666666666667,30.1,53.9,0
"betis","0_10",0.1147149,0.0047872,1.9e-06,NA,7e-07,NA,9.34209382481442,66.5,5.2,5.65,1.3509262485482,0.246635757280942,48.2886660985049,31.5216808172776,14.2365984772959,2.55253239021966
"betis","10_20",0.1315504,0.0054898,2.2e-06,NA,8e-07,1.2077,6.0834,66.5,5.2,5.65,1.5096443452381,0.210069553241103,90.85,7.35,1.8,0
"betis","20_40",0.0017412,0.0002342,0,NA,5e-07,NA,6.3099,44,4.7,5.3,1.50104635443921,0.215883238671701,84.3,13.1,2.6,0
"betis","40_100",0.1301558,0.024929,2.3e-06,NA,2.1e-06,0.1032,3.9758,49.6,5.12,5.8,1.72,0.19649269329816,86.76,9.2,4.04,0
"bibb","0_10",0.1077364,0.027694,5.2e-06,NA,3.4e-06,NA,0.0058,20.75,4.46666666666667,5.225,1.3509262485482,0.246635757280942,70.375,21.9,7.725,0
"bibb","10_20",0.0143416,0.012832,1.3e-06,NA,2.7e-06,NA,0,10.5,4.48333333333333,4.25,1.5096443452381,0.210069553241103,48.3,37.55,14.05,0
"bibb","20_40",0.028272,0.012768,5e-07,NA,2.4e-06,NA,0,6,4.5,4.78,1.14,0.215883238671701,61.52,27.56,10.88,0
"bibb","40_100",0.0942032,0.0173532,1.1e-06,NA,6.6e-06,NA,0,14.3,4.4,4.87,1.38,0.127279220613579,76.28,15.69,7.99,0.2
"blanton","0_10",0.0144985,0.0021509,5e-07,11.223,1.5e-06,1.4011,23.7899,30.3333333333333,4.61764705882353,5.29473684210526,1.45,0.246635757280942,54.0944444444444,6.24736842105263,2.58947368421053,0
"blanton","10_20",0.0247204,0.0034067,1.2e-06,25.5129894,7e-07,1.4432,14.3225,52,4.78571428571429,5.4375,1.5096443452381,0.210069553241103,64.475,8.375,2.9875,0
"blanton","20_40",0.0012008,0.0029382,3e-07,28.7300272,7e-07,0.464,13.8139,36,4.825,5.35,1.50104635443921,0.215883238671701,51.1769230769231,7.76428571428571,3.35714285714286,0
"blanton","40_100",0.0029221,0.0110806,1e-06,8.949,7e-07,0.2383,7.4794,50.3333333333333,4.81162790697674,5.29387755102041,1.57,0.0264575131106459,58.4387755102041,6.66734693877551,2.73877551020408,0
"bonneau","0_10",0.3626286,0.0126944,5.4e-06,5.0524364,2.9e-06,1.2794,45.4068327272727,46.4285714285714,4.6,5.15454545454545,1.66,0.246635757280942,76.54,11.3454545454545,4.59090909090909,1.81818181818182
"bonneau","10_20",0.0201559,0.0029176,0,10.0605833,7e-07,1.0061,17.6555666666667,24.3333333333333,4.93333333333333,5.38333333333333,1.81,0.210069553241103,75.9833333333333,8.43333333333333,2.73333333333333,4.16666666666667
"bonneau","20_40",0.1266754,0.0062949,3.6e-06,8.7637148,7e-07,0.5004,10.1126081538462,48.3333333333333,4.95833333333333,5.5,1.50104635443921,0.215883238671701,65.4692307692308,11.6076923076923,6.16923076923077,1.46153846153846
"bonneau","40_100",0.0847771,0.0096087,5e-06,1.2154222,2.4e-06,0.3018,1.90514962962963,39.6206896551724,4.49411764705882,5.12962962962963,1.64,0.0299999999999999,55.8648148148148,9.37592592592593,18.2851851851852,1.18518518518519
"boulogne","0_10",0.0007655,5.27e-05,0,NA,NA,NA,NA,NA,3.7,4.5,1.3509262485482,0.246635757280942,59.3333333333333,4.66666666666667,1.86666666666667,0
"boulogne","10_20",0.000544,3.43e-05,0,NA,NA,NA,NA,NA,3.98,4.76,1.5096443452381,0.210069553241103,46.7895312870223,30.4653139464118,15.1362533561418,2.95214027796427
"boulogne","20_40",0.0005284,2.34e-05,0,NA,NA,NA,NA,NA,4.26,5.02,1.50104635443921,0.215883238671701,33.675,5.22,2.54,0
"boulogne","40_100",0.0008419,3.73e-05,0,NA,NA,NA,NA,NA,4.79,5.17,1.59451747615447,0.19649269329816,67.5444444444445,4.33,2.65,0
"bude","0_10",0.00847,0.0021021,1e-07,NA,NA,NA,NA,61.5,NA,5.55,1.54,0.127279220613579,24.4,65.55,10.05,0
"bude","10_20",0.0064463,0.0012856,1e-07,NA,NA,NA,NA,48.5,NA,5.225,1.5096443452381,0.210069553241103,46.7895312870223,30.4653139464118,15.1362533561418,2.95214027796427
"bude","20_40",0.0099069,0.0011708,3e-07,NA,NA,NA,NA,35.5,NA,4.9,1.50104635443921,0.215883238671701,16.15,64.55,19.3,0
"bude","40_100",0.0279167,0.0056615,2.1e-06,NA,NA,NA,NA,30.3333333333333,NA,4.75555555555556,1.675,0.124766448481419,14.8888888888889,61.2222222222222,23.8888888888889,0
"burton","0_10",0.0008173,0.0007844,0,0.1593514,6e-06,NA,NA,3.33333333333333,3.64,4.22222222222222,0.7225,0.12737739202857,55.0444444444444,29.3111111111111,20.5125,11.7777777777778
"burton","10_20",0.0003544,0.0071422,4e-07,0.2214781,3.6e-06,NA,NA,2,4.25,4.45,0.935,0.275771644662753,55.35,28.125,16.525,5.25
"burton","20_40",0.0002379,0.0050218,0,0.4406275,4.9e-06,1.4364,NA,1,4.18,4.525,1.046,0.114367827643966,54.7625,30.6875,14.55,15.75
"burton","40_100",0.0013251,0.039591,1e-06,14.7355647,5.3e-06,1.0416,NA,1.71428571428571,4.52857142857143,4.88181818181818,1.27166666666667,0.0847152091815081,56.1636363636364,30.5181818181818,13.3181818181818,10.7272727272727
"caddo","0_10",0.0017454,0.0001459,0,NA,1e-06,NA,NA,16.2857142857143,4.38,4.62857142857143,1.465,0.0494974746830584,24.4285714285714,69.4571428571429,6.11428571428571,0.714285714285714
"caddo","10_20",0.0013373,0.0001863,1e-07,NA,5e-07,NA,NA,14.25,4.35,4.8,1.6,0.210069553241103,19.1,69.575,11.325,0.5
"caddo","20_40",0.00179,0.0002294,1e-07,NA,7e-07,NA,NA,11.875,4.48,4.8375,1.685,0.0212132034355964,21.4,66.675,11.925,0.25
"caddo","40_100",0.0151918,0.0019417,1.2e-06,NA,1.6e-06,NA,NA,21.625,4.48181818181818,5.0375,1.7075,0.0713559154286921,18.26875,63.74375,17.9875,0.3125
"cahaba","0_10",0.43456,0.0134447,1.02e-05,NA,2.5e-06,1.6324,55.0431,53.1428571428571,4.81666666666667,5.51666666666667,1.4,0.0556776436283002,51.35,34.175,14.4666666666667,0
"cahaba","10_20",0.1838149,0.003699,4.3e-06,NA,2.4e-06,0.2101,29.4768,63,4.35,5.34285714285714,1.37,0.210069553241103,51.3,31.5,17.2,0
"cahaba","20_40",0.7132112,0.0174443,9.7e-06,NA,2.7e-06,0.2947,24.239,61.5,4.84,5.26,1.47333333333333,0.0757187779440037,47.9466666666667,32.9,19.14,0
"cahaba","40_100",1.6296015,0.0514623,2.23e-05,NA,7.1e-06,0.1101,9.5166,51.1052631578947,4.79230769230769,5.08484848484848,1.526,0.0439317652729776,46.1545454545455,28.3606060606061,25.469696969697,0
"carnasaw","0_10",0.0150011,0.0013821,3e-07,NA,NA,NA,NA,66.3333333333333,6,5.75,1.5,0.325269119345812,27.6,61.4,10.975,8.25
"carnasaw","10_20",0.0061489,0.0016649,2e-07,NA,NA,NA,NA,41.6666666666667,5.6,5.93333333333333,1.59,0.0565685424949237,29.775,56.975,14.3,9.75
"carnasaw","20_40",0.0050467,0.0052581,9e-07,NA,NA,NA,NA,26.6666666666667,3.9,4.8,1.43333333333333,0.155349069303081,11.4333333333333,36.4666666666667,52.0666666666667,4.66666666666667
"carnasaw","40_100",0.0071098,0.0109648,4.2e-06,NA,NA,NA,NA,15.9,3.75,5,1.55142857142857,0.110064915910047,15.6923076923077,33.7153846153846,51.8769230769231,5.61538461538461
"cartecay","0_10",NA,NA,NA,NA,NA,NA,NA,48,NA,5.2,1.3509262485482,0.246635757280942,53.1,26,20.9,0
"cartecay","10_20",NA,NA,NA,NA,NA,NA,NA,35.75,NA,5.15,1.5096443452381,0.210069553241103,46.7895312870223,30.4653139464118,15.1362533561418,2.95214027796427
"cartecay","20_40",NA,NA,NA,NA,NA,NA,NA,23.5,NA,5.1,1.50104635443921,0.215883238671701,71.2,16.3,12.5,0
"cartecay","40_100",NA,NA,NA,NA,NA,NA,NA,40,NA,5.3,1.59451747615447,0.19649269329816,69,18.8,12.2,0
"cashiers","0_10",0.0018394,0.0013572,0,NA,3.8e-06,NA,NA,6,4.5,4.5,1.3509262485482,0.246635757280942,54.6,25.6,19.8,8
"cashiers","10_20",0.0017434,0.0009999,0,NA,3.2e-06,NA,NA,6,4.55,4.65,1.5096443452381,0.210069553241103,46.7895312870223,30.4653139464118,15.1362533561418,2.95214027796427
"cashiers","20_40",0.0017035,0.0005167,0,NA,2.5e-06,NA,NA,6,4.6,4.8,1.04,0.215883238671701,59.3,23,17.7,9
"cashiers","40_100",0.0072705,0.0007089,3e-07,NA,4.7e-06,NA,NA,8.5,4.5,4.9,1.31,0.0989949493661166,66.4,18.5,15.1,7.5
"cataula","0_10",0.40032,0.0640512,1.95e-05,NA,1.8e-06,NA,NA,94,5.4,5.8,1.39,0.246635757280942,66.2,18.5,15.3,4
"cataula","10_20",0.2051272,0.0443932,1.18e-05,NA,7e-07,NA,NA,83,5.3,5.6,1.72,0.210069553241103,68,18,14,11
"cataula","20_40",0.6784128,0.0405888,3.62e-05,NA,2.1e-06,NA,NA,76,5.9,6.1,1.51,0.215883238671701,36.7,13.5,49.8,4
"cataula","40_100",1.5586181,0.0996109,4.22e-05,NA,2.9e-06,NA,NA,56,5.83333333333333,6.4,1.505,0.120208152801713,32.0333333333333,15.6,52.3666666666667,2.66666666666667
"cecil","0_10",0.3560762,0.0305678,1.2e-05,4.6143034,2.9e-06,1.8346,34.5422647894737,60.6875,5.03055555555556,5.30263157894737,1.58571428571429,0.13226956602045,58.4710526315789,21.9894736842105,21.9684210526316,6.13157894736842
"cecil","10_20",0.2447735,0.0188576,5.7e-06,4.5856373,1e-06,1.2747,15.4271312,51,5.08235294117647,5.49,1.64666666666667,0.102143689640297,53.74,20.095,29.655,5.6
"cecil","20_40",0.141364,0.0247989,5e-06,8.4438667,1.2e-06,0.578,9.93397565217391,44.05,5.13333333333333,5.53913043478261,1.59083333333333,0.124568953766275,46.504347826087,20.4652173913043,36.6217391304348,5.21739130434783
"cecil","40_100",0.4038767,0.0582628,2.3e-05,1.7561553,2.6e-06,0.1691,2.49628844444444,31.859375,4.84848484848485,5.39027777777778,1.498,0.097689087900015,35.9277777777778,21.0986111111111,42.8472222222222,2.30555555555556
"chandler","0_10",0.0019178,0.0013561,1e-07,NA,2.6e-06,NA,NA,4,4.2,4.45,1.3509262485482,0.246635757280942,40.35,22.05,29.3,22
"chandler","10_20",0.0003263,0.0005358,0,NA,4e-07,NA,NA,9,4.4,4.6,1.62,0.210069553241103,65,22,13,47
"chandler","20_40",0.0029721,0.000843,2e-07,NA,1.3e-06,NA,NA,23,4.8,5.3,1.50104635443921,0.215883238671701,44.2,18.4,37.4,10
"chandler","40_100",0.0092625,0.0057988,5e-07,NA,2.3e-06,0.1408,NA,16.75,4.6,5.1,2.07666666666667,0.271538824725551,80.75,10.1,9.15,21.75
"chestnut","0_10",0.0624099,0.0125038,9e-07,NA,1.74e-05,NA,NA,5,4.46666666666667,5.63333333333333,1.3509262485482,0.246635757280942,34.7,48.6,14.6333333333333,3
"chestnut","10_20",0.0351008,0.0079041,5e-07,NA,1.02e-05,NA,NA,4.25,4.38333333333333,5.29166666666667,1.5096443452381,0.210069553241103,46.7895312870223,30.4653139464118,15.1362533561418,2.95214027796427
"chestnut","20_40",0.0005899,0.0025384,0,NA,1.4e-06,NA,NA,3.5,4.3,4.95,1.13,0.215883238671701,42.05,37.05,20.9,10
"chestnut","40_100",0.0018251,0.0032252,2e-07,NA,6e-06,NA,NA,3.33333333333333,4.36666666666667,5.03333333333333,1.45,0.0989949493661167,65,29.3,5.7,1.66666666666667
"chewacla","0_10",0.4537258,0.0167169,1.79e-05,3.0764307,5.5e-06,NA,51.9304268571429,52.4285714285714,4.44,4.95714285714286,1.355,0.190918830920368,13.0714285714286,48.3571428571429,38.5714285714286,1.28571428571429
"chewacla","10_20",0.6744412,0.0180252,3.81e-05,1.9151726,2.1e-06,NA,22.2455135,50,4.65,5.25,1.5096443452381,0.210069553241103,12.45,41,46.55,0.5
"chewacla","20_40",0.0894624,0.0131423,5.7e-06,0.7141,3e-06,NA,13.0658105,27.25,4.1,4.875,1.48,0.0692820323027551,11.45,48.925,39.625,3.5
"chewacla","40_100",1.7951648,0.0492524,0.0001379,1.8308,6.8e-06,NA,2.9520655,42.2857142857143,4.5,5.15714285714286,1.53333333333333,0.118462370959446,15.65,46.3285714285714,38.0214285714286,0.5
"clarksville","0_10",0.374766,0.0202652,7.3e-06,3.1405353,2.4e-06,2.8017,74.5474699408284,38.3899371069182,4.65686274509804,5.15868263473054,1.3509262485482,0.246635757280942,26.5863905325444,63.2307692307692,10.1786982248521,0.93491124260355
"clarksville","10_20",0.1035134,0.0106461,3.5e-06,3.2380983,1.2e-06,1.2969,14.5295322352941,25.3894736842105,4.44945054945055,5.06862745098039,1.5096443452381,0.210069553241103,24.1833333333333,65.2088235294118,10.6098039215686,0.235294117647059
"clarksville","20_40",0.1941414,0.0202954,8.3e-06,6.3733772,1.2e-06,0.6901,3.32181896174863,29.242774566474,4.50903614457831,5.17016574585635,1.50104635443921,0.215883238671701,24.6770491803279,62.575956284153,12.7448087431694,1.2568306010929
"clarksville","40_100",1.0094768,0.107549,8.22e-05,24.6207142,6.6e-06,0.3595,0.12952452734375,33.7089397089397,4.31936170212766,5.04852071005917,2.04,0.0916515138991169,26.1935546875,46.393359375,27.41328125,1.05078125
"clebit","0_10",0.012947,0.0007273,2e-07,NA,NA,NA,NA,61,4.6,5.8,1.48,0.246635757280942,57.1,28.5,14.4,10
"clebit","10_20",0.0105779,0.0005428,2e-07,NA,NA,NA,NA,51.5,4.4,5.4,1.5096443452381,0.210069553241103,46.7895312870223,30.4653139464118,15.1362533561418,2.95214027796427
"clebit","20_40",0.0122588,0.0005065,4e-07,NA,NA,NA,NA,42,4.2,5,1.51,0.215883238671701,56.5,30,13.5,14
"clebit","40_100",0.0436708,0.0018042,1.3e-06,NA,NA,NA,NA,42,4.2,5,1.59451747615447,0.19649269329816,47.1527031434407,24.7802985973975,23.2730709428291,3.29052854268621
"clifton","0_10",0.1356057,0.0240809,4.1e-06,0.2762061,2.7e-06,2.9807,44.187627375,46.375,4.9375,5.175,1.29857142857143,0.108386433872598,36.05,35.75,28.2,11.375
"clifton","10_20",0.0129848,0.0029043,4e-07,0.202419,1e-06,NA,17.926062,55.3333333333333,4.73333333333333,5.23333333333333,1.53,0.0916515138991168,27.4666666666667,37.0666666666667,35.4666666666667,2
"clifton","20_40",0.1044307,0.0278214,4.7e-06,0.0832228,1.5e-06,0.5132,8.645364,29.25,4.4625,5.125,1.47166666666667,0.0820771994324043,28.0125,31.425,40.5625,5.75
"clifton","40_100",0.2408421,0.0647483,2.06e-05,0.1053993,2.7e-06,0.1892,1.34557090909091,30.5,4.85,5.34090909090909,1.3935,0.106389304963076,38.1909090909091,27.1363636363636,34.6727272727273,5.45454545454545
"congaree","0_10",0.0552906,0.0263289,4.9e-06,NA,NA,NA,NA,17,NA,5.3,1.3509262485482,0.246635757280942,48.2886660985049,31.5216808172776,14.2365984772959,2.55253239021966
"congaree","10_20",0.0634051,0.0301929,5.6e-06,NA,NA,NA,NA,17,NA,5.3,1.5096443452381,0.210069553241103,53.2,29,17.8,0
"congaree","20_40",0.2858279,0.0382525,1.25e-05,NA,NA,NA,NA,38.75,NA,5.3,1.50104635443921,0.215883238671701,44.6474010593,29.3694540148412,19.535668248824,2.4242495503916
"congaree","40_100",1.4652021,0.058522,4.62e-05,NA,NA,NA,NA,60.5,4.6,5.3,1.59451747615447,0.19649269329816,43.05,35.725,21.225,0
"cowarts","0_10",0.1046353,0.0123706,2.1e-06,3.8350065,1.2e-06,1.5643,25.8146915,45.2222222222222,4.71428571428571,5.49166666666667,1.525,0.088881944173156,73.7916666666667,9.60833333333333,8.75,3.83333333333333
"cowarts","10_20",0.0005674,0.0001492,0,2.4559342,1e-06,0.526,15.3040482,23.2,4.5,5,1.65,0.0282842712474619,79.2,10.26,10.54,3.4
"cowarts","20_40",0.0877531,0.0157542,3e-06,1.4681689,1.3e-06,0.4929,14.0611637142857,31.5,4.49090909090909,5.23571428571429,1.66333333333333,0.091796877216312,65.7857142857143,8.22857142857143,23.6357142857143,5.42857142857143
"cowarts","40_100",0.1820992,0.0194483,1.05e-05,0.5556349,1.7e-06,0.228,7.40118324324324,25.6,4.425,5.06216216216216,1.70055555555556,0.108653373420044,61.2027777777778,6.44864864864865,31.6567567567568,2.75675675675676
"cowee","0_10",0.0002554,0.000498,0,NA,9e-07,2.5855,24.6932,6,4.6,5,1.33,0.246635757280942,67.2,20.6,12.2,20
"cowee","10_20",0.0003516,0.0004857,1e-07,NA,8e-07,NA,17.074600439495,13.5,4.9,5.15,1.5096443452381,0.210069553241103,46.7895312870223,30.4653139464118,15.1362533561418,2.95214027796427
"cowee","20_40",0.0006534,0.0005309,3e-07,NA,5e-07,0.3675,13.068267,21,5.2,5.3,1.64,0.215883238671701,62.8,18.6,18.6,17
"cowee","40_100",0.0018532,0.0004663,7e-07,NA,1.3e-06,0.2391,5.97604,20,5.4,5.46666666666667,1.83,0.395979797464466,78.9666666666667,9.6,11.4333333333333,18.3333333333333
"craggey","0_10",0.0026931,0.0114012,1e-07,0.085044,5.6e-06,NA,60.243976,2.33333333333333,4,4.525,0.76,0.10816653826392,60.075,33.2,23.625,6.75
"craggey","10_20",0.100646,0.0096887,9.5e-06,0.098592,2.9e-06,NA,50.382566,18,4.35,4.9,1.04,0.210069553241103,71.85,20.6,7.55,21
"craggey","20_40",NA,0.0083232,0,0.1236427,2.7e-06,1.4451,99.6669833333334,1,4.53333333333333,4.96666666666667,0.97,0.215883238671701,79.6666666666667,16.9,3.43333333333333,20.3333333333333
"craggey","40_100",NA,0.1224589,NA,0.459221,1.81e-05,NA,285.19104,2,4.7,5.2,1.59451747615447,0.19649269329816,68.1,23.5,8.4,20
"craven","0_10",0.0064235,0.0004807,0,NA,8e-07,NA,NA,42.5,4.7,5.05,1.45,0.014142135623731,23.3,67.2,9.5,0
"craven","10_20",0.0002268,NA,0,NA,4e-07,NA,NA,3,4.2,4.6,1.62,0.210069553241103,25.9,63.9,10.2,0
"craven","20_40",0.0051933,0.0008645,1e-07,NA,9e-07,NA,NA,16,3.96666666666667,4.56666666666667,1.58333333333333,0.153079500042734,15.0666666666667,57.7666666666667,27.1666666666667,0
"craven","40_100",0.0065934,0.0063171,1.1e-06,NA,3.2e-06,NA,NA,9.8,3.76,4.5,1.588,0.0402492235949962,15.24,38.26,46.5,0
"cullasaja","0_10",0.0940599,0.0081439,1.5e-06,0.119325,1.5e-06,NA,22.964924,32,4.4,4.65,0.925,0.0353553390593273,58.7,29,12.3,57
"cullasaja","10_20",0.0032846,0.0005939,0,0.08232,2.5e-06,NA,21.461118,16,4.3,4.6,0.84,0.210069553241103,55.3,23.7,21,51
"cullasaja","20_40",0.0801896,0.0190219,1.9e-06,0.1415111,2.8e-06,1.5425,34.8662933333333,9.33333333333333,4.46666666666667,4.83333333333333,1.32666666666667,0.319426569548204,58.0666666666667,28.8,13.1333333333333,46.6666666666667
"cullasaja","40_100",0.3009611,0.0609476,1.74e-05,0.3054446,2.6e-06,0.3802,38.4369325714285,19.4285714285714,4.78571428571429,5.34285714285714,1.54666666666667,0.185022521151706,63.9428571428571,23.8571428571429,12.2,58.8571428571429
"davidson","0_10",0.3837611,0.033536,1.09e-05,NA,2.5e-06,2.2352,34.696035,53.1428571428571,5.17142857142857,5.57142857142857,1.59,0.12,47.1571428571429,23.3,29.5428571428571,1
"davidson","10_20",0.1668754,0.0365617,9.3e-06,NA,1.2e-06,NA,19.5624426666667,42.5,5,5.76666666666667,1.5096443452381,0.210069553241103,30.9333333333333,34.0333333333333,30.7,1.33333333333333
"davidson","20_40",0.0562118,0.0092648,1.2e-06,NA,1.6e-06,0.7123,17.4450193333333,46.5,5.05,5.45,1.5725,0.0206155281280883,40.1,20.9666666666667,38.9333333333333,0.666666666666667
"davidson","40_100",0.3591896,0.0745645,3.25e-05,NA,2.2e-06,0.2659,7.932579,35.1428571428571,5.01428571428571,5.65,1.57666666666667,0.104626319187223,27.2,16.3357142857143,56.4642857142857,0.785714285714286
"dorovan","0_10",0.0002633,0.0005134,0,NA,NA,NA,NA,NA,3.2,3.2,1.3509262485482,0.246635757280942,48.2886660985049,31.5216808172776,14.2365984772959,2.55253239021966
"dorovan","10_20",0.0003019,0.0005888,0,NA,NA,NA,NA,NA,3.2,3.2,1.5096443452381,0.210069553241103,21,0.1,17.9,0
"dorovan","20_40",0.0006737,0.0007426,0,NA,NA,NA,NA,NA,3.3,3.4,1.50104635443921,0.215883238671701,44.6474010593,29.3694540148412,19.535668248824,2.4242495503916
"dorovan","40_100",0.0024874,0.0011194,1e-07,NA,NA,NA,NA,NA,3.4,3.6,1.59451747615447,0.19649269329816,65.3,0.8,22.2,0
"dothan","0_10",0.4555429,0.0388975,2.36e-05,19.9480671,4.2e-06,1.5322,46.1439029375,52.58,4.60377358490566,5.24918032786885,1.405,0.346482322781408,74.3809523809524,14.13125,7.63125,1.8125
"dothan","10_20",0.1741559,0.0259423,6e-06,12.9500592,1.3e-06,1.1354,20.7684830476191,53.0666666666667,4.80588235294118,5.43333333333333,1.65666666666667,0.124525767079214,78.5595238095238,13.047619047619,7.08095238095238,2.19047619047619
"dothan","20_40",0.1907525,0.0499965,9.6e-06,17.2271445,1e-06,0.522,13.5223517288136,47.175,4.80425531914894,5.4135593220339,1.778,0.0834865258589673,66.6610169491525,13.3305084745763,15.0779661016949,2.91525423728814
"dothan","40_100",0.284773,0.0557667,1.55e-05,1.4308931,1.9e-06,0.2668,3.42487931481482,40.7272727272727,4.70135135135135,5.2,1.636,0.068677992593455,55.375,12.6240740740741,27.6231481481481,3.31481481481481
"duplin","0_10",0.0019318,0.0003425,0,NA,NA,NA,NA,NA,4.65,5.4,1.3509262485482,0.246635757280942,37.2,23.2,9.4,0
"duplin","10_20",0.0070047,0.0016485,1e-07,NA,NA,NA,NA,NA,4.9,5.8,1.5096443452381,0.210069553241103,7.3,17.8,12,0
"duplin","20_40",0.0048234,0.0015221,1e-07,NA,NA,NA,NA,NA,4.9,5.6,1.50104635443921,0.215883238671701,52.9333333333333,21.7666666666667,24.9333333333333,0
"duplin","40_100",0.015034,0.0061831,1e-06,NA,NA,NA,NA,17,4.22857142857143,5.11428571428571,1.59451747615447,0.19649269329816,38.5,18.2857142857143,49.5714285714286,0
"edneyville","0_10",0.0004674,0.0011849,0,NA,1.8e-06,NA,41.57485,4,4.3,4.8,0.82,0.246635757280942,32.7,38.7,28.6,5
"edneyville","10_20",0.0003265,0.0011825,0,NA,4e-07,0.8747,11.904452,6,4.4,5,1.19,0.210069553241103,36.5,34.2,29.3,2
"edneyville","20_40",0.0005273,0.0035073,1e-07,NA,7e-07,NA,4.20327060211778,5.9,4.43,5.13,1.50104635443921,0.215883238671701,44.6474010593,29.3694540148412,19.535668248824,2.4242495503916
"edneyville","40_100",0.0005129,0.0088514,1e-07,NA,6e-07,0.1453,0.3572436,5.8,4.46,5.26,1.075,0.0493288286231624,66.5,24.24,9.26,0.6
"enon","0_10",0.0067956,0.0002874,1e-07,NA,2e-06,NA,NA,47,4.7,5.05,1.07,0.246635757280942,60.1,29.95,9.95,27.5
"enon","10_20",0.0059475,0.0004098,2e-07,NA,6e-07,NA,NA,54,4.9,5.4,1.48,0.210069553241103,46.3,40.6,13.1,29
"enon","20_40",0.0220108,0.0017452,1.1e-06,NA,1.6e-06,NA,NA,77.5,5.2,5.45,1.52,0.215883238671701,30.75,19.9,49.35,8
"enon","40_100",1.6777208,0.0273146,0.0001835,NA,4.1e-06,0.4553,NA,88,5.86,5.98571428571429,1.76333333333333,0.0873689494805411,32.3857142857143,17.5285714285714,50.0857142857143,2.57142857142857
"escambia","0_10",0.0001531,7.02e-05,0,NA,9e-07,NA,NA,10,4,4.36666666666667,1.3509262485482,0.246635757280942,60.7333333333333,29.2666666666667,7.6,0
"escambia","10_20",0.0003441,3.87e-05,0,NA,9e-07,NA,NA,17.6666666666667,4.025,4.4,1.33,0.210069553241103,48.525,31.9,6.7,0.5
"escambia","20_40",0.0001352,5.27e-05,NA,NA,4e-07,NA,NA,17,4.12,4.52,1.7,0.215883238671701,49.56,29.92,9.44,0.6
"escambia","40_100",0.0008165,0.0003821,1e-07,NA,1e-06,NA,NA,15.5,4.01538461538462,4.56153846153846,1.78,0.0282842712474619,57.0076923076923,29.0076923076923,15.3538461538462,0.615384615384615
"estate","0_10",0.4851852,0.0309227,1.9e-05,NA,NA,3.6475,NA,74,5.35,5.75,1.3509262485482,0.246635757280942,45.975,45.375,8.65,0
"estate","10_20",0.285278,0.0208198,1.81e-05,NA,NA,0.984,NA,45.5,4.3,5.15,1.64,0.210069553241103,37.175,47.8,15.025,0
"estate","20_40",1.2369823,0.0907653,7.35e-05,NA,NA,0.7505,NA,54.6666666666667,4.3,5.08,1.50104635443921,0.215883238671701,23.96,49.14,26.9,0
"estate","40_100",1.5488142,0.1675058,0.00019,NA,NA,0.435,NA,41.5714285714286,4.07142857142857,5.13076923076923,1.74,0.19649269329816,29.3923076923077,30,40.6076923076923,0
"esto","0_10",0.002429,0.0005637,1e-07,NA,NA,NA,NA,NA,4.58333333333333,5.06,1.3509262485482,0.246635757280942,57.84,13.68,11.89,0
"esto","10_20",0.0012621,0.0004828,0,NA,NA,NA,NA,NA,4.36666666666667,4.92,1.5096443452381,0.210069553241103,38.78,18.04,21.58,0
"esto","20_40",0.0037171,0.0008941,2e-07,NA,NA,NA,NA,NA,4.225,4.9,1.50104635443921,0.215883238671701,38.5363636363636,13.2272727272727,39.6,0
"esto","40_100",0.0034525,0.002044,6e-07,NA,NA,NA,NA,NA,3.99285714285714,4.87727272727273,1.59451747615447,0.19649269329816,44.1565217391304,8.68695652173913,53.5130434782609,0
"evard","0_10",0.0009143,0.0002476,0,NA,1.8e-06,NA,NA,6,4.2,4.6,1.3509262485482,0.246635757280942,49.9,28.7,21.4,6
"evard","10_20",0.0012453,2e-04,0,NA,1.3e-06,NA,NA,8.5,4.25,4.8,1.5096443452381,0.210069553241103,46.7895312870223,30.4653139464118,15.1362533561418,2.95214027796427
"evard","20_40",0.0028036,0.0002231,1e-07,NA,1.2e-06,NA,NA,11,4.3,5,1.49,0.215883238671701,40.6,32.8,26.6,4
"evard","40_100",0.0088672,NA,3e-07,NA,1.3e-06,NA,NA,13,4.55,5.35,1.555,0.0636396103067893,42.05,26.35,31.6,4
"evergreen","0_10",0.0002019,5.13e-05,0,NA,NA,NA,NA,NA,3.9,4.46666666666667,1.3509262485482,0.246635757280942,48.2886660985049,31.5216808172776,14.2365984772959,2.55253239021966
"evergreen","10_20",0.0002246,5.71e-05,0,NA,NA,NA,NA,NA,3.9,4.46666666666667,1.5096443452381,0.210069553241103,46.7895312870223,30.4653139464118,15.1362533561418,2.95214027796427
"evergreen","20_40",0.0004603,0.0001171,0,NA,NA,NA,NA,NA,3.9,4.46666666666667,1.50104635443921,0.215883238671701,56.1333333333333,4.9,4.2,0
"evergreen","40_100",0.0020091,0.0001244,1e-07,NA,NA,NA,NA,NA,4.6,5.05,1.59451747615447,0.19649269329816,44.9,1.45,1.75,0
"fannin","0_10",0.0161868,0.0040259,4e-07,0.2841125,5.1e-06,NA,14.0275175,41.75,4.61666666666667,5.03333333333333,1.19,0.212132034355964,40.3833333333333,29.0833333333333,21.1,4.5
"fannin","10_20",0.0219556,0.0160237,1e-06,0.2822062,6e-07,1.0047,9.081808,14,4.5,4.85,1.305,0.0212132034355964,61.55,18.7,19.75,13.5
"fannin","20_40",0.0033755,0.0010706,2e-07,0.4956471,1.4e-06,0.8992,12.5085708,23.25,4.48,5.02,1.3075,0.0590903263374528,48.36,17.68,33.96,2.8
"fannin","40_100",0.0084178,0.0558697,1.14e-05,1.0375937,2e-06,0.1949,10.5959141052632,21.6111111111111,4.73157894736842,5.32631578947368,1.35818181818182,0.124082084268292,62.5631578947368,17.3736842105263,20.0631578947368,9.05263157894737
"forestdale","0_10",0.846075,0.038976,2.74e-05,NA,1.5e-06,1.9254,11.0546,66.8181818181818,5.48888888888889,5.72727272727273,1.595,0.141539158303748,14.2272727272727,52.6,33.1636363636364,0
"forestdale","10_20",0.8369468,0.0479123,4.37e-05,NA,1.1e-06,NA,9.2337,66,5.15,5.65,1.5096443452381,0.210069553241103,12.8125,52.2875,34.9,0
"forestdale","20_40",1.6317367,0.053122,8.72e-05,NA,1.9e-06,0.8001,14.1549,59.7692307692308,5.21,5.36923076923077,1.686,0.133341666406266,9.60769230769231,52.8,37.5923076923077,0
"forestdale","40_100",6.0413699,0.2675856,0.0004834,NA,5.3e-06,0.5265,21.5731,66.4210526315789,4.91935483870968,5.11052631578947,1.70538461538462,0.08471672253412,12.1447368421053,44.3947368421053,43.4631578947368,0
"foxworth","0_10",0.0040993,0.0005216,0,0.1891297,1e-07,1.4337,16.0542,9.33333333333333,4.18235294117647,5.01111111111111,1.3509262485482,0.246635757280942,44.8055555555556,3.75,1.8,0
"foxworth","10_20",0.0024289,0.0031763,2e-07,23.1579443,6e-07,0.6837,13.4813,14,4.55714285714286,5.13333333333333,1.5096443452381,0.210069553241103,78.3222222222222,3.52222222222222,1.74444444444444,0
"foxworth","20_40",0.0086685,0.0004045,2e-07,31.1279488,8e-07,NA,20.8272,20.5,4.67142857142857,5.0125,1.50104635443921,0.215883238671701,58.0875,4.1625,1.8125,0
"foxworth","40_100",0.0158104,0.0025388,8e-07,58.131075,1.2e-06,0.3405,32.3456,19.5714285714286,4.70588235294118,5.035,1.795,0.00707106781186548,69.3025641025641,3.5325,2.055,0
"fuquay","0_10",0.1263711,0.0098797,3.9e-06,0.27729,3.3e-06,1.3778,29.5851947727273,34.8461538461538,4.43,5.23809523809524,1.43,0.246635757280942,75.1590909090909,12.25,4.24090909090909,3.04545454545455
"fuquay","10_20",0.0143854,0.0053858,6e-07,0.53621,6e-07,1.4129,11.9019136923077,27.7,4.55833333333333,5.26923076923077,1.805,0.106066017177982,77.2076923076923,9.32307692307692,3.96153846153846,5.69230769230769
"fuquay","20_40",0.0460626,0.0069495,2.6e-06,1.3487552,6e-07,0.5175,6.8470624,35.4444444444444,4.66153846153846,5.48,1.69,0.215883238671701,65.6533333333333,11.1866666666667,5.38666666666667,7.2
"fuquay","40_100",0.0532629,0.0137353,4.3e-06,0.200892,1.7e-06,0.2954,1.48831779245283,43.1304347826087,4.47142857142857,5.15849056603774,1.704,0.045752959831396,67.2641509433962,9.54339622641509,13.9320754716981,1.75471698113208
"glenmora","0_10",0.0147396,0.0003877,2e-07,NA,1.2e-06,NA,NA,96,5.3,5.6,1.42,0.246635757280942,43.3,50.9,5.8,0
"glenmora","10_20",0.0108416,2e-04,1e-07,NA,8e-07,NA,NA,69,4.75,5.15,1.5096443452381,0.210069553241103,46.7895312870223,30.4653139464118,15.1362533561418,2.95214027796427
"glenmora","20_40",0.013915,NA,2e-07,NA,1e-06,NA,NA,42,4.2,4.7,1.59,0.215883238671701,35.7,52.1,12.2,1
"glenmora","40_100",0.0151898,0.0007499,9e-07,NA,2.4e-06,NA,NA,20,3.9,4.45,1.635,0.0353553390593273,30.15,51.2,18.65,2
"goldsboro","0_10",0.0010427,0.0009508,0,0.552,4.7e-06,3.0912,29.5668,20,3.6,4.54444444444444,1.38,0.246635757280942,64.5333333333333,28.7,10,0
"goldsboro","10_20",0.0750902,0.0105699,7e-07,0.3389906,9e-07,1.1827,15.4321738,51.5,5,5.14,1.5096443452381,0.210069553241103,74.78,18.88,6.34,0.2
"goldsboro","20_40",0.069871,0.0085949,1.6e-06,0.1547417,6e-07,0.5029,12.2958726666667,27.8888888888889,4.525,5.04166666666667,1.55,0.062449979983984,61.5916666666667,26.8666666666667,11.5416666666667,0.166666666666667
"goldsboro","40_100",0.0838351,0.0142592,2.1e-06,NA,1.8e-06,0.1967,4.5331156,22.6315789473684,4.25714285714286,4.808,1.668,0.0396232255123179,56.004,22.38,21.62,0.2
"greenville","0_10",0.0310127,0.0054717,6e-07,0.353,1.7e-06,1.6282,32.0804,83.8,4.6,5.38181818181818,1.765,0.109498858441538,64.2727272727273,17.5272727272727,20.4818181818182,0
"greenville","10_20",0.0111202,0.0023991,2e-07,9.633,1.2e-06,NA,25.2346,76,5.8,5.7,1.69,0.0707106781186548,51.3,24.32,24.38,0
"greenville","20_40",0.0792288,0.0095868,3.4e-06,NA,8e-07,0.4899,35.4635,79.6666666666667,5.35,5.58666666666667,1.6375,0.0747854072854935,45.08,16.9333333333333,40.22,0
"greenville","40_100",0.215154,0.0134447,4.4e-06,NA,1.1e-06,0.1726,43.921,71.4285714285714,4.7,5.59428571428571,1.62611111111111,0.0825433140406324,41.9485714285714,14.68,43.0828571428571,0
"guyton","0_10",0.1866172,0.0122823,5.5e-06,NA,3.6e-06,1.1039,26.0771,59.6666666666667,4.08333333333333,4.6,1.4525,0.097082439194738,29.45,54.3666666666667,15.9666666666667,0
"guyton","10_20",0.90694,0.02648,1.44e-05,NA,1.7e-06,NA,16.655,87,4.6,5.25,1.655,0.120208152801713,20.65,59.5,19.85,0
"guyton","20_40",0.4733933,0.011582,6.8e-06,NA,1.6e-06,NA,17.4311,63,3.9,4.82,1.58,0.0724568837309472,21.06,64.76,14.18,0
"guyton","40_100",1.5822682,0.0626502,7.32e-05,NA,4.2e-06,0.509,11.16591525,61,4.03333333333333,4.7,1.646,0.135088448391744,19.3916666666667,57.5333333333333,23.075,0.25
"gwinnett","0_10",NA,NA,NA,NA,NA,NA,NA,22,NA,5.33333333333333,1.3509262485482,0.246635757280942,48.6333333333333,31,20.3666666666667,0
"gwinnett","10_20",NA,NA,NA,NA,NA,NA,NA,20,NA,5.41666666666667,1.5096443452381,0.210069553241103,46.7895312870223,30.4653139464118,15.1362533561418,2.95214027796427
"gwinnett","20_40",NA,NA,NA,NA,NA,NA,NA,18,NA,5.5,1.50104635443921,0.215883238671701,26,35.6,38.4,0
"gwinnett","40_100",NA,NA,NA,NA,NA,NA,NA,16,NA,5.35,1.59451747615447,0.19649269329816,37.55,20.75,41.7,0
"hard labor","0_10",NA,NA,NA,NA,NA,NA,NA,25,NA,4.4,1.3509262485482,0.246635757280942,75.3,17.9,6.8,0
"hard labor","10_20",NA,NA,NA,NA,NA,NA,NA,13,NA,4.2,1.5096443452381,0.210069553241103,79.9,15.3,4.8,0
"hard labor","20_40",NA,NA,NA,NA,NA,NA,NA,37,NA,4.3,1.50104635443921,0.215883238671701,75.9,18.1,6,0
"hard labor","40_100",NA,NA,NA,NA,NA,NA,NA,43.5,NA,5.1,1.59451747615447,0.19649269329816,36.75,14,49.25,0
"harleston","0_10",NA,NA,NA,NA,NA,NA,NA,47.5,NA,5.5,1.28,0.246635757280942,67.8333333333333,27.5666666666667,4.6,0.333333333333333
"harleston","10_20",NA,NA,NA,NA,NA,NA,NA,52.75,NA,4.7,1.49,0.210069553241103,44.5,45,10.5,2
"harleston","20_40",NA,NA,NA,NA,NA,NA,NA,58,NA,5.35,1.565,0.0494974746830584,53.45,34.9,11.65,0.25
"harleston","40_100",NA,NA,NA,NA,NA,NA,NA,37.6,NA,5.0125,1.7,0.03,55.775,27.2375,16.9875,0.375
"helena","0_10",0.0012834,0.0004215,1e-07,NA,6e-07,1.3239,5.7616,NA,5.6,5.7,1.3509262485482,0.246635757280942,76.75,32.45,11.3,0
"helena","10_20",0.0008864,0.0003571,1e-07,NA,6e-07,NA,4.36210719878606,NA,4.9,5.275,1.5096443452381,0.210069553241103,46.7895312870223,30.4653139464118,15.1362533561418,2.95214027796427
"helena","20_40",0.0007805,0.0005269,0,NA,1.1e-06,0.1351,6.242,NA,4.2,4.85,1.50104635443921,0.215883238671701,27.4,31.6,17.75,0
"helena","40_100",0.0049749,0.004664,6e-07,NA,4.3e-06,0.2764,7.5179,NA,3.9,4.75,1.59451747615447,0.19649269329816,21.875,20.575,48.175,0
"hemphill","0_10",0.0333455,0.0010782,6e-07,NA,3.5e-06,NA,NA,63.5,5.25,5.7,1.3509262485482,0.246635757280942,48.2886660985049,31.5216808172776,14.2365984772959,2.55253239021966
"hemphill","10_20",0.0387549,0.0012531,7e-07,NA,4e-06,NA,NA,63.5,5.25,5.7,1.53,0.15556349186104,26.3,37.2,36.5,0
"hemphill","20_40",0.0912496,0.0012792,1.8e-06,NA,4.3e-06,NA,NA,64,4.8,5.5,1.64,0.215883238671701,8.8,33.8,57.4,0
"hemphill","40_100",0.0919096,0.0010219,2.8e-06,NA,8.1e-06,NA,NA,60.5714285714286,4.85714285714286,5.47142857142857,1.45571428571429,0.11355720186425,35.5857142857143,35.3142857142857,29.1,0
"hiwassee","0_10",0.0086263,0.0023509,2e-07,3.47578,2e-06,1.932,18.8776043076923,69.1111111111111,4.9,5.28461538461538,1.60333333333333,0.159457413332421,31.3769230769231,29.2,39.4230769230769,1.46153846153846
"hiwassee","10_20",0.008085,0.0025294,1e-07,1.7506912,1.1e-06,1.313,13.02535575,69.5,5.4,5.9,1.645,0.0881286937760152,57.1,22.525,20.375,3.25
"hiwassee","20_40",0.0150291,0.0036675,4e-07,NA,2.3e-06,1.0302,15.9270245333333,58.6923076923077,4.99285714285714,5.48,1.625,0.0808879295250975,23.7066666666667,22.0066666666667,54.2866666666667,1.13333333333333
"hiwassee","40_100",0.0231586,0.0022664,7e-07,NA,3.9e-06,0.1949,13.7079200769231,43.5,4.70434782608696,5.14,1.56769230769231,0.0953199739608516,22.7269230769231,23.0730769230769,55.0192307692308,0.846153846153846
"hurricane","0_10",0.0038892,0.0008247,2e-07,40.9465746,1e-06,1.3652,NA,15,4.22631578947368,4.78421052631579,1.3509262485482,0.246635757280942,46.3666666666667,3.52631578947368,1.56315789473684,0
"hurricane","10_20",0.0001768,3.36e-05,0,45.4201662,8e-07,NA,NA,10.75,4.44285714285714,4.95714285714286,1.5096443452381,0.210069553241103,62.3428571428571,3.44285714285714,1.3,0
"hurricane","20_40",0.0005458,8.52e-05,0,89.6524953,1e-06,NA,NA,6.5,4.73636363636364,5.23636363636364,1.50104635443921,0.215883238671701,56.68,4.65454545454545,1.80909090909091,0
"hurricane","40_100",0.0007164,0.0002169,4e-07,283.568988,1.5e-06,0.2333,NA,18.8333333333333,4.73255813953488,5.03255813953488,1.59451747615447,0.19649269329816,51.8738095238095,3.25581395348837,1.62790697674419,0
"kingsferry","0_10",8.11e-05,0.0001054,0,NA,NA,NA,NA,NA,3.7,4.2,1.3509262485482,0.246635757280942,46.6,4.3,1.1,0
"kingsferry","10_20",0.000151,5.89e-05,0,NA,NA,NA,NA,NA,4.1,4.4,1.5096443452381,0.210069553241103,55.8,3.6,1.3,0
"kingsferry","20_40",0.0003603,0.0001171,0,NA,NA,NA,NA,NA,4.5,4.7,1.50104635443921,0.215883238671701,32.4,5.5,1.4,0
"kingsferry","40_100",0.0005358,7.46e-05,0,NA,NA,NA,NA,NA,4.48,4.96,1.59451747615447,0.19649269329816,67.22,4.6,2.52,0
"kinston","0_10",0.0176971,0.0022655,2e-07,NA,NA,NA,NA,NA,4.1,4.5,1.3509262485482,0.246635757280942,1.3,40.6,46.3,0
"kinston","10_20",0.0244562,0.0014719,3e-07,NA,NA,NA,NA,NA,4.5,5.2,1.5096443452381,0.210069553241103,21.1,33.7,29.3,0
"kinston","20_40",0.0460928,0.002599,6e-07,NA,NA,NA,NA,NA,4.575,5.25,1.50104635443921,0.215883238671701,44.6474010593,29.3694540148412,19.535668248824,2.4242495503916
"kinston","40_100",0.1460897,0.0076489,2e-06,NA,NA,NA,NA,NA,4.65,5.3,1.59451747615447,0.19649269329816,41.05,34.15,32.7,0
"kolin","0_10",0.14063,0.0337445,2e-06,NA,8e-07,NA,NA,35,4.53333333333333,5.13333333333333,1.435,0.0494974746830584,33.9333333333333,57.8666666666667,8.2,0
"kolin","10_20",0.1875627,0.0543555,3.2e-06,NA,6e-07,NA,NA,61,4.6,5.3,1.53,0.210069553241103,23.1,64.6,12.3,0
"kolin","20_40",0.3597185,0.0312173,4.4e-06,NA,8e-07,NA,NA,46,4.4,5.16666666666667,1.56,0.215883238671701,26.8666666666667,57.1333333333333,16,0.333333333333333
"kolin","40_100",2.5490213,0.1232217,8.94e-05,NA,4e-06,0.3495,NA,41.3636363636364,4.2,5.25454545454545,1.706,0.105261578935526,20.1545454545455,51.7818181818182,28.0636363636364,0.545454545454545
"lakeland","0_10",0.0031697,0.0004425,0,0.2701852,2e-07,1.1475,9.986,1,4.55333333333333,5.08947368421053,1.3509262485482,0.246635757280942,65.7052631578947,4.18421052631579,2.32631578947368,0
"lakeland","10_20",0.0007936,0.0002523,0,0.3321218,3e-07,NA,7.7826,2,4.8,5.48571428571429,1.5096443452381,0.210069553241103,42.3857142857143,5.55714285714286,2.45714285714286,0
"lakeland","20_40",0.0014877,0.0003382,0,0.7205023,9e-07,NA,10.7926,3,5.12,5.53333333333333,1.50104635443921,0.215883238671701,63.5625,4.87777777777778,3.25555555555556,0
"lakeland","40_100",0.0020835,0.0016464,1e-07,2.4874473,3.4e-06,0.2083,12.9556,4,4.67352941176471,5.09555555555556,1.59451747615447,0.19649269329816,75.0088888888889,4.51333333333333,3.22888888888889,0
"latonia","0_10",0.0067569,0.0001166,1e-07,NA,1.5e-06,NA,NA,60,4.6,4.8,1.51,0.246635757280942,58.7,36,5.3,1
"latonia","10_20",0.0065196,5.71e-05,1e-07,NA,9e-07,NA,NA,67,4.825,5.275,1.5096443452381,0.210069553241103,46.7895312870223,30.4653139464118,15.1362533561418,2.95214027796427
"latonia","20_40",0.0138408,NA,2e-07,NA,6e-07,NA,NA,74,5.05,5.75,1.58,0,52.95,35.9,11.15,0
"latonia","40_100",0.0227953,NA,1.3e-06,NA,1.3e-06,NA,NA,43.6666666666667,4.2,4.9,1.65333333333333,0.0305505046330388,51.3666666666667,32.7333333333333,15.9,0.666666666666667
"leadvale","0_10",0.0053559,0.0008065,1e-07,3.3773156,NA,NA,NA,55,NA,5.3,1.3509262485482,0.246635757280942,23.6461538461538,63.9,12.4615384615385,0
"leadvale","10_20",0.0036735,0.0007654,1e-07,0.7548222,NA,NA,NA,41.5,NA,5.26666666666667,1.5096443452381,0.210069553241103,21.3333333333333,63.6666666666667,15,0
"leadvale","20_40",0.0070649,0.0008976,2e-07,4.0828461,NA,NA,NA,28,NA,4.85,1.50104635443921,0.215883238671701,15.575,62.75,21.6833333333333,0
"leadvale","40_100",0.0154063,0.0047991,1.4e-06,9.8328578,NA,NA,NA,19.5,NA,4.99655172413793,1.59451747615447,0.19649269329816,16.4655172413793,55.3344827586207,28.2034482758621,0
"leefield","0_10",0.0020759,0.0003161,0,NA,NA,NA,NA,NA,4.35,4.88333333333333,1.3509262485482,0.246635757280942,38.7666666666667,8.31666666666667,5.63333333333333,0
"leefield","10_20",0.0068538,0.0004592,1e-07,NA,NA,NA,NA,NA,5.04,5.56,1.5096443452381,0.210069553241103,56.58,7.98,5.02,0
"leefield","20_40",0.0010808,0.000161,0,NA,NA,NA,NA,NA,4.575,5,1.50104635443921,0.215883238671701,33.8571428571429,10.7875,5.25,0
"leefield","40_100",0.0060485,0.0013992,2e-07,NA,1.7e-06,0.1585,NA,30,4.45833333333333,4.90555555555556,1.59451747615447,0.19649269329816,52.0571428571429,8.46111111111111,11.4777777777778,0
"lenoir","0_10",1.71456,0.03525,3.74e-05,NA,3.2e-06,NA,0.0058,57,5.35,5.5,1.41,0,14.0333333333333,52.6333333333333,33.3333333333333,0
"lenoir","10_20",3.31177,0.0322,3.65e-05,NA,2.8e-06,NA,0,95,5.9,6.7,1.61,0.210069553241103,6,45.2,48.8,0
"lenoir","20_40",2.26674,0.06027,4.1e-05,NA,2.8e-06,NA,0,25,4.8,5.25,1.47,0.215883238671701,16.5,48.55,34.95,0
"lenoir","40_100",7.6002531,0.2521954,8.65e-05,NA,1e-05,NA,0,21.75,4.36,5.01428571428571,1.486,0.0702139587261679,7.74285714285714,46.4714285714286,45.7857142857143,0
"leon","0_10",0.0485109,0.0047518,3.3e-06,NA,5.4e-06,1.5966,21.8437,15.8333333333333,3.3,4.05,1.05,0.29698484809835,50.95,8.12916666666667,1.325,0
"leon","10_20",0.0013058,0.0017351,3e-07,NA,3e-07,0.9863,20.6109,17.25,3.4625,4.325,1.5096443452381,0.210069553241103,68.85,4.9125,0.6125,0
"leon","20_40",0.0004198,0.0007959,0,NA,1.4e-06,1.289,37.7979,2.75,3.76785714285714,4.43214285714286,1.47666666666667,0.21594752448994,64.9035714285714,3.72142857142857,1.00357142857143,0
"leon","40_100",0.0009065,0.0046577,3e-07,NA,2.7e-06,1.3326,90.2872,11.1875,4.13950617283951,4.52592592592593,1.45,0.321403173599764,64.0475,4.40740740740741,2.3,0
"lexington","0_10",0.2130681,0.010517,4.2e-06,0.9456484,3e-06,1.1258,17.8489,47,4.15,5.32,1.3509262485482,0.246635757280942,19.16,67.86,12.98,0
"lexington","10_20",0.0166061,0.0020607,5e-07,1.056751,2.5e-06,NA,11.0607,78,4.275,5.55,1.5096443452381,0.210069553241103,6.45,65.45,28.1,0
"lexington","20_40",0.21525,0.0259884,3.88e-05,2.1014649,3.3e-06,0.4653,11.1016,60.5,4.4,5.125,1.50104635443921,0.215883238671701,7.825,59.825,32.35,0
"lexington","40_100",0.2856738,0.0260999,8e-05,6.2186182,3e-06,0.1933,6.5289,56.9090909090909,4.36666666666667,5.14545454545455,1.59451747615447,0.19649269329816,24.5272727272727,52.9818181818182,22.4909090909091,0
"lily","0_10",0.8058894,0.0606906,1.74e-05,4.0087654,1.21e-05,2.3497,46.6402343478261,46.046511627907,4.5953488372093,5.01521739130435,1.39333333333333,0.300222139978605,43.6695652173913,43.9326086956522,11.1130434782609,1.1304347826087
"lily","10_20",0.143641,0.0214815,7.8e-06,0.3984023,1.5e-06,0.8948,16.4424306046512,35.8333333333333,4.47,5.02790697674419,1.35833333333333,0.128127540625217,43.1093023255814,44.2767441860465,12.6186046511628,2.23255813953488
"lily","20_40",0.4311256,0.0685628,3.94e-05,0.5578104,1.7e-06,0.6578,7.9960505625,42.4772727272727,4.47555555555556,5.10833333333333,1.55875,0.122408858222878,41.4625,39.3395833333333,19.1958333333333,1.6875
"lily","40_100",1.0723807,0.2144744,0.0001608,0.7626046,2.7e-06,0.3876,1.16668659615385,37.2043010752688,4.16105263157895,4.87572815533981,1.65714285714286,0.112552795914326,51.4365384615385,28.2048076923077,20.3586538461538,1.27884615384615
"lloyd","0_10",0.2621544,0.0374038,1.15e-05,3.1322912,2.9e-06,NA,39.71508625,58,5.03333333333333,5.425,1.415,0.558614357137373,58.725,20.675,20.6,7.25
"lloyd","10_20",0.0121623,0.0074177,1.3e-06,2.4391785,1.6e-06,NA,22.392667,43.5,5,5.5,1.51,0.210069553241103,50.65,24.05,25.3,11
"lloyd","20_40",0.2471215,0.03103,1.5e-05,1.6850586,2.5e-06,NA,22.9008924285714,56.8571428571429,5.38333333333333,5.85714285714286,1.57,0.254558441227157,35.6,20.6571428571429,43.7428571428571,2.42857142857143
"lloyd","40_100",0.5473754,0.0409773,3.51e-05,0.5644723,3.7e-06,NA,11.6657525,37.95,5.12631578947368,5.54,1.558,0.228516957795259,33.81,23.39,42.8,1.7
"louisburg","0_10",NA,NA,NA,NA,NA,NA,NA,20,NA,5.5,1.3509262485482,0.246635757280942,65.2,27.8,7,0
"louisburg","10_20",NA,NA,NA,NA,NA,NA,NA,18.5,NA,5.3,1.5096443452381,0.210069553241103,46.7895312870223,30.4653139464118,15.1362533561418,2.95214027796427
"louisburg","20_40",NA,NA,NA,NA,NA,NA,NA,17,NA,5.1,1.50104635443921,0.215883238671701,60.2,30.9,8.9,0
"louisburg","40_100",NA,NA,NA,NA,NA,NA,NA,24,NA,5.06666666666667,1.59451747615447,0.19649269329816,62.4,24.6333333333333,12.9666666666667,0
"lucy","0_10",0.0691822,0.0022338,2.9e-06,5.8336855,9e-07,1.2529,17.4101502857143,51.6666666666667,4.975,5.67142857142857,1.3509262485482,0.246635757280942,71.9,7.88571428571429,4.21428571428571,1.85714285714286
"lucy","10_20",0.0046926,0.0007702,1e-07,6.952,6e-07,NA,11.5404,39,4.7,4.85,1.58,0.210069553241103,73.3,5.65,5.45,0
"lucy","20_40",0.0065095,0.0021867,5e-07,7.1947296,9e-07,0.4227,12.3738977142857,15.5,4.88,5.71428571428571,1.50104635443921,0.215883238671701,59.0428571428571,8.75714285714286,6.37142857142857,0.142857142857143
"lucy","40_100",0.0837706,0.008618,3.1e-06,3.8766371,1.4e-06,0.2033,8.39918045454545,44,4.68,5.33181818181818,1.616,0.0512835256198323,61.7863636363636,7.00909090909091,13.7954545454545,0.0454545454545455
"lynchburg","0_10",0.0015694,0.0003527,0,NA,NA,NA,NA,44.5,4.2,5.02,1.33,0.29698484809835,52.36,27.4,10.38,0
"lynchburg","10_20",0.0017476,0.0004774,0,NA,NA,NA,NA,33.4166666666667,4.4,4.84,1.7,0.0565685424949239,74.02,21.9,7.8,0
"lynchburg","20_40",0.0005609,0.0003735,0,NA,NA,NA,NA,22.3333333333333,4.2,4.89,1.71,0.0989949493661167,56.32,18.9,9.27,0
"lynchburg","40_100",0.0028971,0.0022747,3e-07,NA,NA,NA,NA,11,4.13333333333333,4.78823529411765,1.816,0.0931665175908169,61.5529411764706,16.3294117647059,17.8058823529412,0
"madison","0_10",0.5973723,0.0396635,2.44e-05,NA,3.5e-06,1.8197,42.8850128,55.3333333333333,4.95,5.12,1.35,0.306104557300279,59.84,19.96,20.2,4.4
"madison","10_20",0.2008138,0.0159402,8e-06,NA,1.4e-06,0.7922,15.182399,31,5.05,5.35,1.765,0.0212132034355964,49.45,21.5666666666667,28.9833333333333,4.5
"madison","20_40",0.219947,0.0242484,1.47e-05,NA,1.5e-06,0.2563,7.56721,34,5.02,5.41666666666667,1.47666666666667,0.0929157324317756,37.65,18.1333333333333,44.2166666666667,0.833333333333333
"madison","40_100",0.5201411,0.0777166,2.87e-05,NA,3.5e-06,0.2094,1.09116525,24.6,4.57272727272727,5.375,1.46444444444444,0.07650344945019,41.00625,17.0875,41.90625,0.25
"malbis","0_10",0.0029601,0.0003778,0,NA,9e-07,NA,NA,39.9333333333333,4.58333333333333,5.15555555555556,1.58666666666667,0.108750478926148,60.0388888888889,31.9444444444444,6.41666666666667,1
"malbis","10_20",0.0411467,0.0098034,3e-07,NA,6e-07,1.1271,NA,44.9285714285714,4.65,5.28125,1.63857142857143,0.162729691147474,58.26875,33.7875,7.23125,1.5
"malbis","20_40",0.0451579,0.0111581,5e-07,NA,7e-07,0.4022,NA,36.5555555555556,4.45,5.14761904761905,1.67,0.0616441400296898,53.3095238095238,31.7619047619048,17.0047619047619,1.57142857142857
"malbis","40_100",0.1025114,0.0229361,1.5e-06,NA,1.9e-06,0.2408,NA,31.4615384615385,4.36428571428571,5.04647887323944,1.72321428571429,0.0730830867310459,45.630985915493,29.369014084507,24.5154929577465,1.74647887323944
"mantachie","0_10",0.4205429,0.0200893,7.8e-06,1.3098146,4.5e-06,2.4039,43.1026923333333,43.3,4.41428571428571,4.89166666666667,1.55,0.0294392028877595,44.425,31.2083333333333,24.375,0.583333333333333
"mantachie","10_20",0.2071031,0.0103403,3.6e-06,0.322095,1.5e-06,1.9567,18.1248865,31.1428571428571,4.31666666666667,4.775,1.635,0.0777817459305201,43.1125,35.275,21.6125,1.5
"mantachie","20_40",0.3628743,0.0141259,4.6e-06,0.668015,1.7e-06,0.6326,10.962492,32,4.1,4.77272727272727,1.595,0.106160256216722,54.4727272727273,27.8909090909091,17.6363636363636,1.45454545454545
"mantachie","40_100",0.4578099,0.0687284,1.6e-05,2.1102451,3.9e-06,0.3306,2.393353,26.6428571428571,4.105,4.775,1.61384615384615,0.12692113440627,56.19375,24.603125,19.203125,1.5
"mascotte","0_10",0.0026613,0.0003425,1e-07,NA,NA,NA,NA,NA,3.35,4.05,1.3509262485482,0.246635757280942,33.05,6,2.4,0
"mascotte","10_20",0.000785,5.89e-05,0,NA,NA,NA,NA,NA,3.3,4.5,1.5096443452381,0.210069553241103,63.6,4,2.7,0
"mascotte","20_40",0.0006304,NA,0,NA,NA,NA,NA,NA,3.95,5.1,1.50104635443921,0.215883238671701,28.05,4.6,1.15,0
"mascotte","40_100",0.00199,0.0003731,2e-07,NA,NA,NA,NA,NA,4.16,4.81,1.59451747615447,0.19649269329816,42.5555555555556,5.32,11.36,0
"mattex","0_10",0.0122016,0.0008221,2e-07,NA,2.5e-06,2.5792,NA,49,3.9,4.1,1.24,0.246635757280942,11.5,58,30.5,0
"mattex","10_20",0.0153247,0.0008571,2e-07,NA,2.4e-06,NA,NA,54,4.175,4.525,1.5096443452381,0.210069553241103,46.7895312870223,30.4653139464118,15.1362533561418,2.95214027796427
"mattex","20_40",0.0324123,0.0014831,3e-07,NA,3.7e-06,NA,NA,59,4.45,4.95,1.47,0.0565685424949239,23.3,46.25,30.45,0.5
"mattex","40_100",0.0110926,0.0019664,7e-07,NA,3.5e-06,NA,NA,24.5,3.8,4.6,1.715,0.0212132034355964,46.3,37.35,16.35,2
"mclaurin","0_10",0.001624,0.0003822,0,NA,9e-07,NA,NA,16,4.2,4.7,1.4,0.246635757280942,53.2,40.6,6.2,0
"mclaurin","10_20",0.0006678,0.0004341,0,NA,6e-07,NA,NA,10,4.2,4.7,1.59,0.210069553241103,56.9,39,4.1,0
"mclaurin","20_40",0.001944,0.0006318,1e-07,NA,6e-07,NA,NA,17,4.3,4.9,1.62,0.215883238671701,50.4,39.5,10.1,0
"mclaurin","40_100",0.00864,0.001872,6e-07,NA,1.2e-06,NA,NA,29,4.3,5,1.6,0.19649269329816,46.7,38.3,15,0
"mecklenburg","0_10",0.0155995,0.0016053,3e-07,6.17435,2.2e-06,NA,NA,65,5.7,6.03333333333333,1.61,0.0424264068711927,39.8333333333333,28.6,31.5666666666667,1.66666666666667
"mecklenburg","10_20",NA,NA,NA,5.1327908,1.6e-06,NA,NA,38,6.15,5.8,1.5096443452381,0.210069553241103,40.7,33.9,25.4,0
"mecklenburg","20_40",0.0175404,0.0015947,3e-07,8.178,2.3e-06,NA,NA,61.5,6.6,6.7,1.41,0.215883238671701,21.2,21.15,57.65,0
"mecklenburg","40_100",0.0703523,0.0027689,2.8e-06,43.5667896,3.7e-06,NA,NA,64.8,5.25,6.15,1.346,0.146901327427631,25.36,33.84,40.8,0.1
"meggett","0_10",0.0043429,0.0002315,1e-07,NA,1.2e-06,NA,NA,25.5,4.15,4.7,1.37,0.113137084989848,69.0333333333333,21.7166666666667,8.13333333333333,0
"meggett","10_20",0.0041612,0.0001182,1e-07,NA,8e-07,NA,NA,31.5,4.53333333333333,5.03333333333333,1.515,0.0494974746830584,62.7,22.3666666666667,8.2,0
"meggett","20_40",0.0219413,0.0036023,7e-07,NA,1.9e-06,NA,NA,65.5,4.03333333333333,4.93333333333333,1.7,0.0565685424949239,48.25,18.65,20.8166666666667,0
"meggett","40_100",0.3047304,0.0075398,6.3e-06,NA,8.8e-06,NA,NA,90.4,4.77142857142857,5.37857142857143,1.75,0.0707106781186548,46.3285714285714,18.75,42.9642857142857,0.857142857142857
"moko","0_10",2.6640232,0.0503425,7.13e-05,2.7982346,NA,3.7948,42.2271876785714,97.0576923076923,6.84,7.33063063063063,1.29,0.246635757280942,29.2196428571429,44.3776785714286,26.4017857142857,0.267857142857143
"moko","10_20",1.7812629,0.0352324,8.1e-05,3.3394231,NA,3.5858,44.4213409649123,96.6603773584906,6.93809523809524,7.4375,1.37,0.210069553241103,32.4105263157895,40.5157894736842,27.0754385964912,0.508771929824561
"moko","20_40",5.7609688,0.0835674,0.0001812,2.264952,NA,NA,96.09217804,95.3404255319149,6.90232558139535,7.436,1.52,0.215883238671701,29.99,42.65,27.356,0.66
"moko","40_100",12.5368803,0.1335039,0.0005318,6.615,NA,NA,360.1737,86.25,6.375,7.15,1.47,0.19649269329816,46.1,33.075,20.825,0
"mollville","0_10",0.0102528,0.0006595,1e-07,0.267,3.8e-06,4.1518,22.3501,51.6666666666667,4.1,5.1,1.335,0.388908729652601,39.7333333333333,46.3,13.9666666666667,0
"mollville","10_20",0.004867,0.0005511,1e-07,0.157,1.3e-06,1.5543,13.9335,32.5,4.1,4.75,1.57,0.0282842712474619,61.9,28,10.1,0
"mollville","20_40",0.0216631,0.001102,9e-07,0.3425,1.5e-06,0.5137,14.1017,54,3.8,4.75,1.7125,0.199895806192459,46.525,37.225,16.25,0
"mollville","40_100",0.0413542,0.0046499,2.1e-06,0.9935615,4.3e-06,0.4747,8.42922377777778,33.5555555555556,3.66666666666667,4.72222222222222,1.65777777777778,0.158727579344122,49.4555555555556,31.0111111111111,19.5333333333333,0.111111111111111
"nikwasi","0_10",0.000288,0.0006365,0,NA,3e-06,NA,NA,2,4.1,4.3,0.96,0.246635757280942,70,17.5,12.5,0
"nikwasi","10_20",0.0003663,0.0005428,0,NA,3e-06,NA,NA,1.5,4.25,4.5,1.5096443452381,0.210069553241103,46.7895312870223,30.4653139464118,15.1362533561418,2.95214027796427
"nikwasi","20_40",0.0004712,0.0001838,0,NA,2.3e-06,NA,NA,1,4.4,4.7,1.24,0.215883238671701,80.1,13.6,6.3,5
"nikwasi","40_100",0.0009445,0.0004093,0,NA,3.9e-06,NA,NA,8.66666666666667,4.53333333333333,4.86666666666667,1.325,0.00707106781186548,92.6666666666667,4.66666666666667,2.66666666666667,34
"nixa","0_10",0.2762016,0.018965,6.1e-06,4.3751165,NA,2.8454,41.1300882857143,35.15,4.4,5.14285714285714,1.3509262485482,0.246635757280942,21.9785714285714,68.2535714285714,9.75714285714286,2.39285714285714
"nixa","10_20",0.2136298,0.0102861,4.7e-06,2.296169,NA,1.6432,21.0103335,39.5,4.4375,5.2625,1.5096443452381,0.210069553241103,19.2875,70.8875,9.8375,4.9375
"nixa","20_40",0.3609285,0.0229477,1.11e-05,14.1727344,NA,0.8465,17.244939516129,29.8260869565217,4.305,5.2,1.50104635443921,0.215883238671701,22.6,66.0774193548387,11.3322580645161,2.41935483870968
"nixa","40_100",1.7064318,0.131705,0.0001218,21.803236,NA,0.4239,6.45925636781609,34.0153846153846,4.11851851851852,4.95977011494253,1.96,0.212132034355964,22.3758620689655,47.9954022988506,29.6310344827586,1.64367816091954
"noark","0_10",0.3501412,0.0270763,5.8e-06,NA,NA,NA,NA,42.625,4.6,5.21395348837209,1.3509262485482,0.246635757280942,17.9860465116279,71.5581395348837,10.4581395348837,0
"noark","10_20",0.123036,0.013466,2.4e-06,NA,NA,NA,NA,27.8,4.5375,5.13181818181818,1.5096443452381,0.210069553241103,16.5272727272727,73.5045454545455,9.95909090909091,0
"noark","20_40",0.2109515,0.0266496,7.2e-06,NA,NA,NA,NA,38.3191489361702,4.44210526315789,5.246,1.50104635443921,0.215883238671701,14.056,67.232,18.718,0.74
"noark","40_100",0.8896083,0.1142649,9.15e-05,NA,NA,NA,NA,31.7714285714286,4.11573033707865,4.87894736842105,1.44,0.19649269329816,13.0622807017544,38.480701754386,48.4605263157895,0.771929824561403
"norfolk","0_10",0.2272152,0.0096071,4.5e-06,NA,1.5e-06,1.2776,71.1606533846154,67,4.93,5.37692307692308,1.735,0.0443471156521669,76.7230769230769,13.1,4.5,0.153846153846154
"norfolk","10_20",0.0261334,0.00524,7e-07,NA,6e-07,0.9219,4.4943,63.625,5.01111111111111,5.56153846153846,1.72,0.0565685424949239,82.6230769230769,12.0153846153846,4.52307692307692,0
"norfolk","20_40",0.0402986,0.005263,1.2e-06,NA,9e-07,0.4219,0.300514,55.5833333333333,4.83125,5.22173913043478,1.774,0.0622896460095898,68.3,13.5086956521739,10.9565217391304,0.260869565217391
"norfolk","40_100",0.2558619,0.0298646,8.5e-06,NA,1.6e-06,0.2012,0.00119503448275862,56.2727272727273,4.54871794871795,5.12068965517241,1.70833333333333,0.0649207661873529,63.2137931034483,11.4120689655172,25.4137931034483,0.413793103448276
"ocilla","0_10",0.002945,0.0005221,0,NA,NA,NA,NA,29,4.59,5.3,1.3509262485482,0.246635757280942,64.4272727272727,8.90909090909091,2.93636363636364,0
"ocilla","10_20",0.0024557,0.0004318,0,NA,NA,NA,NA,45,4.73333333333333,5.4,1.5096443452381,0.210069553241103,52.4,6.6,3.4,0
"ocilla","20_40",0.0011108,0.0003122,0,NA,NA,NA,NA,61,4.65454545454545,5.43333333333333,1.50104635443921,0.215883238671701,55.2416666666667,8.175,3.31666666666667,0
"ocilla","40_100",0.0060827,0.0029653,2e-07,NA,1.7e-06,0.1884,NA,46,4.29714285714286,4.98421052631579,1.59451747615447,0.19649269329816,51.8027777777778,9.11842105263158,12.9078947368421,0
"olustee","0_10",0.0009659,0.0002107,0,NA,NA,NA,NA,NA,3.525,4.325,1.3509262485482,0.246635757280942,36.025,7.75,2.225,0
"olustee","10_20",0.0006234,0.0001428,0,NA,NA,NA,NA,NA,3.8925,4.6025,1.5096443452381,0.210069553241103,46.7895312870223,30.4653139464118,15.1362533561418,2.95214027796427
"olustee","20_40",0.0004083,0.0001171,0,NA,NA,NA,NA,NA,4.26,4.88,1.50104635443921,0.215883238671701,46.86,5.4,3.1,0
"olustee","40_100",0.0020526,0.0003392,2e-07,NA,NA,NA,NA,NA,4.46363636363636,4.94545454545455,1.59451747615447,0.19649269329816,52.8818181818182,5.21818181818182,9.81818181818182,0
"orangeburg","0_10",0.0820499,0.0097657,2.3e-06,68.3385598,1.1e-06,2.0811,46.4837359615385,57.75,4.87368421052632,5.5,1.76333333333333,0.185022521151706,69.8076923076923,13.1230769230769,7.66538461538462,0.192307692307692
"orangeburg","10_20",0.0528313,0.0062978,1.8e-06,39.9799426,6e-07,1.3985,0.159842526315789,67.7142857142857,5.04,5.61578947368421,1.83,0.210069553241103,68.4473684210526,12.0947368421053,8.32631578947368,0.842105263157895
"orangeburg","20_40",0.0795211,0.0183336,2.4e-06,18.0781269,9e-07,0.5151,0.000598457142857143,49.4117647058824,4.976,5.46571428571429,1.73111111111111,0.0964940988408675,66.3588235294118,13.4114285714286,14.8342857142857,0.257142857142857
"orangeburg","40_100",0.2689598,0.0636991,1.38e-05,2.1085433,2e-06,0.2433,0,61.8285714285714,4.94285714285714,5.42375,1.683125,0.0878421880419653,56.6493670886076,10.6625,26.32125,0.575
"ouachita","0_10",1.1229262,0.0131644,1.05e-05,NA,2.4e-06,NA,50.585467673575,NA,4.8,5.5,1.3509262485482,0.246635757280942,48.2886660985049,31.5216808172776,14.2365984772959,2.55253239021966
"ouachita","10_20",1.3004838,0.015246,1.22e-05,NA,2.8e-06,NA,26.546256,NA,4.8,5.5,1.54,0.210069553241103,16.6,60.7,22.7,1
"ouachita","20_40",0.89644,0.02628,4.7e-06,NA,1.8e-06,NA,21.0058,NA,4.1,5,1.46,0.215883238671701,17.9,60,22.1,0
"ouachita","40_100",1.14192,0.05616,1.12e-05,NA,1.9e-06,NA,7.4994,NA,3.8,4.7,1.56,0.19649269329816,20.9,58,21.1,0
"pacolet","0_10",0.0011269,0.0004638,0,NA,7e-07,NA,NA,18.2857142857143,4.43333333333333,4.8,1.16,0.0888819441731559,60.1285714285714,19.9714285714286,19.9,10.2857142857143
"pacolet","10_20",0.0009427,0.0003665,0,NA,7e-07,NA,NA,13.9428571428571,4.42916666666667,4.75,1.5096443452381,0.210069553241103,46.7895312870223,30.4653139464118,15.1362533561418,2.95214027796427
"pacolet","20_40",0.0005108,0.0001367,0,NA,8e-07,NA,NA,9.6,4.425,4.7,1.4325,0.177270979012358,50.52,20.96,28.52,12.6
"pacolet","40_100",0.0007016,0.0002736,3e-07,NA,2.4e-06,NA,NA,6.92857142857143,4.53636363636364,5.03571428571429,1.60272727272727,0.269224475450911,45.7,15.4642857142857,38.8357142857143,7.14285714285714
"pamlico","0_10",0.2145803,0.0730626,4.13e-05,NA,2.76e-05,NA,0.00565195312136726,5.5,3.45,3.8,1.3509262485482,0.246635757280942,48.2886660985049,31.5216808172776,14.2365984772959,2.55253239021966
"pamlico","10_20",0.246072,0.0837853,4.74e-05,NA,3.16e-05,NA,0,5.5,3.45,3.8,1.5096443452381,0.210069553241103,9.15000000000001,34.9,26.45,0
"pamlico","20_40",0.3977773,0.0375262,8.84e-05,NA,1.51e-05,NA,0,6.5,3.6,4,1.50104635443921,0.215883238671701,68.45,28.95,2.6,0
"pamlico","40_100",0.0323241,0.017379,1.7e-06,NA,2.7e-06,2.9225,0,2.5,3.93,4.46666666666667,1.59451747615447,0.19649269329816,78.8066666666667,5.56666666666667,2.62666666666667,0
"pantego","0_10",0.0010795,0.0005648,0,NA,NA,NA,NA,NA,4.7,4.4,1.3509262485482,0.246635757280942,48.2886660985049,31.5216808172776,14.2365984772959,2.55253239021966
"pantego","10_20",0.0012379,0.0006476,0,NA,NA,NA,NA,NA,4.7,4.4,1.5096443452381,0.210069553241103,38.4,26.9,19.7,0
"pantego","20_40",0.0010507,0.0009952,1e-07,NA,NA,NA,NA,NA,3.95,4.4,1.50104635443921,0.215883238671701,26.65,31.65,16.45,0
"pantego","40_100",0.0018177,0.0010261,1e-07,NA,NA,NA,NA,NA,3.925,4.525,1.59451747615447,0.19649269329816,47.925,28.225,18.95,0
"pelham","0_10",0.0037057,0.0004607,1e-07,NA,1.2e-06,2.3623,NA,7.25,4.19090909090909,4.57272727272727,1.6,0.246635757280942,67.0181818181818,8.90909090909091,4.19090909090909,0.0909090909090909
"pelham","10_20",6.04e-05,NA,0,NA,7e-07,NA,NA,8.29166666666667,4.6,4.5,1.5096443452381,0.210069553241103,31.2,7,2.2,0
"pelham","20_40",0.000396,0.0001416,0,NA,7e-07,0.748,NA,9.33333333333333,4.41,4.78,1.65,0.215883238671701,60.9,9.24,3.54,0
"pelham","40_100",0.0020548,0.001236,1e-07,NA,1.5e-06,0.4297,NA,15,4.19032258064516,4.71612903225806,1.8,0.0360555127546399,63.6935483870968,8.23870967741935,11.3387096774194,0.032258064516129
"plott","0_10",0.0219716,0.0020696,2e-07,NA,5.2e-06,NA,NA,38,4.9,5.1,0.95,0.246635757280942,46.2,37.3,16.5,2
"plott","10_20",0.0189728,0.002057,2e-07,NA,5.5e-06,NA,NA,22.5,4.8,5.1,1.5096443452381,0.210069553241103,46.7895312870223,30.4653139464118,15.1362533561418,2.95214027796427
"plott","20_40",0.0040627,0.0010333,0,NA,3.4e-06,2.9234,NA,7,4.7,5.1,0.96,0.215883238671701,46.9,40.7,12.4,8
"plott","40_100",0.0073592,0.0014267,2e-07,NA,5e-06,1.0795,NA,6.66666666666667,4.8,5.16666666666667,1.18666666666667,0.128970280814354,56.9666666666667,29.3666666666667,13.6666666666667,9.33333333333333
"plummer","0_10",0.0006863,0.000274,0,NA,NA,NA,NA,NA,3.94,4.52,1.3509262485482,0.246635757280942,40.34,7.56,4.52,0
"plummer","10_20",0.0021538,9.81e-05,0,NA,NA,NA,NA,NA,4.5,5.03333333333333,1.5096443452381,0.210069553241103,52.3666666666667,5.96666666666667,2.4,0
"plummer","20_40",0.0003002,0.0001464,0,NA,NA,NA,NA,NA,4.475,4.775,1.50104635443921,0.215883238671701,66.675,7.35,3.225,0
"plummer","40_100",0.0008079,0.0003524,0,NA,NA,NA,NA,NA,4.70555555555556,5.00555555555556,1.59451747615447,0.19649269329816,52.2722222222222,4.71111111111111,2.12222222222222,0
"poarch","0_10",0.0075202,0.0033102,0,0.1621111,9e-07,2.6478,12.4332,6.5,4.16666666666667,4.63333333333333,1.3509262485482,0.246635757280942,51.3,25.2,4.66666666666667,0
"poarch","10_20",0.0066368,0.0035137,0,0.1684839,5e-07,NA,7.18367667234453,11.25,4.21666666666667,4.66666666666667,1.5096443452381,0.210069553241103,46.7895312870223,30.4653139464118,15.1362533561418,2.95214027796427
"poarch","20_40",0.0104524,0.0070204,0,0.3291294,NA,0.2394,7.00726433333333,16,4.26666666666667,4.7,1.50104635443921,0.215883238671701,55.8333333333333,25.6333333333333,7.86666666666667,0.333333333333333
"poarch","40_100",0.0480262,0.0202764,2.4e-06,0.3181948,1.8e-06,0.228,3.68020355555556,11.6666666666667,4.13333333333333,4.72222222222222,1.59451747615447,0.19649269329816,70.2555555555556,20.4666666666667,14.6,0.222222222222222
"ponzer","0_10",0.020976,0.0013416,3e-07,NA,4.5e-06,NA,NA,2,3.8,4.2,0.8,0.246635757280942,59.5,13.6,46.6,0
"ponzer","10_20",0.0216148,0.0015713,3e-07,NA,7e-06,NA,NA,2,3.6,3.93333333333333,1.5096443452381,0.210069553241103,46.7895312870223,30.4653139464118,15.1362533561418,2.95214027796427
"ponzer","20_40",0.0047328,0.0006739,1e-07,NA,5.6e-06,NA,NA,2,3.4,3.66666666666667,0.72,0.215883238671701,69.1666666666667,42.6333333333333,24.8666666666667,0
"ponzer","40_100",0.0055121,0.0029943,2e-07,NA,1.83e-05,NA,NA,4.5,3.88571428571429,4.21666666666667,1.15,0.240416305603426,33.3857142857143,49.9285714285714,13.7571428571429,0.142857142857143
"portia","0_10",0.2768949,0.0168005,8.7e-06,NA,NA,2.6633,10.9971,47.2380952380952,4.90952380952381,5.44583333333333,1.3509262485482,0.246635757280942,34.0458333333333,55.7708333333333,10.1833333333333,0
"portia","10_20",0.1203535,0.0168012,6.5e-06,NA,NA,0.8806,10.1783,33.9166666666667,4.525,5.18461538461538,1.5096443452381,0.210069553241103,38.0384615384615,51.0538461538462,10.9,0
"portia","20_40",0.242511,0.0327674,1.58e-05,NA,NA,0.56,18.1396,34.5,4.46296296296296,5.14516129032258,1.50104635443921,0.215883238671701,28.7516129032258,53.6387096774194,17.6129032258065,0
"portia","40_100",1.4882373,0.1442962,0.0001645,NA,NA,0.279,40.2536,44.8666666666667,4.43650793650794,5.10985915492958,1.59451747615447,0.19649269329816,27.6267605633803,37.1450704225352,35.230985915493,0
"pottsburg","0_10",0.0005167,0.0001251,0,NA,NA,NA,NA,NA,3.875,4.4,1.3509262485482,0.246635757280942,47.425,4.175,1.7625,0
"pottsburg","10_20",0.0001359,8.83e-05,0,NA,NA,NA,NA,NA,4.25,5.25,1.5096443452381,0.210069553241103,47.6,5,1.85,0
"pottsburg","20_40",0.0001276,4.39e-05,0,NA,NA,NA,NA,NA,4.55,4.825,1.50104635443921,0.215883238671701,47.2,4.8375,1.6875,0
"pottsburg","40_100",0.0003614,8.29e-05,0,NA,NA,NA,NA,NA,4.74444444444444,5.05,1.59451747615447,0.19649269329816,44.3944444444444,4.37777777777778,1.92777777777778,0
"providence","0_10",0.0099655,0.0009622,2e-07,NA,1.3e-06,NA,NA,60.3333333333333,5.75,5.83333333333333,1.21333333333333,0.204287379280594,14.5,75.5,10,0
"providence","10_20",0.0037424,0.0003723,2e-07,NA,6e-07,NA,NA,43,4.63333333333333,5.175,1.5275,0.0846069343099804,15.625,68.425,15.95,0
"providence","20_40",0.0105907,0.001222,8e-07,NA,1.1e-06,NA,NA,55.3333333333333,4.525,5.1,1.56666666666667,0.0152752523165195,11.1666666666667,65.0333333333333,23.8,0
"providence","40_100",0.0156259,0.0043998,3.1e-06,NA,2.4e-06,NA,NA,48.8571428571429,4.22,5.09285714285714,1.635,0.0988571053224161,19.2285714285714,57.4071428571429,23.3642857142857,0
"rains","0_10",0.0027249,0.0038807,1e-07,NA,2.3e-06,2.7655,0.00579107692307692,13.4,4.21428571428571,4.53076923076923,1.35,0.06557438524302,58.4916666666667,25.2153846153846,10.2076923076923,0.153846153846154
"rains","10_20",0.0038617,0.0002971,1e-07,NA,1.4e-06,NA,0,68,4.6,4.76,1.465,0.0777817459305203,61.8,25.74,8.72,0
"rains","20_40",0.0024247,0.0014879,2e-07,NA,8e-07,0.6001,0,15.6666666666667,4.18888888888889,4.63333333333333,1.5725,0.0602079728939614,69.58,20.0333333333333,12.1066666666667,0.133333333333333
"rains","40_100",0.0223656,0.0033701,5e-07,NA,3.3e-06,0.4448,0,30.5454545454545,4.25294117647059,4.68666666666667,1.69714285714286,0.0446147530585589,61.1533333333333,19.1766666666667,23.5466666666667,0.133333333333333
"reddies","0_10",0.1571524,0.0063118,1.7e-06,2.3933,3.4e-06,NA,37.0023,27,4.225,5.2,0.91,0.197989898732233,64.475,31.025,8.05,0
"reddies","10_20",0.0634368,0.0037634,6e-07,1.3924833,2.6e-06,3.0699,23.5769033333333,26,4.56666666666667,5.03333333333333,1.34,0.210069553241103,68.2,21.8,10,3.33333333333333
"reddies","20_40",0.0442502,0.0057405,4e-07,7.6092,2.6e-06,NA,26.6732,8,4.525,4.875,1.24333333333333,0.280059517483933,69.95,23.375,6.675,0
"reddies","40_100",0.0183619,0.0032402,3e-07,5.1942453,2.9e-06,0.4251,10.1067984545455,26.4,5.18181818181818,5.41818181818182,1.23,0.13076696830622,80.3636363636364,13.2272727272727,6.40909090909091,46.2727272727273
"rexor","0_10",0.0101629,0.0010782,3e-07,NA,NA,NA,NA,77,NA,6.5,1.3509262485482,0.246635757280942,48.2886660985049,31.5216808172776,14.2365984772959,2.55253239021966
"rexor","10_20",0.0116545,0.0012364,4e-07,NA,NA,NA,NA,77,NA,6.5,1.5096443452381,0.210069553241103,26.7,62.3,10.9,0
"rexor","20_40",0.0224825,0.0021706,8e-07,NA,NA,NA,NA,66.5,NA,6.3,1.50104635443921,0.215883238671701,44.6474010593,29.3694540148412,19.535668248824,2.4242495503916
"rexor","40_100",0.072997,0.006343,3.1e-06,NA,NA,NA,NA,56,NA,6.1,1.59451747615447,0.19649269329816,27.35,54.45,20.2,0
"rosman","0_10",0.010714,0.0013728,1e-07,0.44,2.9e-06,2.079,39.666,39.5,4.65,5.35,1.1,0.212132034355964,43.3,41.35,15.35,0
"rosman","10_20",0.0246486,0.0022595,2e-07,0.26334,1.9e-06,NA,28.176489,85,5.7,5.9,1.33,0.210069553241103,62.4,25.2,12.4,1
"rosman","20_40",0.0198648,0.0023213,2e-07,NA,4.3e-06,2.2444,35.074,37.5,4.9,5.5,1.24,0.127279220613579,43.7,41.7,14.6,0
"rosman","40_100",0.0398524,0.002482,5e-07,8.127,5e-06,0.8274,32.1398,44,5.45555555555556,5.98888888888889,1.29,0.132233559604642,69.6222222222222,23.7555555555556,6.62222222222222,0
"ruston","0_10",0.0057912,0.0006156,1e-07,0.446702,1.2e-06,NA,NA,57.5833333333333,4.85,5.4,1.49,0.0367423461417477,65.26,29.2666666666667,5.47333333333333,0.0666666666666667
"ruston","10_20",0.0064845,0.000588,1e-07,0.3435,5e-07,NA,NA,61.1428571428571,5.225,5.5,1.7175,0.17423642940939,57.8,31.1888888888889,11.0111111111111,0
"ruston","20_40",0.0076176,0.0011324,2e-07,1.020819,7e-07,NA,NA,44.7272727272727,4.7,5.30666666666667,1.7025,0.0394757309410901,57.4733333333333,29.6933333333333,12.8333333333333,0.0666666666666667
"ruston","40_100",0.0265168,0.0050516,1.4e-06,2.4520866,1.6e-06,NA,NA,45.6052631578947,4.49259259259259,5.09302325581395,1.75352941176471,0.0561183098986628,56.6116279069767,23.5860465116279,19.8023255813953,0.116279069767442
"rutlege","0_10",0.0001216,0.0002898,0,NA,NA,NA,NA,NA,3.85,4.65,1.3509262485482,0.246635757280942,76.75,7,3.25,0
"rutlege","10_20",3.02e-05,0.0001766,0,NA,NA,NA,NA,NA,4.5,5,1.5096443452381,0.210069553241103,44,11.6,2.6,0
"rutlege","20_40",0.0005404,0.0001561,0,NA,NA,NA,NA,NA,4.13333333333333,4.43333333333333,1.50104635443921,0.215883238671701,58.3666666666667,5.83333333333333,2.96666666666667,0
"rutlege","40_100",0.0198145,0.0003317,0,NA,NA,NA,NA,NA,5.1,5.42222222222222,1.59451747615447,0.19649269329816,50.0444444444444,4.46666666666667,4.2,0
"sacul","0_10",0.0032055,0.0006314,1e-07,NA,1.3e-06,2.9075,NA,43.7142857142857,4.3,5,1.435,0.0919238815542511,50.0142857142857,41.5428571428571,30.3,1.28571428571429
"sacul","10_20",0.0001954,0.0003232,1e-07,NA,9e-07,NA,NA,39.6,4.25,5.23333333333333,1.48,0.210069553241103,36.82,41.44,36.78,0
"sacul","20_40",0.0022448,0.0011077,3e-07,NA,1e-06,0.7135,NA,37.8571428571429,4.2,5.06,1.62666666666667,0.0513160143944688,37.5142857142857,42.0142857142857,31.9857142857143,1.42857142857143
"sacul","40_100",0.0038741,0.0062415,2.6e-06,NA,3.3e-06,0.4287,NA,27.1666666666667,3.9,4.71818181818182,1.64,0.0728010988928051,30.3095238095238,36.5,35.4904761904762,1.57142857142857
"saffell","0_10",0.2228205,0.0142384,3.1e-06,1.0131947,2.1e-06,3.1662,27.6800625,52.625,4.84,5.575,1.3509262485482,0.246635757280942,32.65,55.9875,11.3625,6.25
"saffell","10_20",0.0821257,0.0041599,1e-06,0.365355,8e-07,1.364,11.2975885,29.75,4.43333333333333,4.975,1.38,0.210069553241103,18,65.775,16.225,11.75
"saffell","20_40",0.0904574,0.0093371,4.5e-06,2.9954971,1.2e-06,1.0081,6.74105457142857,30.4285714285714,4.46,5.3,1.36,0.215883238671701,32.9285714285714,50.7714285714286,16.3,15.2857142857143
"saffell","40_100",0.0600049,0.0228543,1.51e-05,1.7579571,1.9e-06,0.2559,1.47715214285714,23.2857142857143,4.31428571428571,4.90714285714286,1.21,0.19649269329816,47.7714285714286,31.6142857142857,20.6142857142857,19.2857142857143
"sapelo","0_10",0.0022503,0.0003086,0,0.2701852,9e-07,NA,12.678,15.5,3.44285714285714,4.12142857142857,1.3509262485482,0.246635757280942,53.2846153846154,7.10714285714286,1.12857142857143,0
"sapelo","10_20",0.0208392,0.0027507,7e-07,0.304,1e-06,1.121,14.6013,70,3.5,4.51666666666667,1.52,0.210069553241103,79.46,6.76666666666667,1.01666666666667,0
"sapelo","20_40",0.0005194,8.78e-05,0,1.2158475,1.4e-06,NA,36.184,6,3.81,4.66,1.50104635443921,0.215883238671701,55.26,6.45,1.435,0
"sapelo","40_100",0.012826,0.0086731,4e-07,5.8926,2.9e-06,1.2274,196.1016,30.5,4.20877192982456,4.77741935483871,1.61,0.0692820323027551,56.3903225806452,5.73548387096774,4.24354838709677,0
"saucier","0_10",0.0044373,0.000459,1e-07,NA,1.3e-06,NA,NA,32.5,4.45,4.9,1.42,0.127279220613579,40.75,29.55,12.525,2.5
"saucier","10_20",0.0091298,0.0003069,2e-07,NA,1.4e-06,NA,NA,37,4.4,4.9,1.59,0.210069553241103,44.3,39.5,16.2,1
"saucier","20_40",0.0021989,0.0001612,1e-07,NA,7e-07,NA,NA,23,4.375,4.975,1.67,0.014142135623731,53.65,25.925,14.175,1
"saucier","40_100",0.0088121,0.0020008,5e-07,NA,2e-06,NA,NA,25,4.38,5.07,1.685,0.0404145188432738,45.32,27.27,27.61,0.5
"saunook","0_10",0.0259896,0.0060049,2e-07,NA,4.1e-06,NA,NA,56,5.3,5.7,1.3,0.246635757280942,43.1,32.2,24.7,16
"saunook","10_20",0.025291,0.0029885,4e-07,NA,3.3e-06,NA,NA,53.3333333333333,5.3,5.66666666666667,1.29,0.175214154679352,40.8666666666667,37.9,21.2333333333333,7.66666666666667
"saunook","20_40",0.0270482,0.0061114,5e-07,NA,2.9e-06,NA,NA,42.3333333333333,5.26666666666667,5.76666666666667,1.43,0.229128784747792,43.4333333333333,34.8,21.7666666666667,10.6666666666667
"saunook","40_100",0.0339028,0.0097692,9e-07,NA,4.4e-06,NA,NA,36.75,5.325,5.875,1.26,0.208885933785244,44.8,33.8375,21.3625,29.875
"sharkey","0_10",0.6892522,0.0253786,2.22e-05,7.424032,6e-06,2.6855,31.3181325714286,89.1785714285714,5.76060606060606,6.04871794871795,1.54,0.346121365997536,5.41904761904762,31.7333333333333,62.847619047619,0.19047619047619
"sharkey","10_20",0.3199811,0.0166788,1.13e-05,9.607511,3.4e-06,2.3827,27.6708166363636,89.35,5.67777777777778,6.08636363636364,1.852,0.055703295619354,1.27272727272727,32.0136363636364,66.7136363636364,0.0454545454545455
"sharkey","20_40",1.8724264,0.0519152,7.67e-05,10.8109857,5.6e-06,2.1313,45.9719,90.5555555555556,5.85,6.10769230769231,1.80785714285714,0.0867515082048962,3.63076923076923,31.5384615384615,64.8307692307692,0
"sharkey","40_100",6.5636524,0.1789049,0.0003163,22.6510144,1.24e-05,1.3087,85.30573545,93.9322033898305,6.33283582089552,6.4875,1.81230769230769,0.104280686315643,3.2125,30.6825,66.105,0.0125
"smithdale","0_10",0.2897761,0.0102217,4.6e-06,NA,2.1e-06,1.495,65.9988225,42.0833333333333,4.46,5.075,1.57,0.0264575131106459,74.7,19.7083333333333,5.59166666666667,2.5
"smithdale","10_20",0.0072312,0.0060742,9e-07,NA,1.2e-06,NA,18.3240492,7.2,4.34,4.82,1.5096443452381,0.210069553241103,74.72,19.94,5.34,4.2
"smithdale","20_40",0.0228623,0.0080203,8e-07,NA,1.2e-06,0.3911,6.69433142857143,33.2857142857143,4.55,5.4,1.5575,0.0903234926989282,68.1714285714286,20.7285714285714,11.1,3.42857142857143
"smithdale","40_100",0.0594734,0.0540618,3.22e-05,NA,4.4e-06,0.1626,0.59494752,23.4166666666667,4.24545454545455,5.052,1.7,0.05,62.636,16.14,21.224,1.04
"smithton","0_10",NA,NA,NA,NA,NA,NA,NA,10,NA,4.7,1.3509262485482,0.246635757280942,48.6,45.5,5.9,0
"smithton","10_20",NA,NA,NA,NA,NA,NA,NA,9.5,NA,4.75,1.5096443452381,0.210069553241103,46.7895312870223,30.4653139464118,15.1362533561418,2.95214027796427
"smithton","20_40",NA,NA,NA,NA,NA,NA,NA,9,NA,4.8,1.50104635443921,0.215883238671701,51.7,41.6,6.7,0
"smithton","40_100",NA,NA,NA,NA,NA,NA,NA,11,NA,4.75,1.59451747615447,0.19649269329816,51.8,40.05,8.15,0
"susquehanna","0_10",0.0294046,0.0059857,2.4e-06,NA,1.1e-06,1.4232,19.359054,17.5,4.2,4.9,1.36,0.226274169979695,59.6333333333333,36.2666666666667,4.1,0.333333333333333
"susquehanna","10_20",0.0070446,0.0010303,4e-07,NA,6e-07,NA,13.1430545,29.5,4.3,4.8,1.475,0.162634559672906,29.7,44.95,25.35,0.5
"susquehanna","20_40",0.5694621,0.0339336,5.34e-05,NA,1.3e-06,0.8437,15.0916,38.5,4.15,4.725,1.77,0.0761577310586392,30.8,19.95,49.25,0
"susquehanna","40_100",3.741882,0.2320939,0.0004249,NA,3e-06,0.3089,11.6998,51.75,4.225,4.68571428571429,1.88333333333333,0.0553774924194538,32.9857142857143,18.0571428571429,48.9571428571429,0
"tate","0_10",0.0067546,0.0030173,3e-07,0.2779667,1.07e-05,NA,53.7452136666667,10.5,3.63333333333333,4.2,1.55,0.246635757280942,72.6666666666667,37,14.3,10.3333333333333
"tate","10_20",0.0002959,0.0006462,0,NA,1.5e-06,0.9824,22.873312,8,4.2,4.65,1.345,0.205060966544099,57.8,24.25,17.95,12
"tate","20_40",0.0005204,0.0003205,0,NA,1.8e-06,0.6163,14.705054,8,4.05,4.7,1.505,0.0919238815542513,51.95,24.5,23.55,9
"tate","40_100",0.0024611,0.0038994,4e-07,NA,2.2e-06,0.1154,3.122868,21,4.26,5.02,1.526,0.0998999499499374,58.04,21.62,20.34,16
"tippah","0_10",0.0049278,0.000654,1e-07,NA,9e-07,NA,NA,37,4.2,4.9,1.29,0.246635757280942,9.8,81.3,8.9,0
"tippah","10_20",0.0042267,0.0006285,2e-07,NA,7e-07,NA,NA,29.5,4.225,4.825,1.5096443452381,0.210069553241103,46.7895312870223,30.4653139464118,15.1362533561418,2.95214027796427
"tippah","20_40",0.0058695,0.0010565,5e-07,NA,8e-07,NA,NA,22,4.25,4.75,1.505,0.0919238815542513,6.15,70.15,23.7,0
"tippah","40_100",0.1188487,0.0107281,7.8e-06,NA,2.2e-06,NA,NA,57.6666666666667,4.2,4.76666666666667,1.76333333333333,0.187171935218219,4.7,58.4333333333333,36.8666666666667,0
"toccoa","0_10",0.4789422,0.0339768,1.3e-05,0.313632,2.4e-06,NA,28.457649,55.5,5.05,5.5,1.32,0.246635757280942,38.65,37.15,24.2,1
"toccoa","10_20",0.1706723,0.0068703,2.6e-06,0.2024925,1.2e-06,NA,14.5142235,46.75,5.2,5.725,1.45,0.210069553241103,62.25,23.925,13.825,0.25
"toccoa","20_40",0.0818933,0.0077467,7e-06,0.2656,1.1e-06,NA,11.0938,40,4.6,5.3,1.66,0.215883238671701,65.5333333333333,23.9333333333333,10.5333333333333,0
"toccoa","40_100",0.4801793,0.0373249,3.76e-05,0.605268,1.7e-06,NA,3.7162664,49.6,5.22,5.63,1.7,0.0360555127546399,69.48,19.92,10.6,1.1
"toinette","0_10",0.4458057,0.0310713,7.4e-06,NA,2.4e-06,NA,33.5029,NA,4.7,5.3,1.3509262485482,0.246635757280942,80.1,15.4,4.5,0
"toinette","10_20",0.254191,0.0212436,4e-06,NA,1.7e-06,NA,12.6165129074438,NA,4.45,5.05,1.5096443452381,0.210069553241103,46.7895312870223,30.4653139464118,15.1362533561418,2.95214027796427
"toinette","20_40",0.0510356,0.0180126,NA,NA,1.5e-06,NA,7.0021,NA,4.2,4.8,1.50104635443921,0.215883238671701,84.3,11.8,3.9,0
"toinette","40_100",0.6856425,0.1052382,2.49e-05,NA,4.2e-06,NA,1.237,NA,4.13333333333333,4.9,1.59451747615447,0.19649269329816,78.7666666666667,5.53333333333333,15.7,0
"townley","0_10",NA,NA,NA,NA,NA,NA,NA,58,NA,5.3,1.3509262485482,0.246635757280942,21,52.5,26.5,0
"townley","10_20",NA,NA,NA,NA,NA,NA,NA,47.5,NA,5.1,1.5096443452381,0.210069553241103,46.7895312870223,30.4653139464118,15.1362533561418,2.95214027796427
"townley","20_40",NA,NA,NA,NA,NA,NA,NA,37,NA,4.9,1.50104635443921,0.215883238671701,9,39.9,51.1,0
"townley","40_100",NA,NA,NA,NA,NA,NA,NA,18,NA,4.66666666666667,1.59451747615447,0.19649269329816,6.83333333333333,44.4666666666667,48.7,0
"toxaway","0_10",0.011024,4.13e-05,1e-07,0.212,4.4e-06,NA,NA,24,4.5,5,1.06,0.246635757280942,7,58.8,34.2,0
"toxaway","10_20",0.0100578,5.71e-05,1e-07,0.3662694,5.1e-06,NA,NA,16.5,4.5,5.075,1.5096443452381,0.210069553241103,46.7895312870223,30.4653139464118,15.1362533561418,2.95214027796427
"toxaway","20_40",0.0071262,8.35e-05,1e-07,0.642,6e-06,NA,NA,9,4.5,5.15,1.07,0.0282842712474619,7.25,59.3,33.45,0
"toxaway","40_100",0.0107343,0.0002894,3e-07,12.614,1.16e-05,NA,NA,6.33333333333333,4.3,5.06666666666667,1.23666666666667,0.0288675134594813,9.83333333333333,62.0333333333333,28.1333333333333,0
"trimont","0_10",0.121961,0.029792,4.6e-06,NA,2.8e-06,NA,NA,12,4.3,5,0.95,0.246635757280942,50.6,28,21.4,2
"trimont","10_20",0.0208716,0.0142619,1e-06,NA,3.2e-06,NA,NA,16.5,4.6,5.05,1.12,0.183847763108502,45.2,28.15,26.65,5.5
"trimont","20_40",0.0863249,0.0751883,1.93e-05,NA,2.6e-06,1.5308,NA,19,4.65,5.3,1.37,0.0282842712474618,45.75,20.8,33.45,4.5
"trimont","40_100",0.0734906,0.4007178,2.4e-05,NA,3.5e-06,0.3053,NA,17.8333333333333,4.71666666666667,5.7,1.42833333333333,0.170577450639487,63.4833333333333,15.5333333333333,20.9833333333333,5
"troup","0_10",0.0696046,0.0055178,1.5e-06,NA,1e-06,1.4086,33.8417,36.5384615384615,4.77647058823529,5.20714285714286,1.58,0.0989949493661166,76.3785714285714,7.36428571428571,3.5,0
"troup","10_20",0.0059166,0.00375,2e-07,NA,7e-07,0.7481,7.5276,7.4,4.46,5.1,1.71,0.210069553241103,87.6285714285714,8.52857142857143,3.84285714285714,0
"troup","20_40",0.0308096,0.007216,1.3e-06,NA,7e-07,0.3973,2.04587655,38.2857142857143,4.92307692307692,5.355,1.5,0.215883238671701,73.025,8.425,3.965,0.05
"troup","40_100",0.0404003,0.012725,1.5e-06,NA,2.4e-06,0.1847,0.106299056603774,18.0952380952381,4.69032258064516,5.19811320754717,1.87,0.459238500128201,74.2660377358491,7.7622641509434,5.13396226415094,0.188679245283019
"tuckasegee","0_10",0.0032121,0.0013862,0,NA,5.6e-06,NA,NA,7,4.4,4.7,1.3509262485482,0.246635757280942,48.2886660985049,31.5216808172776,14.2365984772959,2.55253239021966
"tuckasegee","10_20",0.0022751,0.0009818,0,NA,4e-06,NA,NA,7,4.4,4.7,1.11,0.210069553241103,56.4,28.1,15.5,16
"tuckasegee","20_40",0.0009778,0.0004449,0,NA,3.4e-06,NA,NA,3,4.6,5,0.97,0.215883238671701,58.5,31.1,10.4,16
"tuckasegee","40_100",0.0066434,0.0014322,2e-07,NA,5e-06,NA,NA,8.66666666666667,4.46666666666667,5.26666666666667,1.17,0.09,57.5333333333333,22.2333333333333,20.2333333333333,28.6666666666667
"tusquitee","0_10",0.0206365,0.0026299,2e-07,NA,5e-06,NA,NA,5,4.4,5.55,0.57,0.246635757280942,35.45,36.95,37.5,1
"tusquitee","10_20",0.0006048,0.0006318,0,NA,2.3e-06,NA,NA,4,4.4,5.4,1.2,0.210069553241103,52.6,28.7,18.7,10
"tusquitee","20_40",0.0009831,0.0008714,0,NA,4.7e-06,NA,NA,4,4.5,5.4,1.14,0.215883238671701,57.7,24.2,18.1,2
"tusquitee","40_100",0.004549,0.0020944,2e-07,NA,1.33e-05,NA,NA,8,4.55,5.05,1.3,0.15556349186104,64.2,20.15,15.65,19
"udorthents","0_10",0.6768141,0.0418787,2e-05,NA,NA,NA,17.2208,37,NA,4.9,1.3509262485482,0.246635757280942,32.2,45.2,22.6,0
"udorthents","10_20",0.6365762,0.0454174,2.56e-05,NA,NA,NA,10.0463944384251,31.5,NA,5,1.5096443452381,0.210069553241103,46.7895312870223,30.4653139464118,15.1362533561418,2.95214027796427
"udorthents","20_40",1.1047701,0.0930649,6.06e-05,NA,NA,NA,9.9638,26,NA,5.1,1.50104635443921,0.215883238671701,22.3,44.8,32.9,0
"udorthents","40_100",2.276971,0.4113855,0.0003215,NA,NA,NA,5.3719,27,NA,4.9,1.59451747615447,0.19649269329816,43.6,32.7,23.7,0
"unaka","0_10",0.0097996,0.0016596,1e-07,NA,NA,NA,NA,13,4.2,4.4,1.3509262485482,0.246635757280942,40.3,35.5,24.2,10
"unaka","10_20",0.0009239,0.0005299,0,NA,NA,NA,NA,2,4.4,4.8,1.5096443452381,0.210069553241103,40.2,39.3,20.5,10
"unaka","20_40",0.0011048,0.0005386,0,NA,NA,NA,NA,2,4.3,4.8,1.50104635443921,0.215883238671701,45.7,36,18.3,8
"unaka","40_100",0.001636,0.0003358,0,NA,NA,NA,NA,2,4.3,4.8,1.59451747615447,0.19649269329816,58.9,28.85,12.25,10
"urban land","0_10",0.0869087,0.0042294,4e-07,NA,NA,NA,NA,98.8,6.77,6.97,1.3509262485482,0.246635757280942,43.63,36.81,19.56,16.9
"urban land","10_20",0.1209715,0.0052224,6e-07,NA,NA,NA,NA,97.55,6.735,7.025,1.5096443452381,0.210069553241103,46.7895312870223,30.4653139464118,15.1362533561418,2.95214027796427
"urban land","20_40",0.2272759,0.0087098,9e-07,NA,NA,NA,NA,96.3,6.7,7.08,1.50104635443921,0.215883238671701,39.07,39.12,21.81,13.7
"urban land","40_100",0.8116485,0.0311044,3.4e-06,NA,NA,NA,NA,96.3,6.7,7.08,1.59451747615447,0.19649269329816,47.1527031434407,24.7802985973975,23.2730709428291,3.29052854268621
"vance","0_10",0.0238574,0.0066385,5e-07,NA,2.3e-06,NA,0.0058,70,4.5,4.9,1.3509262485482,0.246635757280942,24,51.7,24.3,0
"vance","10_20",0.0242449,0.0037092,5e-07,NA,1.3e-06,NA,0,72,4.4,4.9,1.5096443452381,0.210069553241103,26,56.5,17.5,0
"vance","20_40",0.0432902,0.0035124,1e-06,NA,2e-06,NA,0,71,4.2,4.7,1.50104635443921,0.215883238671701,27.3,55.8,16.9,0
"vance","40_100",0.0623393,0.0050744,1.6e-06,NA,4.8e-06,NA,0,79,4.34,4.8,1.59451747615447,0.19649269329816,35.84,44.48,26.56,0
"wadley","0_10",0.1616374,0.0055891,1.1e-06,NA,1.4e-06,1.3837,31.1368511111111,36.8333333333333,4.6875,5.01111111111111,1.3509262485482,0.246635757280942,62.5111111111111,10.0888888888889,3.22222222222222,0.555555555555556
"wadley","10_20",0.0015096,0.0002355,0,NA,1e-06,NA,15.8005,30.0833333333333,4.5,5.2,1.5096443452381,0.210069553241103,46.3,6.5,1.9,0
"wadley","20_40",0.044072,0.0060097,1e-07,NA,7e-07,0.5431,11.892125375,23.3333333333333,4.65714285714286,5.175,1.50104635443921,0.215883238671701,76.625,10.5,3.5625,0.875
"wadley","40_100",0.0738061,0.0180295,1.4e-06,NA,2.9e-06,0.2115,4.011044,28.5555555555556,4.65882352941177,5.36111111111111,1.59451747615447,0.19649269329816,61.5944444444444,8.85,5.42222222222222,0.5
"wagram","0_10",0.2410471,0.0067914,2.6e-06,1.0699336,1.1e-06,2.8754,32.435964,70,4.53333333333333,5.03333333333333,1.3509262485482,0.246635757280942,68.1333333333333,9.76666666666667,4.1,1
"wagram","10_20",0.0011618,0.0002041,0,1.256,1e-06,0.9812,18.3056,38,4.3,4.73333333333333,1.57,0.169705627484771,61.4333333333333,10.3,3.1,0
"wagram","20_40",0.156336,0.0056988,1.7e-06,1.601475,5e-07,0.7527,15.66291675,50.3333333333333,4.675,5.2,1.63,0.215883238671701,67.925,10.225,5.075,1.75
"wagram","40_100",0.4140061,0.0171648,9.4e-06,1.9811275,1.6e-06,0.2807,6.90383075,62.1,4.49166666666667,5.16666666666667,1.6775,0.105633012516605,77.99,9.575,12.2,1.58333333333333
"wahee","0_10",0.3593464,0.0445806,1.22e-05,28.4234883,2.5e-06,NA,NA,52,6.3,5.63333333333333,1.3509262485482,0.246635757280942,61.8,27.4666666666667,10.6,0
"wahee","10_20",0.3584019,0.0291184,1.18e-05,19.5734358,2.1e-06,NA,NA,47.375,5.7,5.40416666666667,1.5096443452381,0.210069553241103,46.7895312870223,30.4653139464118,15.1362533561418,2.95214027796427
"wahee","20_40",0.6685716,0.0202135,2.13e-05,17.0092569,2.8e-06,NA,NA,42.75,5.1,5.175,1.50104635443921,0.215883238671701,47.675,33.275,19,0.25
"wahee","40_100",1.4379014,0.0537331,8.64e-05,0.9052395,2.6e-06,NA,NA,28.9,4.08,4.72,1.59451747615447,0.19649269329816,28.73,20.03,51.17,0.4
"wehadkee","0_10",0.6221015,0.0249921,1.89e-05,1.3644355,1.7e-06,NA,19.3609,62.5,4.7,5.15,1.3509262485482,0.246635757280942,45.95,34.4,19.65,0
"wehadkee","10_20",0.5510202,0.04227,1.68e-05,0.8454008,3.5e-06,NA,19.0504,40,4.3,4.8,1.5096443452381,0.210069553241103,16.3,35.3,48.4,0
"wehadkee","20_40",1.9513603,0.0750523,4.68e-05,1.9213393,4.4e-06,NA,37.1891,63,4.55,5.15,1.50104635443921,0.215883238671701,22.75,41.4,35.85,0
"wehadkee","40_100",3.8172748,0.0669697,0.0001135,6.7926444,1.04e-05,NA,104.6173,54.3333333333333,4.4,4.96666666666667,1.59451747615447,0.19649269329816,38.8666666666667,32.1333333333333,29,0
"whiteside","0_10",0.0002633,0.0006161,0,NA,8e-07,NA,NA,3,4.2,4.7,1.3509262485482,0.246635757280942,48.2886660985049,31.5216808172776,14.2365984772959,2.55253239021966
"whiteside","10_20",0.000293,0.0006857,0,NA,9e-07,NA,NA,3,4.2,4.7,1.5096443452381,0.210069553241103,46.7895312870223,30.4653139464118,15.1362533561418,2.95214027796427
"whiteside","20_40",0.000484,0.0011326,0,NA,1.5e-06,NA,NA,3,4.2,4.7,1.21,0.215883238671701,47,26.9,26.1,0
"whiteside","40_100",0.001146,0.0022348,0,NA,2.9e-06,NA,NA,2,4.13333333333333,4.8,1.30666666666667,0.0550757054728611,54.5,24.0666666666667,21.4333333333333,0.333333333333333
"wickham","0_10",0.0022109,0.0009486,0,6.9795,2.1e-06,1.4852,10.0819,85,5.13333333333333,5.8375,1.41,0.246635757280942,56.8578947368421,36.7315789473684,20.335,0
"wickham","10_20",0.0036871,0.0008826,1e-07,6.0722676,5e-07,0.7694,7.86515306666667,74.8333333333333,5.2,5.52222222222222,1.5096443452381,0.210069553241103,65.4666666666667,36.62,23.2333333333333,0.0666666666666667
"wickham","20_40",0.0146137,0.0036269,3e-07,13.750205,7e-07,0.4242,10.9283438888889,89,5.45,5.91111111111111,1.71,0.215883238671701,53.3888888888889,26.2555555555556,20.3555555555556,0.111111111111111
"wickham","40_100",0.0572059,0.0065667,1.3e-06,40.7490576,1.5e-06,0.3495,13.1858473157895,77.85,5.695,5.81315789473684,1.69,0.19649269329816,52.3052631578947,24.1552631578947,23.5394736842105,0.157894736842105
"wilkes","0_10",NA,NA,NA,NA,NA,NA,NA,54,4.8,5.5,1.3509262485482,0.246635757280942,70.8,23.9,5.3,0
"wilkes","10_20",NA,NA,NA,NA,NA,NA,NA,51,4.7,5.9,1.5096443452381,0.210069553241103,72.4,23.4,4.2,0
"wilkes","20_40",NA,NA,NA,NA,NA,NA,NA,72,4.8,5.3,1.50104635443921,0.215883238671701,48.7,22.9,28.4,0
"wilkes","40_100",0.1383308,0.0031902,4.1e-06,NA,NA,NA,NA,100,5.6,6.4,1.59451747615447,0.19649269329816,81.2,9.9,8.9,5
"woden","0_10",0.002229,0.0011854,0,NA,NA,NA,NA,NA,NA,5.875,1.3509262485482,0.246635757280942,73.35,23.625,3.025,0
"woden","10_20",0.0021135,0.0008831,0,NA,NA,NA,NA,NA,NA,5.75,1.5096443452381,0.210069553241103,67.55,28.2,4.25,0
"woden","20_40",0.0055539,0.0026343,1e-07,NA,NA,NA,NA,NA,NA,5.65,1.50104635443921,0.215883238671701,65.1,28.75,6.15,0
"woden","40_100",0.0401818,0.0102607,1e-06,NA,NA,NA,NA,NA,NA,5.275,1.59451747615447,0.19649269329816,59.85,25.3125,14.8375,0
"wrightsville","0_10",0.0575641,0.0029624,2.6e-06,0.5202419,2.2e-06,2.5825,31.4439528888889,42.1428571428571,3.975,4.73333333333333,1.42666666666667,0.11060440015358,18.3555555555556,59.0555555555556,22.5888888888889,1.44444444444444
"wrightsville","10_20",0.0097008,0.0013007,6e-07,0.3668751,1.2e-06,NA,13.4331822857143,39.1666666666667,3.85,4.62857142857143,1.67,0.210069553241103,15.5428571428571,58,26.4571428571429,0.142857142857143
"wrightsville","20_40",0.0825783,0.0032474,5.9e-06,0.2232228,1.3e-06,0.6218,8.04568088888889,42.5714285714286,3.825,4.68888888888889,1.598,0.0807465169527454,17.7111111111111,56.0666666666667,26.2222222222222,0.222222222222222
"wrightsville","40_100",0.5950785,0.0254179,3.89e-05,0.3747545,4e-06,0.4291,1.7337,59.6818181818182,3.87272727272727,4.72222222222222,1.78454545454545,0.0951171526448975,11.9222222222222,45.3555555555556,42.7222222222222,0
