"soil_name","horizon","c_g_cm3","bulk_density","bulk_density_sd","n","sand","silt","clay","frag","c_g_m2","total_c_horizon"
"acadia","0_10",NA,1.4,0.246635757280942,1,58.5,36.4,5.1,2,NA,NA
"acadia","10_20",NA,1.5096443452381,0.210069553241103,0,46.7895312870223,30.4653139464118,15.1362533561418,2.95214027796427,NA,NA
"acadia","20_40",NA,1.62,0.215883238671701,1,40.9,37.5,21.6,2,NA,NA
"acadia","40_100",NA,1.81,0.05,3,35.8333333333333,33.0333333333333,31.1333333333333,1.66666666666667,NA,NA
"albany","0_10",1.045,1.6,0.246635757280942,1,46.4333333333333,7.40555555555556,2.86666666666667,0.0555555555555556,1.67107111111111,16.71071
"albany","10_20",0.65,1.5096443452381,0.210069553241103,0,45.6285714285714,5.97142857142857,2.24285714285714,0,0.981268824404765,9.81269
"albany","20_40",0.255,1.69,0.014142135623731,2,57.1647058823529,7.74444444444444,2.60555555555556,0.0555555555555556,0.430710583333333,8.61421
"albany","40_100",0.0466666666666667,1.74666666666667,0.0956382071489562,6,53.5452830188679,6.73962264150943,2.40754716981132,0.0754716981132075,0.0814495932914048,4.88698
"allanton","0_10",NA,1.3509262485482,0.246635757280942,0,21.2,6.2,7.8,0,NA,NA
"allanton","10_20",NA,1.5096443452381,0.210069553241103,0,95.2,6.5,2,0,NA,NA
"allanton","20_40",NA,1.50104635443921,0.215883238671701,0,17.25,8.15,3.05,0,NA,NA
"allanton","40_100",NA,1.59451747615447,0.19649269329816,0,68.1,7,2.68,0,NA,NA
"angelina","0_10",1.4,1.53,0.246635757280942,1,30.2,40.5,29.3,0,2.142,21.42
"angelina","10_20",1.065,1.5096443452381,0.210069553241103,0,46.7895312870223,30.4653139464118,15.1362533561418,2.95214027796427,1.56030756568876,15.60308
"angelina","20_40",0.73,1.81,0.215883238671701,1,16.6,42.1,41.3,0,1.3213,26.426
"angelina","40_100",0.383333333333333,1.69666666666667,0.0550757054728611,3,52.5333333333333,22.9666666666667,24.5,0,0.65038888888889,39.02333
"appling","0_10",1.63,1.3509262485482,0.246635757280942,0,65.0666666666667,21.1333333333333,12.6,4,2.11392939372822,21.13929
"appling","10_20",0.48,1.5096443452381,0.210069553241103,0,31.175,38.425,15.125,0,0.724629285714288,7.24629
"appling","20_40",0.34,1.50104635443921,0.215883238671701,0,36.8,20.6,42.6,0,0.510355760509331,10.20712
"appling","40_100",0.2,1.31,0.19649269329816,1,42.0181818181818,25.5,32.9090909090909,2.72727272727273,0.254854545454545,15.29127
"arkana","0_10",NA,1.3509262485482,0.246635757280942,0,26.26875,54.1375,19.6,0,NA,NA
"arkana","10_20",NA,1.5096443452381,0.210069553241103,0,26.5285714285714,49.4571428571429,24.0142857142857,0,NA,NA
"arkana","20_40",NA,1.50104635443921,0.215883238671701,0,19.9578947368421,39.3421052631579,40.6947368421053,0,NA,NA
"arkana","40_100",NA,1.59451747615447,0.19649269329816,0,11.5108108108108,26.2378378378378,62.2378378378378,0,NA,NA
"ashe","0_10",NA,1.26,0.246635757280942,1,48.7666666666667,35.2333333333333,16,6.33333333333333,NA,NA
"ashe","10_20",NA,1.5096443452381,0.210069553241103,0,49.2,36.75,14.05,2,NA,NA
"ashe","20_40",NA,1.58,0.215883238671701,1,63.5,22.7,13.8,1,NA,NA
"ashe","40_100",NA,1.79,0.19649269329816,1,59.06,27.64,13.3,8,NA,NA
"ashlar","0_10",NA,1.3509262485482,0.246635757280942,0,48.2886660985049,31.5216808172776,14.2365984772959,2.55253239021966,NA,NA
"ashlar","10_20",NA,1.5096443452381,0.210069553241103,0,46.7895312870223,30.4653139464118,15.1362533561418,2.95214027796427,NA,NA
"ashlar","20_40",NA,1.57,0.215883238671701,1,74.2,20.1,5.7,14,NA,NA
"ashlar","40_100",NA,1.55,0.19649269329816,1,75.2,19.4,5.4,30,NA,NA
"attoyac","0_10",0.68,1.63,0.226274169979695,2,64.0333333333333,31.7333333333333,4.23333333333333,0.333333333333333,1.10470533333333,11.04705
"attoyac","10_20",0.51,1.585,0.134350288425444,2,72.75,24.25,3,1,0.8002665,8.00266
"attoyac","20_40",0.965,1.648,0.122351951353462,5,61.2333333333333,30.45,8.31666666666667,0.333333333333333,1.58501893333333,31.70038
"attoyac","40_100",0.163333333333333,1.7775,0.0337003603202442,8,49.0545454545455,26.5636363636364,24.3818181818182,0.181818181818182,0.289797136363636,17.38783
"bayboro","0_10",NA,1.3509262485482,0.246635757280942,0,44.8,20.4,34.8,0,NA,NA
"bayboro","10_20",NA,1.5096443452381,0.210069553241103,0,36,31.2666666666667,32.7333333333333,0,NA,NA
"bayboro","20_40",NA,1.50104635443921,0.215883238671701,0,31.95,32.85,35.2,0,NA,NA
"bayboro","40_100",NA,1.59451747615447,0.19649269329816,0,26.6666666666667,24.5,48.8333333333333,0,NA,NA
"beauregard","0_10",NA,1.39,0.246635757280942,1,39.1833333333333,55.1333333333333,5.68333333333333,1.16666666666667,NA,NA
"beauregard","10_20",NA,1.6,0.210069553241103,1,36.0666666666667,54.7,9.23333333333333,1,NA,NA
"beauregard","20_40",NA,1.62,0.215883238671701,1,30.8166666666667,52.3666666666667,16.8166666666667,1,NA,NA
"beauregard","40_100",NA,1.70666666666667,0.0850490054811538,3,27.90625,52.375,19.71875,1.25,NA,NA
"benndale","0_10",NA,1.53,0.246635757280942,1,71.4,18.95,9.65,0.5,NA,NA
"benndale","10_20",NA,1.5096443452381,0.210069553241103,0,46.7895312870223,30.4653139464118,15.1362533561418,2.95214027796427,NA,NA
"benndale","20_40",NA,1.63,0.215883238671701,1,64.15,20.1,15.75,0,NA,NA
"benndale","40_100",NA,1.69,0.0173205080756888,3,69.12,17.16,13.72,0.6,NA,NA
"bernaldo","0_10",2.82333333333333,1.3509262485482,0.246635757280942,0,62.0666666666667,35.5,2.43333333333333,0,3.81411510840108,38.14115
"bernaldo","10_20",0.34,1.44,0.210069553241103,1,52.3,42.1,5.6,0,0.4896,4.896
"bernaldo","20_40",0.1775,1.51,0.0800000000000001,3,56.625,37.875,5.5,0,0.268025,5.3605
"bernaldo","40_100",0.184285714285714,1.67142857142857,0.0817370930542087,7,41.4857142857143,32.4428571428571,26.0714285714286,0.142857142857143,0.307580379008746,18.45482
"besner","0_10",1.4,1.24,0.246635757280942,1,66,31.2,2.8,0,1.736,17.36
"besner","10_20",0.8075,1.5096443452381,0.210069553241103,0,46.7895312870223,30.4653139464118,15.1362533561418,2.95214027796427,1.18305010262317,11.8305
"besner","20_40",0.215,1.47,0.014142135623731,2,65.45,31.85,2.7,0,0.31605,6.321
"besner","40_100",0.088,1.688,0.148895936814945,5,61.6,35.62,2.78,0,0.148544,8.91264
"bethera","0_10",2.78,1.27,0.246635757280942,1,48.9,54.65,31.7,0,3.5306,35.306
"bethera","10_20",2.135,1.5096443452381,0.210069553241103,0,6.8,51.5,24.3,0,3.22309067708334,32.23091
"bethera","20_40",1.49,1.34,0.215883238671701,1,46.1,49.95,38.55,0,1.9966,39.932
"bethera","40_100",0.27,1.74,0.19649269329816,1,15.5666666666667,30.1,53.9,0,0.4698,28.188
"betis","0_10",0.48,1.3509262485482,0.246635757280942,0,48.2886660985049,31.5216808172776,14.2365984772959,2.55253239021966,0.631892840873293,6.31893
"betis","10_20",0.48,1.5096443452381,0.210069553241103,0,90.85,7.35,1.8,0,0.724629285714288,7.24629
"betis","20_40",0.2675,1.50104635443921,0.215883238671701,0,84.3,13.1,2.6,0,0.401529899812489,8.0306
"betis","40_100",0.055,1.72,0.19649269329816,1,86.76,9.2,4.04,0,0.0946,5.676
"bibb","0_10",4.47333333333333,1.3509262485482,0.246635757280942,0,70.375,21.9,7.725,0,6.04314341850561,60.43143
"bibb","10_20",3.07,1.5096443452381,0.210069553241103,0,48.3,37.55,14.05,0,4.63460813988097,46.34608
"bibb","20_40",1.66666666666667,1.14,0.215883238671701,1,61.52,27.56,10.88,0,1.9,38
"bibb","40_100",1.00666666666667,1.38,0.127279220613579,2,76.28,15.69,7.99,0.2,1.3864216,83.1853
"blanton","0_10",1.64,1.45,0.246635757280942,1,54.0944444444444,6.24736842105263,2.58947368421053,0,2.378,23.78
"blanton","10_20",0.62,1.5096443452381,0.210069553241103,0,64.475,8.375,2.9875,0,0.935979494047622,9.35979
"blanton","20_40",0.27,1.50104635443921,0.215883238671701,0,51.1769230769231,7.76428571428571,3.35714285714286,0,0.405282515698587,8.10565
"blanton","40_100",0.216,1.57,0.0264575131106459,3,58.4387755102041,6.66734693877551,2.73877551020408,0,0.33912,20.3472
"bonneau","0_10",4.084,1.66,0.246635757280942,1,76.54,11.3454545454545,4.59090909090909,1.81818181818182,6.65617745454545,66.56177
"bonneau","10_20",0.6,1.81,0.210069553241103,1,75.9833333333333,8.43333333333333,2.73333333333333,4.16666666666667,1.04075,10.4075
"bonneau","20_40",0.426,1.50104635443921,0.215883238671701,0,65.4692307692308,11.6076923076923,6.16923076923077,1.46153846153846,0.630100001458157,12.602
"bonneau","40_100",0.182173913043478,1.64,0.0299999999999999,3,55.8648148148148,9.37592592592593,18.2851851851852,1.18518518518519,0.295224296296296,17.71346
"boulogne","0_10",NA,1.3509262485482,0.246635757280942,0,59.3333333333333,4.66666666666667,1.86666666666667,0,NA,NA
"boulogne","10_20",NA,1.5096443452381,0.210069553241103,0,46.7895312870223,30.4653139464118,15.1362533561418,2.95214027796427,NA,NA
"boulogne","20_40",NA,1.50104635443921,0.215883238671701,0,33.675,5.22,2.54,0,NA,NA
"boulogne","40_100",NA,1.59451747615447,0.19649269329816,0,67.5444444444445,4.33,2.65,0,NA,NA
"bude","0_10",NA,1.54,0.127279220613579,2,24.4,65.55,10.05,0,NA,NA
"bude","10_20",NA,1.5096443452381,0.210069553241103,0,46.7895312870223,30.4653139464118,15.1362533561418,2.95214027796427,NA,NA
"bude","20_40",NA,1.50104635443921,0.215883238671701,0,16.15,64.55,19.3,0,NA,NA
"bude","40_100",NA,1.675,0.124766448481419,4,14.8888888888889,61.2222222222222,23.8888888888889,0,NA,NA
"burton","0_10",20.215,0.7225,0.12737739202857,4,55.0444444444444,29.3111111111111,20.5125,11.7777777777778,12.8851533055556,128.85153
"burton","10_20",7.16,0.935,0.275771644662753,2,55.35,28.125,16.525,5.25,6.3431335,63.43134
"burton","20_40",1.72,1.046,0.114367827643966,5,54.7625,30.6875,14.55,15.75,1.5157586,30.31517
"burton","40_100",0.563333333333333,1.27166666666667,0.0847152091815081,6,56.1636363636364,30.5181818181818,13.3181818181818,10.7272727272727,0.639525020202022,38.3715
"caddo","0_10",NA,1.465,0.0494974746830584,2,24.4285714285714,69.4571428571429,6.11428571428571,0.714285714285714,NA,NA
"caddo","10_20",NA,1.6,0.210069553241103,1,19.1,69.575,11.325,0.5,NA,NA
"caddo","20_40",NA,1.685,0.0212132034355964,2,21.4,66.675,11.925,0.25,NA,NA
"caddo","40_100",NA,1.7075,0.0713559154286921,4,18.26875,63.74375,17.9875,0.3125,NA,NA
"cahaba","0_10",2.60666666666667,1.4,0.0556776436283002,3,51.35,34.175,14.4666666666667,0,3.64933333333333,36.49333
"cahaba","10_20",1.51,1.37,0.210069553241103,1,51.3,31.5,17.2,0,2.0687,20.687
"cahaba","20_40",0.853333333333333,1.47333333333333,0.0757187779440037,3,47.9466666666667,32.9,19.14,0,1.25724444444444,25.14489
"cahaba","40_100",0.42,1.526,0.0439317652729776,5,46.1545454545455,28.3606060606061,25.469696969697,0,0.64092,38.4552
"carnasaw","0_10",NA,1.5,0.325269119345812,2,27.6,61.4,10.975,8.25,NA,NA
"carnasaw","10_20",NA,1.59,0.0565685424949237,2,29.775,56.975,14.3,9.75,NA,NA
"carnasaw","20_40",NA,1.43333333333333,0.155349069303081,3,11.4333333333333,36.4666666666667,52.0666666666667,4.66666666666667,NA,NA
"carnasaw","40_100",NA,1.55142857142857,0.110064915910047,7,15.6923076923077,33.7153846153846,51.8769230769231,5.61538461538461,NA,NA
"cartecay","0_10",NA,1.3509262485482,0.246635757280942,0,53.1,26,20.9,0,NA,NA
"cartecay","10_20",NA,1.5096443452381,0.210069553241103,0,46.7895312870223,30.4653139464118,15.1362533561418,2.95214027796427,NA,NA
"cartecay","20_40",NA,1.50104635443921,0.215883238671701,0,71.2,16.3,12.5,0,NA,NA
"cartecay","40_100",NA,1.59451747615447,0.19649269329816,0,69,18.8,12.2,0,NA,NA
"cashiers","0_10",NA,1.3509262485482,0.246635757280942,0,54.6,25.6,19.8,8,NA,NA
"cashiers","10_20",NA,1.5096443452381,0.210069553241103,0,46.7895312870223,30.4653139464118,15.1362533561418,2.95214027796427,NA,NA
"cashiers","20_40",NA,1.04,0.215883238671701,1,59.3,23,17.7,9,NA,NA
"cashiers","40_100",NA,1.31,0.0989949493661166,2,66.4,18.5,15.1,7.5,NA,NA
"cataula","0_10",1.59,1.39,0.246635757280942,1,66.2,18.5,15.3,4,2.121696,21.21696
"cataula","10_20",0.63,1.72,0.210069553241103,1,68,18,14,11,0.964404,9.64404
"cataula","20_40",0.43,1.51,0.215883238671701,1,36.7,13.5,49.8,4,0.623328,12.46656
"cataula","40_100",0.16,1.505,0.120208152801713,2,32.0333333333333,15.6,52.3666666666667,2.66666666666667,0.234378666666667,14.06272
"cecil","0_10",2.46451612903226,1.58571428571429,0.13226956602045,7,58.4710526315789,21.9894736842105,21.9684210526316,6.13157894736842,3.66839519767161,36.68395
"cecil","10_20",0.823529411764706,1.64666666666667,0.102143689640297,3,53.74,20.095,29.655,5.6,1.28013803921569,12.80138
"cecil","20_40",0.5375,1.59083333333333,0.124568953766275,12,46.504347826087,20.4652173913043,36.6217391304348,5.21739130434783,0.810460416666665,16.20921
"cecil","40_100",0.192352941176471,1.498,0.097689087900015,20,35.9277777777778,21.0986111111111,42.8472222222222,2.30555555555556,0.281501369607843,16.89008
"chandler","0_10",0.44,1.3509262485482,0.246635757280942,0,40.35,22.05,29.3,22,0.463637888501742,4.63638
"chandler","10_20",0.44,1.62,0.210069553241103,1,65,22,13,47,0.377784,3.77784
"chandler","20_40",0.44,1.50104635443921,0.215883238671701,0,44.2,18.4,37.4,10,0.594414356357927,11.88829
"chandler","40_100",0.36,2.07666666666667,0.271538824725551,3,80.75,10.1,9.15,21.75,0.584997000000001,35.09982
"chestnut","0_10",39.03,1.3509262485482,0.246635757280942,0,34.7,48.6,14.6333333333333,3,51.1448519364112,511.44852
"chestnut","10_20",NA,1.5096443452381,0.210069553241103,0,46.7895312870223,30.4653139464118,15.1362533561418,2.95214027796427,NA,NA
"chestnut","20_40",NA,1.13,0.215883238671701,1,42.05,37.05,20.9,10,NA,NA
"chestnut","40_100",NA,1.45,0.0989949493661167,2,65,29.3,5.7,1.66666666666667,NA,NA
"chewacla","0_10",5.038,1.355,0.190918830920368,2,13.0714285714286,48.3571428571429,38.5714285714286,1.28571428571429,6.73872084285714,67.38721
"chewacla","10_20",1.065,1.5096443452381,0.210069553241103,0,12.45,41,46.55,0.5,1.59973237154018,15.99732
"chewacla","20_40",0.906666666666667,1.48,0.0692820323027551,3,11.45,48.925,39.625,3.5,1.29490133333333,25.89803
"chewacla","40_100",0.652,1.53333333333333,0.118462370959446,3,15.65,46.3285714285714,38.0214285714286,0.5,0.994734666666665,59.68408
"clarksville","0_10",5.34,1.3509262485482,0.246635757280942,0,26.5863905325444,63.2307692307692,10.1786982248521,0.93491124260355,7.14650217349442,71.46502
"clarksville","10_20",0.935,1.5096443452381,0.210069553241103,0,24.1833333333333,65.2088235294118,10.6098039215686,0.235294117647059,1.4081962452381,14.08196
"clarksville","20_40",0.646666666666667,1.50104635443921,0.215883238671701,0,24.6770491803279,62.575956284153,12.7448087431694,1.2568306010929,0.958476881456285,19.16954
"clarksville","40_100",0.2,2.04,0.0916515138991169,3,26.1935546875,46.393359375,27.41328125,1.05078125,0.4037128125,24.22277
"clebit","0_10",NA,1.48,0.246635757280942,1,57.1,28.5,14.4,10,NA,NA
"clebit","10_20",NA,1.5096443452381,0.210069553241103,0,46.7895312870223,30.4653139464118,15.1362533561418,2.95214027796427,NA,NA
"clebit","20_40",NA,1.51,0.215883238671701,1,56.5,30,13.5,14,NA,NA
"clebit","40_100",NA,1.59451747615447,0.19649269329816,0,47.1527031434407,24.7802985973975,23.2730709428291,3.29052854268621,NA,NA
"clifton","0_10",3.4125,1.29857142857143,0.108386433872598,7,36.05,35.75,28.2,11.375,3.92730609375,39.27306
"clifton","10_20",2.02958333333333,1.53,0.0916515138991168,3,27.4666666666667,37.0666666666667,35.4666666666667,2,3.04315725,30.43157
"clifton","20_40",0.646666666666667,1.47166666666667,0.0820771994324043,6,28.0125,31.425,40.5625,5.75,0.896956305555557,17.93913
"clifton","40_100",0.2775,1.3935,0.106389304963076,20,38.1909090909091,27.1363636363636,34.6727272727273,5.45454545454545,0.365603727272727,21.93622
"congaree","0_10",NA,1.3509262485482,0.246635757280942,0,48.2886660985049,31.5216808172776,14.2365984772959,2.55253239021966,NA,NA
"congaree","10_20",NA,1.5096443452381,0.210069553241103,0,53.2,29,17.8,0,NA,NA
"congaree","20_40",NA,1.50104635443921,0.215883238671701,0,44.6474010593,29.3694540148412,19.535668248824,2.4242495503916,NA,NA
"congaree","40_100",NA,1.59451747615447,0.19649269329816,0,43.05,35.725,21.225,0,NA,NA
"cowarts","0_10",1.716,1.525,0.088881944173156,4,73.7916666666667,9.60833333333333,8.75,3.83333333333333,2.5165855,25.16585
"cowarts","10_20",0.385,1.65,0.0282842712474619,2,79.2,10.26,10.54,3.4,0.6136515,6.13652
"cowarts","20_40",0.52375,1.66333333333333,0.091796877216312,6,65.7857142857143,8.22857142857143,23.6357142857143,5.42857142857143,0.823878702380951,16.47757
"cowarts","40_100",0.137,1.70055555555556,0.108653373420044,18,61.2027777777778,6.44864864864865,31.6567567567568,2.75675675675676,0.226553526426427,13.59321
"cowee","0_10",2.21,1.33,0.246635757280942,1,67.2,20.6,12.2,20,2.35144,23.5144
"cowee","10_20",1.38,1.5096443452381,0.210069553241103,0,46.7895312870223,30.4653139464118,15.1362533561418,2.95214027796427,2.02180698652628,20.21807
"cowee","20_40",0.55,1.64,0.215883238671701,1,62.8,18.6,18.6,17,0.74866,14.9732
"cowee","40_100",0.2,1.83,0.395979797464466,2,78.9666666666667,9.6,11.4333333333333,18.3333333333333,0.2989,17.934
"craggey","0_10",21.4,0.76,0.10816653826392,3,60.075,33.2,23.625,6.75,15.16618,151.6618
"craggey","10_20",6.16,1.04,0.210069553241103,1,71.85,20.6,7.55,21,5.061056,50.61056
"craggey","20_40",4.8,0.97,0.215883238671701,1,79.6666666666667,16.9,3.43333333333333,20.3333333333333,3.70928,74.1856
"craggey","40_100",3.87,1.59451747615447,0.19649269329816,0,68.1,23.5,8.4,20,4.93662610617424,296.19757
"craven","0_10",NA,1.45,0.014142135623731,2,23.3,67.2,9.5,0,NA,NA
"craven","10_20",NA,1.62,0.210069553241103,1,25.9,63.9,10.2,0,NA,NA
"craven","20_40",NA,1.58333333333333,0.153079500042734,3,15.0666666666667,57.7666666666667,27.1666666666667,0,NA,NA
"craven","40_100",NA,1.588,0.0402492235949962,5,15.24,38.26,46.5,0,NA,NA
"cullasaja","0_10",5.44,0.925,0.0353553390593273,2,58.7,29,12.3,57,2.16376,21.6376
"cullasaja","10_20",4.61,0.84,0.210069553241103,1,55.3,23.7,21,51,1.897476,18.97476
"cullasaja","20_40",3.78,1.32666666666667,0.319426569548204,3,58.0666666666667,28.8,13.1333333333333,46.6666666666667,2.67456,53.4912
"cullasaja","40_100",0.873333333333333,1.54666666666667,0.185022521151706,3,63.9428571428571,23.8571428571429,12.2,58.8571428571429,0.555739428571429,33.34437
"davidson","0_10",2.90666666666667,1.59,0.12,3,47.1571428571429,23.3,29.5428571428571,1,4.575384,45.75384
"davidson","10_20",1.28,1.5096443452381,0.210069553241103,0,30.9333333333333,34.0333333333333,30.7,1.33333333333333,1.90658016507937,19.0658
"davidson","20_40",0.79,1.5725,0.0206155281280883,4,40.1,20.9666666666667,38.9333333333333,0.666666666666667,1.23399316666667,24.67986
"davidson","40_100",0.225,1.57666666666667,0.104626319187223,6,27.2,16.3357142857143,56.4642857142857,0.785714285714286,0.351962678571429,21.11776
"dorovan","0_10",NA,1.3509262485482,0.246635757280942,0,48.2886660985049,31.5216808172776,14.2365984772959,2.55253239021966,NA,NA
"dorovan","10_20",NA,1.5096443452381,0.210069553241103,0,21,0.1,17.9,0,NA,NA
"dorovan","20_40",NA,1.50104635443921,0.215883238671701,0,44.6474010593,29.3694540148412,19.535668248824,2.4242495503916,NA,NA
"dorovan","40_100",NA,1.59451747615447,0.19649269329816,0,65.3,0.8,22.2,0,NA,NA
"dothan","0_10",7.16666666666667,1.405,0.346482322781408,2,74.3809523809524,14.13125,7.63125,1.8125,9.88666302083334,98.86663
"dothan","10_20",1.23962962962963,1.65666666666667,0.124525767079214,6,78.5595238095238,13.047619047619,7.08095238095238,2.19047619047619,2.00866830452675,20.08668
"dothan","20_40",0.452894736842105,1.778,0.0834865258589673,5,66.6610169491525,13.3305084745763,15.0779661016949,2.91525423728814,0.781771849420161,15.63544
"dothan","40_100",0.214473684210526,1.636,0.068677992593455,25,55.375,12.6240740740741,27.6231481481481,3.31481481481481,0.339247960038986,20.35488
"duplin","0_10",NA,1.3509262485482,0.246635757280942,0,37.2,23.2,9.4,0,NA,NA
"duplin","10_20",NA,1.5096443452381,0.210069553241103,0,7.3,17.8,12,0,NA,NA
"duplin","20_40",NA,1.50104635443921,0.215883238671701,0,52.9333333333333,21.7666666666667,24.9333333333333,0,NA,NA
"duplin","40_100",NA,1.59451747615447,0.19649269329816,0,38.5,18.2857142857143,49.5714285714286,0,NA,NA
"edneyville","0_10",6.05,0.82,0.246635757280942,1,32.7,38.7,28.6,5,4.71295,47.1295
"edneyville","10_20",0.65,1.19,0.210069553241103,1,36.5,34.2,29.3,2,0.75803,7.5803
"edneyville","20_40",0.384,1.50104635443921,0.215883238671701,0,44.6474010593,29.3694540148412,19.535668248824,2.4242495503916,0.56242838205717,11.24857
"edneyville","40_100",0.118,1.075,0.0493288286231624,4,66.5,24.24,9.26,0.6,0.1260889,7.56533
"enon","0_10",NA,1.07,0.246635757280942,1,60.1,29.95,9.95,27.5,NA,NA
"enon","10_20",NA,1.48,0.210069553241103,1,46.3,40.6,13.1,29,NA,NA
"enon","20_40",NA,1.52,0.215883238671701,1,30.75,19.9,49.35,8,NA,NA
"enon","40_100",0.56,1.76333333333333,0.0873689494805411,3,32.3857142857143,17.5285714285714,50.0857142857143,2.57142857142857,0.962074666666665,57.72448
"escambia","0_10",NA,1.3509262485482,0.246635757280942,0,60.7333333333333,29.2666666666667,7.6,0,NA,NA
"escambia","10_20",NA,1.33,0.210069553241103,1,48.525,31.9,6.7,0.5,NA,NA
"escambia","20_40",NA,1.7,0.215883238671701,1,49.56,29.92,9.44,0.6,NA,NA
"escambia","40_100",NA,1.78,0.0282842712474619,2,57.0076923076923,29.0076923076923,15.3538461538462,0.615384615384615,NA,NA
"estate","0_10",1.94,1.3509262485482,0.246635757280942,0,45.975,45.375,8.65,0,2.62079692218351,26.20797
"estate","10_20",0.83,1.64,0.210069553241103,1,37.175,47.8,15.025,0,1.3612,13.612
"estate","20_40",0.38,1.50104635443921,0.215883238671701,0,23.96,49.14,26.9,0,0.5703976146869,11.40795
"estate","40_100",0.486666666666667,1.74,0.19649269329816,1,29.3923076923077,30,40.6076923076923,0,0.8468,50.808
"esto","0_10",NA,1.3509262485482,0.246635757280942,0,57.84,13.68,11.89,0,NA,NA
"esto","10_20",NA,1.5096443452381,0.210069553241103,0,38.78,18.04,21.58,0,NA,NA
"esto","20_40",NA,1.50104635443921,0.215883238671701,0,38.5363636363636,13.2272727272727,39.6,0,NA,NA
"esto","40_100",NA,1.59451747615447,0.19649269329816,0,44.1565217391304,8.68695652173913,53.5130434782609,0,NA,NA
"evard","0_10",NA,1.3509262485482,0.246635757280942,0,49.9,28.7,21.4,6,NA,NA
"evard","10_20",NA,1.5096443452381,0.210069553241103,0,46.7895312870223,30.4653139464118,15.1362533561418,2.95214027796427,NA,NA
"evard","20_40",NA,1.49,0.215883238671701,1,40.6,32.8,26.6,4,NA,NA
"evard","40_100",NA,1.555,0.0636396103067893,2,42.05,26.35,31.6,4,NA,NA
"evergreen","0_10",NA,1.3509262485482,0.246635757280942,0,48.2886660985049,31.5216808172776,14.2365984772959,2.55253239021966,NA,NA
"evergreen","10_20",NA,1.5096443452381,0.210069553241103,0,46.7895312870223,30.4653139464118,15.1362533561418,2.95214027796427,NA,NA
"evergreen","20_40",NA,1.50104635443921,0.215883238671701,0,56.1333333333333,4.9,4.2,0,NA,NA
"evergreen","40_100",NA,1.59451747615447,0.19649269329816,0,44.9,1.45,1.75,0,NA,NA
"fannin","0_10",1,1.19,0.212132034355964,2,40.3833333333333,29.0833333333333,21.1,4.5,1.13645,11.3645
"fannin","10_20",1,1.305,0.0212132034355964,2,61.55,18.7,19.75,13.5,1.128825,11.28825
"fannin","20_40",0.32,1.3075,0.0590903263374528,4,48.36,17.68,33.96,2.8,0.4066848,8.1337
"fannin","40_100",0.33,1.35818181818182,0.124082084268292,11,62.5631578947368,17.3736842105263,20.0631578947368,9.05263157894737,0.407626105263158,24.45757
"forestdale","0_10",0.73,1.595,0.141539158303748,4,14.2272727272727,52.6,33.1636363636364,0,1.16435,11.6435
"forestdale","10_20",0.5625,1.5096443452381,0.210069553241103,0,12.8125,52.2875,34.9,0,0.849174944196431,8.49175
"forestdale","20_40",0.395,1.686,0.133341666406266,5,9.60769230769231,52.8,37.5923076923077,0,0.66597,13.3194
"forestdale","40_100",0.231666666666667,1.70538461538462,0.08471672253412,13,12.1447368421053,44.3947368421053,43.4631578947368,0,0.39508076923077,23.70485
"foxworth","0_10",0.35,1.3509262485482,0.246635757280942,0,44.8055555555556,3.75,1.8,0,0.47282418699187,4.72824
"foxworth","10_20",0.89,1.5096443452381,0.210069553241103,0,78.3222222222222,3.52222222222222,1.74444444444444,0,1.34358346726191,13.43583
"foxworth","20_40",0.54875,1.50104635443921,0.215883238671701,0,58.0875,4.1625,1.8125,0,0.823699186998517,16.47398
"foxworth","40_100",0.2075,1.795,0.00707106781186548,2,69.3025641025641,3.5325,2.055,0,0.3724625,22.34775
"fuquay","0_10",8.35833333333333,1.43,0.246635757280942,1,75.1590909090909,12.25,4.24090909090909,3.04545454545455,11.58841125,115.88411
"fuquay","10_20",0.718571428571429,1.805,0.106066017177982,2,77.2076923076923,9.32307692307692,3.96153846153846,5.69230769230769,1.22319097802198,12.23191
"fuquay","20_40",0.287142857142857,1.69,0.215883238671701,1,65.6533333333333,11.1866666666667,5.38666666666667,7.2,0.450331885714286,9.00664
"fuquay","40_100",0.134666666666667,1.704,0.045752959831396,10,67.2641509433962,9.54339622641509,13.9320754716981,1.75471698113208,0.225445415849057,13.52672
"glenmora","0_10",NA,1.42,0.246635757280942,1,43.3,50.9,5.8,0,NA,NA
"glenmora","10_20",NA,1.5096443452381,0.210069553241103,0,46.7895312870223,30.4653139464118,15.1362533561418,2.95214027796427,NA,NA
"glenmora","20_40",NA,1.59,0.215883238671701,1,35.7,52.1,12.2,1,NA,NA
"glenmora","40_100",NA,1.635,0.0353553390593273,2,30.15,51.2,18.65,2,NA,NA
"goldsboro","0_10",10.9666666666667,1.38,0.246635757280942,1,64.5333333333333,28.7,10,0,15.134,151.34
"goldsboro","10_20",1.09,1.5096443452381,0.210069553241103,0,74.78,18.88,6.34,0.2,1.64222131163691,16.42221
"goldsboro","20_40",0.306666666666667,1.55,0.062449979983984,3,61.5916666666667,26.8666666666667,11.5416666666667,0.166666666666667,0.474541111111111,9.49082
"goldsboro","40_100",0.136,1.668,0.0396232255123179,5,56.004,22.38,21.62,0.2,0.226394304,13.58366
"greenville","0_10",1.74,1.765,0.109498858441538,6,64.2727272727273,17.5272727272727,20.4818181818182,0,3.0711,30.711
"greenville","10_20",1.285,1.69,0.0707106781186548,2,51.3,24.32,24.38,0,2.17165,21.7165
"greenville","20_40",0.83,1.6375,0.0747854072854935,8,45.08,16.9333333333333,40.22,0,1.359125,27.1825
"greenville","40_100",0.38,1.62611111111111,0.0825433140406324,18,41.9485714285714,14.68,43.0828571428571,0,0.617922222222222,37.07533
"guyton","0_10",6.044,1.4525,0.097082439194738,4,29.45,54.3666666666667,15.9666666666667,0,8.77891,87.7891
"guyton","10_20",1.015,1.655,0.120208152801713,2,20.65,59.5,19.85,0,1.679825,16.79825
"guyton","20_40",0.384,1.58,0.0724568837309472,5,21.06,64.76,14.18,0,0.60672,12.1344
"guyton","40_100",0.21625,1.646,0.135088448391744,10,19.3916666666667,57.5333333333333,23.075,0.25,0.35505763125,21.30346
"gwinnett","0_10",NA,1.3509262485482,0.246635757280942,0,48.6333333333333,31,20.3666666666667,0,NA,NA
"gwinnett","10_20",NA,1.5096443452381,0.210069553241103,0,46.7895312870223,30.4653139464118,15.1362533561418,2.95214027796427,NA,NA
"gwinnett","20_40",NA,1.50104635443921,0.215883238671701,0,26,35.6,38.4,0,NA,NA
"gwinnett","40_100",NA,1.59451747615447,0.19649269329816,0,37.55,20.75,41.7,0,NA,NA
"hard labor","0_10",NA,1.3509262485482,0.246635757280942,0,75.3,17.9,6.8,0,NA,NA
"hard labor","10_20",NA,1.5096443452381,0.210069553241103,0,79.9,15.3,4.8,0,NA,NA
"hard labor","20_40",NA,1.50104635443921,0.215883238671701,0,75.9,18.1,6,0,NA,NA
"hard labor","40_100",NA,1.59451747615447,0.19649269329816,0,36.75,14,49.25,0,NA,NA
"harleston","0_10",NA,1.28,0.246635757280942,1,67.8333333333333,27.5666666666667,4.6,0.333333333333333,NA,NA
"harleston","10_20",NA,1.49,0.210069553241103,1,44.5,45,10.5,2,NA,NA
"harleston","20_40",NA,1.565,0.0494974746830584,2,53.45,34.9,11.65,0.25,NA,NA
"harleston","40_100",NA,1.7,0.03,3,55.775,27.2375,16.9875,0.375,NA,NA
"helena","0_10",0.39,1.3509262485482,0.246635757280942,0,76.75,32.45,11.3,0,0.526861236933798,5.26861
"helena","10_20",0.265,1.5096443452381,0.210069553241103,0,46.7895312870223,30.4653139464118,15.1362533561418,2.95214027796427,0.388245544514104,3.88246
"helena","20_40",0.14,1.50104635443921,0.215883238671701,0,27.4,31.6,17.75,0,0.210146489621489,4.20293
"helena","40_100",0.07,1.59451747615447,0.19649269329816,0,21.875,20.575,48.175,0,0.111616223330813,6.69697
"hemphill","0_10",NA,1.3509262485482,0.246635757280942,0,48.2886660985049,31.5216808172776,14.2365984772959,2.55253239021966,NA,NA
"hemphill","10_20",NA,1.53,0.15556349186104,2,26.3,37.2,36.5,0,NA,NA
"hemphill","20_40",NA,1.64,0.215883238671701,1,8.8,33.8,57.4,0,NA,NA
"hemphill","40_100",NA,1.45571428571429,0.11355720186425,7,35.5857142857143,35.3142857142857,29.1,0,NA,NA
"hiwassee","0_10",1.901,1.60333333333333,0.159457413332421,6,31.3769230769231,29.2,39.4230769230769,1.46153846153846,3.00338989999999,30.0339
"hiwassee","10_20",0.723333333333333,1.645,0.0881286937760152,4,57.1,22.525,20.375,3.25,1.151212125,11.51212
"hiwassee","20_40",0.695,1.625,0.0808879295250975,8,23.7066666666667,22.0066666666667,54.2866666666667,1.13333333333333,1.11657541666667,22.33151
"hiwassee","40_100",0.210909090909091,1.56769230769231,0.0953199739608516,13,22.7269230769231,23.0730769230769,55.0192307692308,0.846153846153846,0.327842831629909,19.67057
"hurricane","0_10",1.69,1.3509262485482,0.246635757280942,0,46.3666666666667,3.52631578947368,1.56315789473684,0,2.28306536004646,22.83065
"hurricane","10_20",1.29333333333333,1.5096443452381,0.210069553241103,0,62.3428571428571,3.44285714285714,1.3,0,1.95247335317461,19.52473
"hurricane","20_40",0.896666666666667,1.50104635443921,0.215883238671701,0,56.68,4.65454545454545,1.80909090909091,0,1.34593823114716,26.91876
"hurricane","40_100",0.5,1.59451747615447,0.19649269329816,0,51.8738095238095,3.25581395348837,1.62790697674419,0,0.797258738077235,47.83552
"kingsferry","0_10",NA,1.3509262485482,0.246635757280942,0,46.6,4.3,1.1,0,NA,NA
"kingsferry","10_20",NA,1.5096443452381,0.210069553241103,0,55.8,3.6,1.3,0,NA,NA
"kingsferry","20_40",NA,1.50104635443921,0.215883238671701,0,32.4,5.5,1.4,0,NA,NA
"kingsferry","40_100",NA,1.59451747615447,0.19649269329816,0,67.22,4.6,2.52,0,NA,NA
"kinston","0_10",NA,1.3509262485482,0.246635757280942,0,1.3,40.6,46.3,0,NA,NA
"kinston","10_20",NA,1.5096443452381,0.210069553241103,0,21.1,33.7,29.3,0,NA,NA
"kinston","20_40",NA,1.50104635443921,0.215883238671701,0,44.6474010593,29.3694540148412,19.535668248824,2.4242495503916,NA,NA
"kinston","40_100",NA,1.59451747615447,0.19649269329816,0,41.05,34.15,32.7,0,NA,NA
"kolin","0_10",NA,1.435,0.0494974746830584,2,33.9333333333333,57.8666666666667,8.2,0,NA,NA
"kolin","10_20",NA,1.53,0.210069553241103,1,23.1,64.6,12.3,0,NA,NA
"kolin","20_40",NA,1.56,0.215883238671701,1,26.8666666666667,57.1333333333333,16,0.333333333333333,NA,NA
"kolin","40_100",0.25,1.706,0.105261578935526,5,20.1545454545455,51.7818181818182,28.0636363636364,0.545454545454545,0.424173636363636,25.45042
"lakeland","0_10",0.685,1.3509262485482,0.246635757280942,0,65.7052631578947,4.18421052631579,2.32631578947368,0,0.925384480255517,9.25384
"lakeland","10_20",0.496666666666667,1.5096443452381,0.210069553241103,0,42.3857142857143,5.55714285714286,2.45714285714286,0,0.74979002480159,7.4979
"lakeland","20_40",0.308333333333333,1.50104635443921,0.215883238671701,0,63.5625,4.87777777777778,3.25555555555556,0,0.46282262595209,9.25645
"lakeland","40_100",0.12,1.59451747615447,0.19649269329816,0,75.0088888888889,4.51333333333333,3.22888888888889,0,0.191342097138536,11.48053
"latonia","0_10",NA,1.51,0.246635757280942,1,58.7,36,5.3,1,NA,NA
"latonia","10_20",NA,1.5096443452381,0.210069553241103,0,46.7895312870223,30.4653139464118,15.1362533561418,2.95214027796427,NA,NA
"latonia","20_40",NA,1.58,0,2,52.95,35.9,11.15,0,NA,NA
"latonia","40_100",NA,1.65333333333333,0.0305505046330388,3,51.3666666666667,32.7333333333333,15.9,0.666666666666667,NA,NA
"leadvale","0_10",NA,1.3509262485482,0.246635757280942,0,23.6461538461538,63.9,12.4615384615385,0,NA,NA
"leadvale","10_20",NA,1.5096443452381,0.210069553241103,0,21.3333333333333,63.6666666666667,15,0,NA,NA
"leadvale","20_40",NA,1.50104635443921,0.215883238671701,0,15.575,62.75,21.6833333333333,0,NA,NA
"leadvale","40_100",NA,1.59451747615447,0.19649269329816,0,16.4655172413793,55.3344827586207,28.2034482758621,0,NA,NA
"leefield","0_10",NA,1.3509262485482,0.246635757280942,0,38.7666666666667,8.31666666666667,5.63333333333333,0,NA,NA
"leefield","10_20",NA,1.5096443452381,0.210069553241103,0,56.58,7.98,5.02,0,NA,NA
"leefield","20_40",NA,1.50104635443921,0.215883238671701,0,33.8571428571429,10.7875,5.25,0,NA,NA
"leefield","40_100",0.1,1.59451747615447,0.19649269329816,0,52.0571428571429,8.46111111111111,11.4777777777778,0,0.159451747615447,9.5671
"lenoir","0_10",2.325,1.41,0,2,14.0333333333333,52.6333333333333,33.3333333333333,0,3.27825,32.7825
"lenoir","10_20",1.6,1.61,0.210069553241103,1,6,45.2,48.8,0,2.576,25.76
"lenoir","20_40",0.81,1.47,0.215883238671701,1,16.5,48.55,34.95,0,1.1907,23.814
"lenoir","40_100",0.76,1.486,0.0702139587261679,5,7.74285714285714,46.4714285714286,45.7857142857143,0,1.12936,67.7616
"leon","0_10",21.275,1.05,0.29698484809835,2,50.95,8.12916666666667,1.325,0,22.33875,223.3875
"leon","10_20",0.41,1.5096443452381,0.210069553241103,0,68.85,4.9125,0.6125,0,0.618954181547621,6.18954
"leon","20_40",0.36,1.47666666666667,0.21594752448994,3,64.9035714285714,3.72142857142857,1.00357142857143,0,0.531600000000001,10.632
"leon","40_100",1.2175,1.45,0.321403173599764,3,64.0475,4.40740740740741,2.3,0,1.765375,105.9225
"lexington","0_10",4.2,1.3509262485482,0.246635757280942,0,19.16,67.86,12.98,0,5.67389024390244,56.7389
"lexington","10_20",2.315,1.5096443452381,0.210069553241103,0,6.45,65.45,28.1,0,3.4948266592262,34.94827
"lexington","20_40",0.43,1.50104635443921,0.215883238671701,0,7.825,59.825,32.35,0,0.64544993240886,12.909
"lexington","40_100",0.0966666666666667,1.59451747615447,0.19649269329816,0,24.5272727272727,52.9818181818182,22.4909090909091,0,0.154136689361599,9.2482
"lily","0_10",21.4627272727273,1.39333333333333,0.300222139978605,3,43.6695652173913,43.9326086956522,11.1130434782609,1.1304347826087,29.5666798260869,295.6668
"lily","10_20",1.38666666666667,1.35833333333333,0.128127540625217,6,43.1093023255814,44.2767441860465,12.6186046511628,2.23255813953488,1.84150408268733,18.41504
"lily","20_40",0.381428571428571,1.55875,0.122408858222878,8,41.4625,39.3395833333333,19.1958333333333,1.6875,0.584518724330357,11.69037
"lily","40_100",0.160588235294118,1.65714285714286,0.112552795914326,14,51.4365384615385,28.2048076923077,20.3586538461538,1.27884615384615,0.262714411764706,15.76286
"lloyd","0_10",2.84,1.415,0.558614357137373,2,58.725,20.675,20.6,7.25,3.7272515,37.27252
"lloyd","10_20",1.685,1.51,0.210069553241103,1,50.65,24.05,25.3,11,2.2644715,22.64471
"lloyd","20_40",0.776666666666667,1.57,0.254558441227157,2,35.6,20.6571428571429,43.7428571428571,2.42857142857143,1.18975347619048,23.79507
"lloyd","40_100",0.266842105263158,1.558,0.228516957795259,5,33.81,23.39,42.8,1.7,0.40867242,24.52035
"louisburg","0_10",NA,1.3509262485482,0.246635757280942,0,65.2,27.8,7,0,NA,NA
"louisburg","10_20",NA,1.5096443452381,0.210069553241103,0,46.7895312870223,30.4653139464118,15.1362533561418,2.95214027796427,NA,NA
"louisburg","20_40",NA,1.50104635443921,0.215883238671701,0,60.2,30.9,8.9,0,NA,NA
"louisburg","40_100",NA,1.59451747615447,0.19649269329816,0,62.4,24.6333333333333,12.9666666666667,0,NA,NA
"lucy","0_10",1.39,1.3509262485482,0.246635757280942,0,71.9,7.88571428571429,4.21428571428571,1.85714285714286,1.84291428932305,18.42914
"lucy","10_20",0.84,1.58,0.210069553241103,1,73.3,5.65,5.45,0,1.3272,13.272
"lucy","20_40",0.29,1.50104635443921,0.215883238671701,0,59.0428571428571,8.75714285714286,6.37142857142857,0.142857142857143,0.434681580726246,8.69363
"lucy","40_100",0.12,1.616,0.0512835256198323,5,61.7863636363636,7.00909090909091,13.7954545454545,0.0454545454545455,0.193831854545455,11.62991
"lynchburg","0_10",NA,1.33,0.29698484809835,2,52.36,27.4,10.38,0,NA,NA
"lynchburg","10_20",NA,1.7,0.0565685424949239,2,74.02,21.9,7.8,0,NA,NA
"lynchburg","20_40",NA,1.71,0.0989949493661167,2,56.32,18.9,9.27,0,NA,NA
"lynchburg","40_100",NA,1.816,0.0931665175908169,5,61.5529411764706,16.3294117647059,17.8058823529412,0,NA,NA
"madison","0_10",4.16666666666667,1.35,0.306104557300279,3,59.84,19.96,20.2,4.4,5.3775,53.775
"madison","10_20",1.13333333333333,1.765,0.0212132034355964,2,49.45,21.5666666666667,28.9833333333333,4.5,1.91031833333333,19.10318
"madison","20_40",0.33,1.47666666666667,0.0929157324317756,3,37.65,18.1333333333333,44.2166666666667,0.833333333333333,0.483239166666668,9.66478
"madison","40_100",0.1425,1.46444444444444,0.07650344945019,9,41.00625,17.0875,41.90625,0.25,0.208161624999999,12.4897
"malbis","0_10",0.81,1.58666666666667,0.108750478926148,6,60.0388888888889,31.9444444444444,6.41666666666667,1,1.272348,12.72348
"malbis","10_20",0.81,1.63857142857143,0.162729691147474,7,58.26875,33.7875,7.23125,1.5,1.30733421428572,13.07334
"malbis","20_40",0.275,1.67,0.0616441400296898,9,53.3095238095238,31.7619047619048,17.0047619047619,1.57142857142857,0.452033214285714,9.04066
"malbis","40_100",0.12,1.72321428571429,0.0730830867310459,28,45.630985915493,29.369014084507,24.5154929577465,1.74647887323944,0.203174245472837,12.19045
"mantachie","0_10",3.3,1.55,0.0294392028877595,4,44.425,31.2083333333333,24.375,0.583333333333333,5.0851625,50.85163
"mantachie","10_20",0.772,1.635,0.0777817459305201,2,43.1125,35.275,21.6125,1.5,1.2432867,12.43287
"mantachie","20_40",0.536,1.595,0.106160256216722,6,54.4727272727273,27.8909090909091,17.6363636363636,1.45454545454545,0.8424848,16.8497
"mantachie","40_100",0.316470588235294,1.61384615384615,0.12692113440627,13,56.19375,24.603125,19.203125,1.5,0.503073819004524,30.18443
"mascotte","0_10",NA,1.3509262485482,0.246635757280942,0,33.05,6,2.4,0,NA,NA
"mascotte","10_20",NA,1.5096443452381,0.210069553241103,0,63.6,4,2.7,0,NA,NA
"mascotte","20_40",NA,1.50104635443921,0.215883238671701,0,28.05,4.6,1.15,0,NA,NA
"mascotte","40_100",NA,1.59451747615447,0.19649269329816,0,42.5555555555556,5.32,11.36,0,NA,NA
"mattex","0_10",1.81,1.24,0.246635757280942,1,11.5,58,30.5,0,2.2444,22.444
"mattex","10_20",NA,1.5096443452381,0.210069553241103,0,46.7895312870223,30.4653139464118,15.1362533561418,2.95214027796427,NA,NA
"mattex","20_40",NA,1.47,0.0565685424949239,2,23.3,46.25,30.45,0.5,NA,NA
"mattex","40_100",NA,1.715,0.0212132034355964,2,46.3,37.35,16.35,2,NA,NA
"mclaurin","0_10",NA,1.4,0.246635757280942,1,53.2,40.6,6.2,0,NA,NA
"mclaurin","10_20",NA,1.59,0.210069553241103,1,56.9,39,4.1,0,NA,NA
"mclaurin","20_40",NA,1.62,0.215883238671701,1,50.4,39.5,10.1,0,NA,NA
"mclaurin","40_100",NA,1.6,0.19649269329816,1,46.7,38.3,15,0,NA,NA
"mecklenburg","0_10",NA,1.61,0.0424264068711927,2,39.8333333333333,28.6,31.5666666666667,1.66666666666667,NA,NA
"mecklenburg","10_20",NA,1.5096443452381,0.210069553241103,0,40.7,33.9,25.4,0,NA,NA
"mecklenburg","20_40",NA,1.41,0.215883238671701,1,21.2,21.15,57.65,0,NA,NA
"mecklenburg","40_100",NA,1.346,0.146901327427631,5,25.36,33.84,40.8,0.1,NA,NA
"meggett","0_10",NA,1.37,0.113137084989848,2,69.0333333333333,21.7166666666667,8.13333333333333,0,NA,NA
"meggett","10_20",NA,1.515,0.0494974746830584,2,62.7,22.3666666666667,8.2,0,NA,NA
"meggett","20_40",NA,1.7,0.0565685424949239,2,48.25,18.65,20.8166666666667,0,NA,NA
"meggett","40_100",NA,1.75,0.0707106781186548,5,46.3285714285714,18.75,42.9642857142857,0.857142857142857,NA,NA
"moko","0_10",3.23,1.29,0.246635757280942,1,29.2196428571429,44.3776785714286,26.4017857142857,0.267857142857143,4.15553919642857,41.55539
"moko","10_20",3.25,1.37,0.210069553241103,1,32.4105263157895,40.5157894736842,27.0754385964912,0.508771929824561,4.42984692982456,44.29847
"moko","20_40",3.25,1.52,0.215883238671701,1,29.99,42.65,27.356,0.66,4.907396,98.14792
"moko","40_100",3.25,1.47,0.19649269329816,1,46.1,33.075,20.825,0,4.7775,286.65
"mollville","0_10",2.02,1.335,0.388908729652601,2,39.7333333333333,46.3,13.9666666666667,0,2.6967,26.967
"mollville","10_20",0.895,1.57,0.0282842712474619,2,61.9,28,10.1,0,1.40515,14.0515
"mollville","20_40",0.3975,1.7125,0.199895806192459,4,46.525,37.225,16.25,0,0.68071875,13.61438
"mollville","40_100",0.158571428571429,1.65777777777778,0.158727579344122,9,49.4555555555556,31.0111111111111,19.5333333333333,0.111111111111111,0.262584105820106,15.75505
"nikwasi","0_10",NA,0.96,0.246635757280942,1,70,17.5,12.5,0,NA,NA
"nikwasi","10_20",NA,1.5096443452381,0.210069553241103,0,46.7895312870223,30.4653139464118,15.1362533561418,2.95214027796427,NA,NA
"nikwasi","20_40",NA,1.24,0.215883238671701,1,80.1,13.6,6.3,5,NA,NA
"nikwasi","40_100",NA,1.325,0.00707106781186548,2,92.6666666666667,4.66666666666667,2.66666666666667,34,NA,NA
"nixa","0_10",2.79,1.3509262485482,0.246635757280942,0,21.9785714285714,68.2535714285714,9.75714285714286,2.39285714285714,3.67889543214908,36.78895
"nixa","10_20",1.29,1.5096443452381,0.210069553241103,0,19.2875,70.8875,9.8375,4.9375,1.85128629584264,18.51286
"nixa","20_40",0.45,1.50104635443921,0.215883238671701,0,22.6,66.0774193548387,11.3322580645161,2.41935483870968,0.659128822574314,13.18258
"nixa","40_100",0.28625,1.96,0.212132034355964,2,22.3758620689655,47.9954022988506,29.6310344827586,1.64367816091954,0.551828143678161,33.10969
"noark","0_10",NA,1.3509262485482,0.246635757280942,0,17.9860465116279,71.5581395348837,10.4581395348837,0,NA,NA
"noark","10_20",NA,1.5096443452381,0.210069553241103,0,16.5272727272727,73.5045454545455,9.95909090909091,0,NA,NA
"noark","20_40",NA,1.50104635443921,0.215883238671701,0,14.056,67.232,18.718,0.74,NA,NA
"noark","40_100",NA,1.44,0.19649269329816,1,13.0622807017544,38.480701754386,48.4605263157895,0.771929824561403,NA,NA
"norfolk","0_10",2.512,1.735,0.0443471156521669,4,76.7230769230769,13.1,4.5,0.153846153846154,4.35161489230769,43.51615
"norfolk","10_20",0.735,1.72,0.0565685424949239,2,82.6230769230769,12.0153846153846,4.52307692307692,0,1.2642,12.642
"norfolk","20_40",0.39,1.774,0.0622896460095898,5,68.3,13.5086956521739,10.9565217391304,0.260869565217391,0.690055147826087,13.8011
"norfolk","40_100",0.166875,1.70833333333333,0.0649207661873529,18,63.2137931034483,11.4120689655172,25.4137931034483,0.413793103448276,0.28389849137931,17.03391
"ocilla","0_10",NA,1.3509262485482,0.246635757280942,0,64.4272727272727,8.90909090909091,2.93636363636364,0,NA,NA
"ocilla","10_20",NA,1.5096443452381,0.210069553241103,0,52.4,6.6,3.4,0,NA,NA
"ocilla","20_40",NA,1.50104635443921,0.215883238671701,0,55.2416666666667,8.175,3.31666666666667,0,NA,NA
"ocilla","40_100",0.1,1.59451747615447,0.19649269329816,0,51.8027777777778,9.11842105263158,12.9078947368421,0,0.159451747615447,9.5671
"olustee","0_10",NA,1.3509262485482,0.246635757280942,0,36.025,7.75,2.225,0,NA,NA
"olustee","10_20",NA,1.5096443452381,0.210069553241103,0,46.7895312870223,30.4653139464118,15.1362533561418,2.95214027796427,NA,NA
"olustee","20_40",NA,1.50104635443921,0.215883238671701,0,46.86,5.4,3.1,0,NA,NA
"olustee","40_100",NA,1.59451747615447,0.19649269329816,0,52.8818181818182,5.21818181818182,9.81818181818182,0,NA,NA
"orangeburg","0_10",1.675,1.76333333333333,0.185022521151706,3,69.8076923076923,13.1230769230769,7.66538461538462,0.192307692307692,2.94790336538461,29.47903
"orangeburg","10_20",0.7125,1.83,0.210069553241103,1,68.4473684210526,12.0947368421053,8.32631578947368,0.842105263157895,1.292895,12.92895
"orangeburg","20_40",0.615,1.73111111111111,0.0964940988408675,9,66.3588235294118,13.4114285714286,14.8342857142857,0.257142857142857,1.0618957047619,21.23791
"orangeburg","40_100",0.164,1.683125,0.0878421880419653,16,56.6493670886076,10.6625,26.32125,0.575,0.274445313125,16.46672
"ouachita","0_10",2.23,1.3509262485482,0.246635757280942,0,48.2886660985049,31.5216808172776,14.2365984772959,2.55253239021966,2.93566882322384,29.35669
"ouachita","10_20",2.23,1.54,0.210069553241103,1,16.6,60.7,22.7,1,3.399858,33.99858
"ouachita","20_40",0.37,1.46,0.215883238671701,1,17.9,60,22.1,0,0.5402,10.804
"ouachita","40_100",0.21,1.56,0.19649269329816,1,20.9,58,21.1,0,0.3276,19.656
"pacolet","0_10",NA,1.16,0.0888819441731559,3,60.1285714285714,19.9714285714286,19.9,10.2857142857143,NA,NA
"pacolet","10_20",NA,1.5096443452381,0.210069553241103,0,46.7895312870223,30.4653139464118,15.1362533561418,2.95214027796427,NA,NA
"pacolet","20_40",NA,1.4325,0.177270979012358,4,50.52,20.96,28.52,12.6,NA,NA
"pacolet","40_100",NA,1.60272727272727,0.269224475450911,11,45.7,15.4642857142857,38.8357142857143,7.14285714285714,NA,NA
"pamlico","0_10",45.83,1.3509262485482,0.246635757280942,0,48.2886660985049,31.5216808172776,14.2365984772959,2.55253239021966,60.3326018692147,603.32602
"pamlico","10_20",45.83,1.5096443452381,0.210069553241103,0,9.15000000000001,34.9,26.45,0,69.1870003422621,691.87
"pamlico","20_40",26.66,1.50104635443921,0.215883238671701,0,68.45,28.95,2.6,0,40.0178958093493,800.35792
"pamlico","40_100",0.941666666666667,1.59451747615447,0.19649269329816,0,78.8066666666667,5.56666666666667,2.62666666666667,0,1.50150395671213,90.09024
"pantego","0_10",NA,1.3509262485482,0.246635757280942,0,48.2886660985049,31.5216808172776,14.2365984772959,2.55253239021966,NA,NA
"pantego","10_20",NA,1.5096443452381,0.210069553241103,0,38.4,26.9,19.7,0,NA,NA
"pantego","20_40",NA,1.50104635443921,0.215883238671701,0,26.65,31.65,16.45,0,NA,NA
"pantego","40_100",NA,1.59451747615447,0.19649269329816,0,47.925,28.225,18.95,0,NA,NA
"pelham","0_10",4.01,1.6,0.246635757280942,1,67.0181818181818,8.90909090909091,4.19090909090909,0.0909090909090909,6.41016727272727,64.10167
"pelham","10_20",2.235,1.5096443452381,0.210069553241103,0,31.2,7,2.2,0,3.37405511160715,33.74055
"pelham","20_40",0.46,1.65,0.215883238671701,1,60.9,9.24,3.54,0,0.759,15.18
"pelham","40_100",0.151666666666667,1.8,0.0360555127546399,3,63.6935483870968,8.23870967741935,11.3387096774194,0.032258064516129,0.272911935483871,16.37472
"plott","0_10",8.37,0.95,0.246635757280942,1,46.2,37.3,16.5,2,7.79247,77.9247
"plott","10_20",5.855,1.5096443452381,0.210069553241103,0,46.7895312870223,30.4653139464118,15.1362533561418,2.95214027796427,8.57802891747199,85.78029
"plott","20_40",3.34,0.96,0.215883238671701,1,46.9,40.7,12.4,8,2.949888,58.99776
"plott","40_100",1,1.18666666666667,0.128970280814354,3,56.9666666666667,29.3666666666667,13.6666666666667,9.33333333333333,1.07591111111111,64.55467
"plummer","0_10",NA,1.3509262485482,0.246635757280942,0,40.34,7.56,4.52,0,NA,NA
"plummer","10_20",NA,1.5096443452381,0.210069553241103,0,52.3666666666667,5.96666666666667,2.4,0,NA,NA
"plummer","20_40",NA,1.50104635443921,0.215883238671701,0,66.675,7.35,3.225,0,NA,NA
"plummer","40_100",NA,1.59451747615447,0.19649269329816,0,52.2722222222222,4.71111111111111,2.12222222222222,0,NA,NA
"poarch","0_10",0.77,1.3509262485482,0.246635757280942,0,51.3,25.2,4.66666666666667,0,1.04021321138211,10.40213
"poarch","10_20",0.475,1.5096443452381,0.210069553241103,0,46.7895312870223,30.4653139464118,15.1362533561418,2.95214027796427,0.69591182507245,6.95912
"poarch","20_40",0.18,1.50104635443921,0.215883238671701,0,55.8333333333333,25.6333333333333,7.86666666666667,0.333333333333333,0.269287715986394,5.38575
"poarch","40_100",0.11,1.59451747615447,0.19649269329816,0,70.2555555555556,20.4666666666667,14.6,0.222222222222222,0.175007151438376,10.50043
"ponzer","0_10",NA,0.8,0.246635757280942,1,59.5,13.6,46.6,0,NA,NA
"ponzer","10_20",NA,1.5096443452381,0.210069553241103,0,46.7895312870223,30.4653139464118,15.1362533561418,2.95214027796427,NA,NA
"ponzer","20_40",NA,0.72,0.215883238671701,1,69.1666666666667,42.6333333333333,24.8666666666667,0,NA,NA
"ponzer","40_100",NA,1.15,0.240416305603426,2,33.3857142857143,49.9285714285714,13.7571428571429,0.142857142857143,NA,NA
"portia","0_10",1.06666666666667,1.3509262485482,0.246635757280942,0,34.0458333333333,55.7708333333333,10.1833333333333,0,1.44098799845141,14.40988
"portia","10_20",1.42,1.5096443452381,0.210069553241103,0,38.0384615384615,51.0538461538462,10.9,0,2.1436949702381,21.43695
"portia","20_40",0.6825,1.50104635443921,0.215883238671701,0,28.7516129032258,53.6387096774194,17.6129032258065,0,1.02446413690476,20.48928
"portia","40_100",0.3425,1.59451747615447,0.19649269329816,0,27.6267605633803,37.1450704225352,35.230985915493,0,0.546122235582906,32.76733
"pottsburg","0_10",NA,1.3509262485482,0.246635757280942,0,47.425,4.175,1.7625,0,NA,NA
"pottsburg","10_20",NA,1.5096443452381,0.210069553241103,0,47.6,5,1.85,0,NA,NA
"pottsburg","20_40",NA,1.50104635443921,0.215883238671701,0,47.2,4.8375,1.6875,0,NA,NA
"pottsburg","40_100",NA,1.59451747615447,0.19649269329816,0,44.3944444444444,4.37777777777778,1.92777777777778,0,NA,NA
"providence","0_10",NA,1.21333333333333,0.204287379280594,3,14.5,75.5,10,0,NA,NA
"providence","10_20",NA,1.5275,0.0846069343099804,4,15.625,68.425,15.95,0,NA,NA
"providence","20_40",NA,1.56666666666667,0.0152752523165195,3,11.1666666666667,65.0333333333333,23.8,0,NA,NA
"providence","40_100",NA,1.635,0.0988571053224161,12,19.2285714285714,57.4071428571429,23.3642857142857,0,NA,NA
"rains","0_10",2.42,1.35,0.06557438524302,3,58.4916666666667,25.2153846153846,10.2076923076923,0.153846153846154,3.26197384615385,32.61974
"rains","10_20",1.335,1.465,0.0777817459305203,2,61.8,25.74,8.72,0,1.955775,19.55775
"rains","20_40",0.25,1.5725,0.0602079728939614,4,69.58,20.0333333333333,12.1066666666667,0.133333333333333,0.392600833333333,7.85202
"rains","40_100",0.2975,1.69714285714286,0.0446147530585589,7,61.1533333333333,19.1766666666667,23.5466666666667,0.133333333333333,0.504226800000001,30.25361
"reddies","0_10",6.24666666666667,0.91,0.197989898732233,2,64.475,31.025,8.05,0,5.68446666666667,56.84467
"reddies","10_20",2.665,1.34,0.210069553241103,1,68.2,21.8,10,3.33333333333333,3.45206333333333,34.52063
"reddies","20_40",0.9,1.24333333333333,0.280059517483933,3,69.95,23.375,6.675,0,1.119,22.38
"reddies","40_100",0.542,1.23,0.13076696830622,3,80.3636363636364,13.2272727272727,6.40909090909091,46.2727272727273,0.358178236363636,21.49069
"rexor","0_10",NA,1.3509262485482,0.246635757280942,0,48.2886660985049,31.5216808172776,14.2365984772959,2.55253239021966,NA,NA
"rexor","10_20",NA,1.5096443452381,0.210069553241103,0,26.7,62.3,10.9,0,NA,NA
"rexor","20_40",NA,1.50104635443921,0.215883238671701,0,44.6474010593,29.3694540148412,19.535668248824,2.4242495503916,NA,NA
"rexor","40_100",NA,1.59451747615447,0.19649269329816,0,27.35,54.45,20.2,0,NA,NA
"rosman","0_10",3.52,1.1,0.212132034355964,2,43.3,41.35,15.35,0,3.872,38.72
"rosman","10_20",2.725,1.33,0.210069553241103,1,62.4,25.2,12.4,1,3.5880075,35.88008
"rosman","20_40",1.93,1.24,0.127279220613579,2,43.7,41.7,14.6,0,2.3932,47.864
"rosman","40_100",0.695,1.29,0.132233559604642,8,69.6222222222222,23.7555555555556,6.62222222222222,0,0.89655,53.793
"ruston","0_10",NA,1.49,0.0367423461417477,5,65.26,29.2666666666667,5.47333333333333,0.0666666666666667,NA,NA
"ruston","10_20",NA,1.7175,0.17423642940939,4,57.8,31.1888888888889,11.0111111111111,0,NA,NA
"ruston","20_40",NA,1.7025,0.0394757309410901,4,57.4733333333333,29.6933333333333,12.8333333333333,0.0666666666666667,NA,NA
"ruston","40_100",NA,1.75352941176471,0.0561183098986628,17,56.6116279069767,23.5860465116279,19.8023255813953,0.116279069767442,NA,NA
"rutlege","0_10",NA,1.3509262485482,0.246635757280942,0,76.75,7,3.25,0,NA,NA
"rutlege","10_20",NA,1.5096443452381,0.210069553241103,0,44,11.6,2.6,0,NA,NA
"rutlege","20_40",NA,1.50104635443921,0.215883238671701,0,58.3666666666667,5.83333333333333,2.96666666666667,0,NA,NA
"rutlege","40_100",NA,1.59451747615447,0.19649269329816,0,50.0444444444444,4.46666666666667,4.2,0,NA,NA
"sacul","0_10",1.96,1.435,0.0919238815542511,2,50.0142857142857,41.5428571428571,30.3,1.28571428571429,2.776438,27.76438
"sacul","10_20",1.155,1.48,0.210069553241103,1,36.82,41.44,36.78,0,1.7094,17.094
"sacul","20_40",0.35,1.62666666666667,0.0513160143944688,3,37.5142857142857,42.0142857142857,31.9857142857143,1.42857142857143,0.561200000000001,11.224
"sacul","40_100",0.26,1.64,0.0728010988928051,5,30.3095238095238,36.5,35.4904761904762,1.57142857142857,0.419699428571429,25.18197
"saffell","0_10",2.3025,1.3509262485482,0.246635757280942,0,32.65,55.9875,11.3625,6.25,2.91610095682709,29.16101
"saffell","10_20",0.685,1.38,0.210069553241103,1,18,65.775,16.225,11.75,0.83422725,8.34227
"saffell","20_40",0.4475,1.36,0.215883238671701,1,32.9285714285714,50.7714285714286,16.3,15.2857142857143,0.515571142857143,10.31142
"saffell","40_100",0.2,1.21,0.19649269329816,1,47.7714285714286,31.6142857142857,20.6142857142857,19.2857142857143,0.195328571428571,11.71971
"sapelo","0_10",0.92,1.3509262485482,0.246635757280942,0,53.2846153846154,7.10714285714286,1.12857142857143,0,1.24285214866434,12.42852
"sapelo","10_20",0.92,1.52,0.210069553241103,1,79.46,6.76666666666667,1.01666666666667,0,1.3984,13.984
"sapelo","20_40",0.781,1.50104635443921,0.215883238671701,0,55.26,6.45,1.435,0,1.17231720281702,23.44634
"sapelo","40_100",0.642,1.61,0.0692820323027551,6,56.3903225806452,5.73548387096774,4.24354838709677,0,1.03362,62.0172
"saucier","0_10",NA,1.42,0.127279220613579,2,40.75,29.55,12.525,2.5,NA,NA
"saucier","10_20",NA,1.59,0.210069553241103,1,44.3,39.5,16.2,1,NA,NA
"saucier","20_40",NA,1.67,0.014142135623731,2,53.65,25.925,14.175,1,NA,NA
"saucier","40_100",NA,1.685,0.0404145188432738,4,45.32,27.27,27.61,0.5,NA,NA
"saunook","0_10",NA,1.3,0.246635757280942,1,43.1,32.2,24.7,16,NA,NA
"saunook","10_20",NA,1.29,0.175214154679352,3,40.8666666666667,37.9,21.2333333333333,7.66666666666667,NA,NA
"saunook","20_40",NA,1.43,0.229128784747792,3,43.4333333333333,34.8,21.7666666666667,10.6666666666667,NA,NA
"saunook","40_100",NA,1.26,0.208885933785244,7,44.8,33.8375,21.3625,29.875,NA,NA
"sharkey","0_10",4.995,1.54,0.346121365997536,7,5.41904761904762,31.7333333333333,62.847619047619,0.19047619047619,7.677648,76.77648
"sharkey","10_20",1.38888888888889,1.852,0.055703295619354,15,1.27272727272727,32.0136363636364,66.7136363636364,0.0454545454545455,2.57105303030303,25.71053
"sharkey","20_40",1.19727272727273,1.80785714285714,0.0867515082048962,14,3.63076923076923,31.5384615384615,64.8307692307692,0,2.16449805194805,43.28996
"sharkey","40_100",0.7862,1.81230769230769,0.104280686315643,26,3.2125,30.6825,66.105,0.0125,1.42465820315384,85.47949
"smithdale","0_10",3.73857142857143,1.57,0.0264575131106459,3,74.7,19.7083333333333,5.59166666666667,2.5,5.72281821428571,57.22818
"smithdale","10_20",0.874,1.5096443452381,0.210069553241103,0,74.72,19.94,5.34,4.2,1.2640131331131,12.64013
"smithdale","20_40",0.46,1.5575,0.0903234926989282,4,68.1714285714286,20.7285714285714,11.1,3.42857142857143,0.691886,13.83772
"smithdale","40_100",0.255,1.7,0.05,5,62.636,16.14,21.224,1.04,0.4289916,25.7395
"smithton","0_10",NA,1.3509262485482,0.246635757280942,0,48.6,45.5,5.9,0,NA,NA
"smithton","10_20",NA,1.5096443452381,0.210069553241103,0,46.7895312870223,30.4653139464118,15.1362533561418,2.95214027796427,NA,NA
"smithton","20_40",NA,1.50104635443921,0.215883238671701,0,51.7,41.6,6.7,0,NA,NA
"smithton","40_100",NA,1.59451747615447,0.19649269329816,0,51.8,40.05,8.15,0,NA,NA
"susquehanna","0_10",1.45,1.36,0.226274169979695,2,59.6333333333333,36.2666666666667,4.1,0.333333333333333,1.96542666666667,19.65427
"susquehanna","10_20",0.945,1.475,0.162634559672906,2,29.7,44.95,25.35,0.5,1.386905625,13.86906
"susquehanna","20_40",0.44,1.77,0.0761577310586392,4,30.8,19.95,49.25,0,0.7788,15.576
"susquehanna","40_100",0.13,1.88333333333333,0.0553774924194538,6,32.9857142857143,18.0571428571429,48.9571428571429,0,0.244833333333333,14.69
"tate","0_10",17.435,1.55,0.246635757280942,1,72.6666666666667,37,14.3,10.3333333333333,24.2317441666667,242.31744
"tate","10_20",1.96,1.345,0.205060966544099,2,57.8,24.25,17.95,12,2.319856,23.19856
"tate","20_40",0.56,1.505,0.0919238815542513,2,51.95,24.5,23.55,9,0.766948,15.33896
"tate","40_100",0.163333333333333,1.526,0.0998999499499374,5,58.04,21.62,20.34,16,0.2093672,12.56203
"tippah","0_10",NA,1.29,0.246635757280942,1,9.8,81.3,8.9,0,NA,NA
"tippah","10_20",NA,1.5096443452381,0.210069553241103,0,46.7895312870223,30.4653139464118,15.1362533561418,2.95214027796427,NA,NA
"tippah","20_40",NA,1.505,0.0919238815542513,2,6.15,70.15,23.7,0,NA,NA
"tippah","40_100",NA,1.76333333333333,0.187171935218219,3,4.7,58.4333333333333,36.8666666666667,0,NA,NA
"toccoa","0_10",2.095,1.32,0.246635757280942,1,38.65,37.15,24.2,1,2.737746,27.37746
"toccoa","10_20",0.855,1.45,0.210069553241103,1,62.25,23.925,13.825,0.25,1.236650625,12.36651
"toccoa","20_40",0.17,1.66,0.215883238671701,1,65.5333333333333,23.9333333333333,10.5333333333333,0,0.2822,5.644
"toccoa","40_100",0.17,1.7,0.0360555127546399,3,69.48,19.92,10.6,1.1,0.285821,17.14926
"toinette","0_10",2.51,1.3509262485482,0.246635757280942,0,80.1,15.4,4.5,0,3.39082488385598,33.90825
"toinette","10_20",1.365,1.5096443452381,0.210069553241103,0,46.7895312870223,30.4653139464118,15.1362533561418,2.95214027796427,1.99983082362925,19.99831
"toinette","20_40",0.22,1.50104635443921,0.215883238671701,0,84.3,11.8,3.9,0,0.330230197976626,6.6046
"toinette","40_100",0.153333333333333,1.59451747615447,0.19649269329816,0,78.7666666666667,5.53333333333333,15.7,0,0.244492679677019,14.66956
"townley","0_10",NA,1.3509262485482,0.246635757280942,0,21,52.5,26.5,0,NA,NA
"townley","10_20",NA,1.5096443452381,0.210069553241103,0,46.7895312870223,30.4653139464118,15.1362533561418,2.95214027796427,NA,NA
"townley","20_40",NA,1.50104635443921,0.215883238671701,0,9,39.9,51.1,0,NA,NA
"townley","40_100",NA,1.59451747615447,0.19649269329816,0,6.83333333333333,44.4666666666667,48.7,0,NA,NA
"toxaway","0_10",4.06,1.06,0.246635757280942,1,7,58.8,34.2,0,4.3036,43.036
"toxaway","10_20",3.55,1.5096443452381,0.210069553241103,0,46.7895312870223,30.4653139464118,15.1362533561418,2.95214027796427,5.20102521896252,52.01025
"toxaway","20_40",3.04,1.07,0.0282842712474619,2,7.25,59.3,33.45,0,3.2528,65.056
"toxaway","40_100",1.67,1.23666666666667,0.0288675134594813,3,9.83333333333333,62.0333333333333,28.1333333333333,0,2.06523333333334,123.914
"trimont","0_10",4.57,0.95,0.246635757280942,1,50.6,28,21.4,2,4.25467,42.5467
"trimont","10_20",2.25,1.12,0.183847763108502,2,45.2,28.15,26.65,5.5,2.3814,23.814
"trimont","20_40",0.43,1.37,0.0282842712474618,2,45.75,20.8,33.45,4.5,0.5625905,11.25181
"trimont","40_100",0.145,1.42833333333333,0.170577450639487,6,63.4833333333333,15.5333333333333,20.9833333333333,5,0.196752916666666,11.80517
"troup","0_10",1.7375,1.58,0.0989949493661166,2,76.3785714285714,7.36428571428571,3.5,0,2.74525,27.4525
"troup","10_20",0.766666666666667,1.71,0.210069553241103,1,87.6285714285714,8.52857142857143,3.84285714285714,0,1.311,13.11
"troup","20_40",0.2375,1.5,0.215883238671701,1,73.025,8.425,3.965,0.05,0.356071875,7.12144
"troup","40_100",0.075,1.87,0.459238500128201,3,74.2660377358491,7.7622641509434,5.13396226415094,0.188679245283019,0.139985377358491,8.39912
"tuckasegee","0_10",NA,1.3509262485482,0.246635757280942,0,48.2886660985049,31.5216808172776,14.2365984772959,2.55253239021966,NA,NA
"tuckasegee","10_20",NA,1.11,0.210069553241103,1,56.4,28.1,15.5,16,NA,NA
"tuckasegee","20_40",NA,0.97,0.215883238671701,1,58.5,31.1,10.4,16,NA,NA
"tuckasegee","40_100",NA,1.17,0.09,3,57.5333333333333,22.2333333333333,20.2333333333333,28.6666666666667,NA,NA
"tusquitee","0_10",23.44,0.57,0.246635757280942,1,35.45,36.95,37.5,1,13.227192,132.27192
"tusquitee","10_20",NA,1.2,0.210069553241103,1,52.6,28.7,18.7,10,NA,NA
"tusquitee","20_40",NA,1.14,0.215883238671701,1,57.7,24.2,18.1,2,NA,NA
"tusquitee","40_100",NA,1.3,0.15556349186104,2,64.2,20.15,15.65,19,NA,NA
"udorthents","0_10",1.14,1.3509262485482,0.246635757280942,0,32.2,45.2,22.6,0,1.54005592334495,15.40056
"udorthents","10_20",0.685,1.5096443452381,0.210069553241103,0,46.7895312870223,30.4653139464118,15.1362533561418,2.95214027796427,1.0035781056308,10.03578
"udorthents","20_40",0.23,1.50104635443921,0.215883238671701,0,22.3,44.8,32.9,0,0.345240661521018,6.90481
"udorthents","40_100",0.11,1.59451747615447,0.19649269329816,0,43.6,32.7,23.7,0,0.175396922376992,10.52382
"unaka","0_10",NA,1.3509262485482,0.246635757280942,0,40.3,35.5,24.2,10,NA,NA
"unaka","10_20",NA,1.5096443452381,0.210069553241103,0,40.2,39.3,20.5,10,NA,NA
"unaka","20_40",NA,1.50104635443921,0.215883238671701,0,45.7,36,18.3,8,NA,NA
"unaka","40_100",NA,1.59451747615447,0.19649269329816,0,58.9,28.85,12.25,10,NA,NA
"urban land","0_10",NA,1.3509262485482,0.246635757280942,0,43.63,36.81,19.56,16.9,NA,NA
"urban land","10_20",NA,1.5096443452381,0.210069553241103,0,46.7895312870223,30.4653139464118,15.1362533561418,2.95214027796427,NA,NA
"urban land","20_40",NA,1.50104635443921,0.215883238671701,0,39.07,39.12,21.81,13.7,NA,NA
"urban land","40_100",NA,1.59451747615447,0.19649269329816,0,47.1527031434407,24.7802985973975,23.2730709428291,3.29052854268621,NA,NA
"vance","0_10",1.64,1.3509262485482,0.246635757280942,0,24,51.7,24.3,0,2.21551904761905,22.15519
"vance","10_20",0.6,1.5096443452381,0.210069553241103,0,26,56.5,17.5,0,0.90578660714286,9.05787
"vance","20_40",0.22,1.50104635443921,0.215883238671701,0,27.3,55.8,16.9,0,0.330230197976626,6.6046
"vance","40_100",0.43,1.59451747615447,0.19649269329816,0,35.84,44.48,26.56,0,0.685642514746422,41.13855
"wadley","0_10",2.19,1.3509262485482,0.246635757280942,0,62.5111111111111,10.0888888888889,3.22222222222222,0.555555555555556,2.94209221496322,29.42092
"wadley","10_20",1.3225,1.5096443452381,0.210069553241103,0,46.3,6.5,1.9,0,1.99650464657739,19.96505
"wadley","20_40",0.455,1.50104635443921,0.215883238671701,0,76.625,10.5,3.5625,0.875,0.677000050471229,13.54
"wadley","40_100",0.131666666666667,1.59451747615447,0.19649269329816,0,61.5944444444444,8.85,5.42222222222222,0.5,0.20889507702187,12.5337
"wagram","0_10",1.635,1.3509262485482,0.246635757280942,0,68.1333333333333,9.76666666666667,4.1,1,2.18667677221254,21.86677
"wagram","10_20",1.11,1.57,0.169705627484771,2,61.4333333333333,10.3,3.1,0,1.7427,17.427
"wagram","20_40",0.37,1.63,0.215883238671701,1,67.925,10.225,5.075,1.75,0.59254575,11.85092
"wagram","40_100",0.1375,1.6775,0.105633012516605,4,77.99,9.575,12.2,1.58333333333333,0.227004192708333,13.62025
"wahee","0_10",1.86,1.3509262485482,0.246635757280942,0,61.8,27.4666666666667,10.6,0,2.51272282229965,25.12723
"wahee","10_20",1.365,1.5096443452381,0.210069553241103,0,46.7895312870223,30.4653139464118,15.1362533561418,2.95214027796427,1.99983082362925,19.99831
"wahee","20_40",0.87,1.50104635443921,0.215883238671701,0,47.675,33.275,19,0.25,1.30264555254121,26.05291
"wahee","40_100",0.155,1.59451747615447,0.19649269329816,0,28.73,20.03,51.17,0.4,0.246161607968727,14.7697
"wehadkee","0_10",1.35,1.3509262485482,0.246635757280942,0,45.95,34.4,19.65,0,1.82375043554007,18.2375
"wehadkee","10_20",2.28,1.5096443452381,0.210069553241103,0,16.3,35.3,48.4,0,3.44198910714287,34.41989
"wehadkee","20_40",1.365,1.50104635443921,0.215883238671701,0,22.75,41.4,35.85,0,2.04892827380952,40.97857
"wehadkee","40_100",1.04,1.59451747615447,0.19649269329816,0,38.8666666666667,32.1333333333333,29,0,1.65829817520065,99.49789
"whiteside","0_10",NA,1.3509262485482,0.246635757280942,0,48.2886660985049,31.5216808172776,14.2365984772959,2.55253239021966,NA,NA
"whiteside","10_20",NA,1.5096443452381,0.210069553241103,0,46.7895312870223,30.4653139464118,15.1362533561418,2.95214027796427,NA,NA
"whiteside","20_40",NA,1.21,0.215883238671701,1,47,26.9,26.1,0,NA,NA
"whiteside","40_100",NA,1.30666666666667,0.0550757054728611,3,54.5,24.0666666666667,21.4333333333333,0.333333333333333,NA,NA
"wickham","0_10",0.702857142857143,1.41,0.246635757280942,1,56.8578947368421,36.7315789473684,20.335,0,0.991028571428571,9.91029
"wickham","10_20",0.595454545454545,1.5096443452381,0.210069553241103,0,65.4666666666667,36.62,23.2333333333333,0.0666666666666667,0.898325304333517,8.98325
"wickham","20_40",0.286666666666667,1.71,0.215883238671701,1,53.3888888888889,26.2555555555556,20.3555555555556,0.111111111111111,0.489655333333333,9.79311
"wickham","40_100",0.0952941176470588,1.69,0.19649269329816,1,52.3052631578947,24.1552631578947,23.5394736842105,0.157894736842105,0.160792773993808,9.64757
"wilkes","0_10",NA,1.3509262485482,0.246635757280942,0,70.8,23.9,5.3,0,NA,NA
"wilkes","10_20",NA,1.5096443452381,0.210069553241103,0,72.4,23.4,4.2,0,NA,NA
"wilkes","20_40",NA,1.50104635443921,0.215883238671701,0,48.7,22.9,28.4,0,NA,NA
"wilkes","40_100",NA,1.59451747615447,0.19649269329816,0,81.2,9.9,8.9,5,NA,NA
"woden","0_10",NA,1.3509262485482,0.246635757280942,0,73.35,23.625,3.025,0,NA,NA
"woden","10_20",NA,1.5096443452381,0.210069553241103,0,67.55,28.2,4.25,0,NA,NA
"woden","20_40",NA,1.50104635443921,0.215883238671701,0,65.1,28.75,6.15,0,NA,NA
"woden","40_100",NA,1.59451747615447,0.19649269329816,0,59.85,25.3125,14.8375,0,NA,NA
"wrightsville","0_10",1.78,1.42666666666667,0.11060440015358,3,18.3555555555556,59.0555555555556,22.5888888888889,1.44444444444444,2.50278548148149,25.02785
"wrightsville","10_20",1.075,1.67,0.210069553241103,1,15.5428571428571,58,26.4571428571429,0.142857142857143,1.79268535714286,17.92685
"wrightsville","20_40",0.37,1.598,0.0807465169527454,5,17.7111111111111,56.0666666666667,26.2222222222222,0.222222222222222,0.589946088888889,11.79892
"wrightsville","40_100",0.255,1.78454545454545,0.0951171526448975,11,11.9222222222222,45.3555555555556,42.7222222222222,0,0.45505909090909,27.30355
