"soil_name","horizon","sand","silt","clay","frag","bulk_density","bulk_density_sd","n","p_per","p_g_m2","total_p_horizon"
"acadia","0_10",58.5,36.4,5.1,2,1.4,0.246635757280942,1,NA,NA,NA
"acadia","10_20",46.7895312870223,30.4653139464118,15.1362533561418,2.95214027796427,1.5096443452381,0.210069553241103,0,NA,NA,NA
"acadia","20_40",40.9,37.5,21.6,2,1.62,0.215883238671701,1,NA,NA,NA
"acadia","40_100",35.8333333333333,33.0333333333333,31.1333333333333,1.66666666666667,1.81,0.05,3,NA,NA,NA
"albany","0_10",46.4333333333333,7.40555555555556,2.86666666666667,0.0555555555555556,1.6,0.246635757280942,1,25.2,40.2976,402.976
"albany","10_20",45.6285714285714,5.97142857142857,2.24285714285714,0,1.5096443452381,0.210069553241103,0,23.55,35.5521243303573,355.52124
"albany","20_40",57.1647058823529,7.74444444444444,2.60555555555556,0.0555555555555556,1.69,0.014142135623731,2,21.9,36.9904383333333,739.80877
"albany","40_100",53.5452830188679,6.73962264150943,2.40754716981132,0.0754716981132075,1.74666666666667,0.0956382071489562,6,7.41666666666667,12.9446675052411,776.68005
"allanton","0_10",21.2,6.2,7.8,0,1.3509262485482,0.246635757280942,0,NA,NA,NA
"allanton","10_20",95.2,6.5,2,0,1.5096443452381,0.210069553241103,0,NA,NA,NA
"allanton","20_40",17.25,8.15,3.05,0,1.50104635443921,0.215883238671701,0,NA,NA,NA
"allanton","40_100",68.1,7,2.68,0,1.59451747615447,0.19649269329816,0,NA,NA,NA
"angelina","0_10",30.2,40.5,29.3,0,1.53,0.246635757280942,1,NA,NA,NA
"angelina","10_20",46.7895312870223,30.4653139464118,15.1362533561418,2.95214027796427,1.5096443452381,0.210069553241103,0,NA,NA,NA
"angelina","20_40",16.6,42.1,41.3,0,1.81,0.215883238671701,1,NA,NA,NA
"angelina","40_100",52.5333333333333,22.9666666666667,24.5,0,1.69666666666667,0.0550757054728611,3,NA,NA,NA
"appling","0_10",65.0666666666667,21.1333333333333,12.6,4,1.3509262485482,0.246635757280942,0,NA,NA,NA
"appling","10_20",31.175,38.425,15.125,0,1.5096443452381,0.210069553241103,0,NA,NA,NA
"appling","20_40",36.8,20.6,42.6,0,1.50104635443921,0.215883238671701,0,NA,NA,NA
"appling","40_100",42.0181818181818,25.5,32.9090909090909,2.72727272727273,1.31,0.19649269329816,1,NA,NA,NA
"arkana","0_10",26.26875,54.1375,19.6,0,1.3509262485482,0.246635757280942,0,160,216.148199767712,2161.482
"arkana","10_20",26.5285714285714,49.4571428571429,24.0142857142857,0,1.5096443452381,0.210069553241103,0,160,241.543095238096,2415.43095
"arkana","20_40",19.9578947368421,39.3421052631579,40.6947368421053,0,1.50104635443921,0.215883238671701,0,160,240.167416710274,4803.34833
"arkana","40_100",11.5108108108108,26.2378378378378,62.2378378378378,0,1.59451747615447,0.19649269329816,0,92.6666666666667,147.758619456981,8865.51717
"ashe","0_10",48.7666666666667,35.2333333333333,16,6.33333333333333,1.26,0.246635757280942,1,NA,NA,NA
"ashe","10_20",49.2,36.75,14.05,2,1.5096443452381,0.210069553241103,0,NA,NA,NA
"ashe","20_40",63.5,22.7,13.8,1,1.58,0.215883238671701,1,NA,NA,NA
"ashe","40_100",59.06,27.64,13.3,8,1.79,0.19649269329816,1,NA,NA,NA
"ashlar","0_10",48.2886660985049,31.5216808172776,14.2365984772959,2.55253239021966,1.3509262485482,0.246635757280942,0,NA,NA,NA
"ashlar","10_20",46.7895312870223,30.4653139464118,15.1362533561418,2.95214027796427,1.5096443452381,0.210069553241103,0,NA,NA,NA
"ashlar","20_40",74.2,20.1,5.7,14,1.57,0.215883238671701,1,NA,NA,NA
"ashlar","40_100",75.2,19.4,5.4,30,1.55,0.19649269329816,1,NA,NA,NA
"attoyac","0_10",64.0333333333333,31.7333333333333,4.23333333333333,0.333333333333333,1.63,0.226274169979695,2,NA,NA,NA
"attoyac","10_20",72.75,24.25,3,1,1.585,0.134350288425444,2,NA,NA,NA
"attoyac","20_40",61.2333333333333,30.45,8.31666666666667,0.333333333333333,1.648,0.122351951353462,5,NA,NA,NA
"attoyac","40_100",49.0545454545455,26.5636363636364,24.3818181818182,0.181818181818182,1.7775,0.0337003603202442,8,NA,NA,NA
"bayboro","0_10",44.8,20.4,34.8,0,1.3509262485482,0.246635757280942,0,NA,NA,NA
"bayboro","10_20",36,31.2666666666667,32.7333333333333,0,1.5096443452381,0.210069553241103,0,NA,NA,NA
"bayboro","20_40",31.95,32.85,35.2,0,1.50104635443921,0.215883238671701,0,NA,NA,NA
"bayboro","40_100",26.6666666666667,24.5,48.8333333333333,0,1.59451747615447,0.19649269329816,0,NA,NA,NA
"beauregard","0_10",39.1833333333333,55.1333333333333,5.68333333333333,1.16666666666667,1.39,0.246635757280942,1,NA,NA,NA
"beauregard","10_20",36.0666666666667,54.7,9.23333333333333,1,1.6,0.210069553241103,1,NA,NA,NA
"beauregard","20_40",30.8166666666667,52.3666666666667,16.8166666666667,1,1.62,0.215883238671701,1,NA,NA,NA
"beauregard","40_100",27.90625,52.375,19.71875,1.25,1.70666666666667,0.0850490054811538,3,NA,NA,NA
"benndale","0_10",71.4,18.95,9.65,0.5,1.53,0.246635757280942,1,NA,NA,NA
"benndale","10_20",46.7895312870223,30.4653139464118,15.1362533561418,2.95214027796427,1.5096443452381,0.210069553241103,0,NA,NA,NA
"benndale","20_40",64.15,20.1,15.75,0,1.63,0.215883238671701,1,NA,NA,NA
"benndale","40_100",69.12,17.16,13.72,0.6,1.69,0.0173205080756888,3,NA,NA,NA
"bernaldo","0_10",62.0666666666667,35.5,2.43333333333333,0,1.3509262485482,0.246635757280942,0,3.8,5.13351974448316,51.3352
"bernaldo","10_20",52.3,42.1,5.6,0,1.44,0.210069553241103,1,2.28333333333333,3.288,32.88
"bernaldo","20_40",56.625,37.875,5.5,0,1.51,0.0800000000000001,3,0.766666666666667,1.15766666666667,23.15333
"bernaldo","40_100",41.4857142857143,32.4428571428571,26.0714285714286,0.142857142857143,1.67142857142857,0.0817370930542087,7,0.24,0.400569795918367,24.03419
"besner","0_10",66,31.2,2.8,0,1.24,0.246635757280942,1,NA,NA,NA
"besner","10_20",46.7895312870223,30.4653139464118,15.1362533561418,2.95214027796427,1.5096443452381,0.210069553241103,0,NA,NA,NA
"besner","20_40",65.45,31.85,2.7,0,1.47,0.014142135623731,2,NA,NA,NA
"besner","40_100",61.6,35.62,2.78,0,1.688,0.148895936814945,5,NA,NA,NA
"bethera","0_10",48.9,54.65,31.7,0,1.27,0.246635757280942,1,NA,NA,NA
"bethera","10_20",6.8,51.5,24.3,0,1.5096443452381,0.210069553241103,0,NA,NA,NA
"bethera","20_40",46.1,49.95,38.55,0,1.34,0.215883238671701,1,NA,NA,NA
"bethera","40_100",15.5666666666667,30.1,53.9,0,1.74,0.19649269329816,1,NA,NA,NA
"betis","0_10",48.2886660985049,31.5216808172776,14.2365984772959,2.55253239021966,1.3509262485482,0.246635757280942,0,NA,NA,NA
"betis","10_20",90.85,7.35,1.8,0,1.5096443452381,0.210069553241103,0,NA,NA,NA
"betis","20_40",84.3,13.1,2.6,0,1.50104635443921,0.215883238671701,0,NA,NA,NA
"betis","40_100",86.76,9.2,4.04,0,1.72,0.19649269329816,1,NA,NA,NA
"bibb","0_10",70.375,21.9,7.725,0,1.3509262485482,0.246635757280942,0,NA,NA,NA
"bibb","10_20",48.3,37.55,14.05,0,1.5096443452381,0.210069553241103,0,NA,NA,NA
"bibb","20_40",61.52,27.56,10.88,0,1.14,0.215883238671701,1,NA,NA,NA
"bibb","40_100",76.28,15.69,7.99,0.2,1.38,0.127279220613579,2,NA,NA,NA
"blanton","0_10",54.0944444444444,6.24736842105263,2.58947368421053,0,1.45,0.246635757280942,1,77.4,112.23,1122.3
"blanton","10_20",64.475,8.375,2.9875,0,1.5096443452381,0.210069553241103,0,169,255.129894345239,2551.29894
"blanton","20_40",51.1769230769231,7.76428571428571,3.35714285714286,0,1.50104635443921,0.215883238671701,0,95.7,143.650136119832,2873.00272
"blanton","40_100",58.4387755102041,6.66734693877551,2.73877551020408,0,1.57,0.0264575131106459,3,9.5,14.915,894.9
"bonneau","0_10",76.54,11.3454545454545,4.59090909090909,1.81818181818182,1.66,0.246635757280942,1,31,50.5243636363636,505.24364
"bonneau","10_20",75.9833333333333,8.43333333333333,2.73333333333333,4.16666666666667,1.81,0.210069553241103,1,58,100.605833333333,1006.05833
"bonneau","20_40",65.4692307692308,11.6076923076923,6.16923076923077,1.46153846153846,1.50104635443921,0.215883238671701,0,29.625,43.8185740450655,876.37148
"bonneau","40_100",55.8648148148148,9.37592592592593,18.2851851851852,1.18518518518519,1.64,0.0299999999999999,3,1.25,2.0257037037037,121.54222
"boulogne","0_10",59.3333333333333,4.66666666666667,1.86666666666667,0,1.3509262485482,0.246635757280942,0,NA,NA,NA
"boulogne","10_20",46.7895312870223,30.4653139464118,15.1362533561418,2.95214027796427,1.5096443452381,0.210069553241103,0,NA,NA,NA
"boulogne","20_40",33.675,5.22,2.54,0,1.50104635443921,0.215883238671701,0,NA,NA,NA
"boulogne","40_100",67.5444444444445,4.33,2.65,0,1.59451747615447,0.19649269329816,0,NA,NA,NA
"bude","0_10",24.4,65.55,10.05,0,1.54,0.127279220613579,2,NA,NA,NA
"bude","10_20",46.7895312870223,30.4653139464118,15.1362533561418,2.95214027796427,1.5096443452381,0.210069553241103,0,NA,NA,NA
"bude","20_40",16.15,64.55,19.3,0,1.50104635443921,0.215883238671701,0,NA,NA,NA
"bude","40_100",14.8888888888889,61.2222222222222,23.8888888888889,0,1.675,0.124766448481419,4,NA,NA,NA
"burton","0_10",55.0444444444444,29.3111111111111,20.5125,11.7777777777778,0.7225,0.12737739202857,4,2.5,1.59351388888889,15.93514
"burton","10_20",55.35,28.125,16.525,5.25,0.935,0.275771644662753,2,2.5,2.21478125,22.14781
"burton","20_40",54.7625,30.6875,14.55,15.75,1.046,0.114367827643966,5,2.5,2.2031375,44.06275
"burton","40_100",56.1636363636364,30.5181818181818,13.3181818181818,10.7272727272727,1.27166666666667,0.0847152091815081,6,21.6333333333333,24.5592744444445,1473.55647
"caddo","0_10",24.4285714285714,69.4571428571429,6.11428571428571,0.714285714285714,1.465,0.0494974746830584,2,NA,NA,NA
"caddo","10_20",19.1,69.575,11.325,0.5,1.6,0.210069553241103,1,NA,NA,NA
"caddo","20_40",21.4,66.675,11.925,0.25,1.685,0.0212132034355964,2,NA,NA,NA
"caddo","40_100",18.26875,63.74375,17.9875,0.3125,1.7075,0.0713559154286921,4,NA,NA,NA
"cahaba","0_10",51.35,34.175,14.4666666666667,0,1.4,0.0556776436283002,3,NA,NA,NA
"cahaba","10_20",51.3,31.5,17.2,0,1.37,0.210069553241103,1,NA,NA,NA
"cahaba","20_40",47.9466666666667,32.9,19.14,0,1.47333333333333,0.0757187779440037,3,NA,NA,NA
"cahaba","40_100",46.1545454545455,28.3606060606061,25.469696969697,0,1.526,0.0439317652729776,5,NA,NA,NA
"carnasaw","0_10",27.6,61.4,10.975,8.25,1.5,0.325269119345812,2,0,0,NA
"carnasaw","10_20",29.775,56.975,14.3,9.75,1.59,0.0565685424949237,2,0,0,NA
"carnasaw","20_40",11.4333333333333,36.4666666666667,52.0666666666667,4.66666666666667,1.43333333333333,0.155349069303081,3,0,0,NA
"carnasaw","40_100",15.6923076923077,33.7153846153846,51.8769230769231,5.61538461538461,1.55142857142857,0.110064915910047,7,0,0,NA
"cartecay","0_10",53.1,26,20.9,0,1.3509262485482,0.246635757280942,0,NA,NA,NA
"cartecay","10_20",46.7895312870223,30.4653139464118,15.1362533561418,2.95214027796427,1.5096443452381,0.210069553241103,0,NA,NA,NA
"cartecay","20_40",71.2,16.3,12.5,0,1.50104635443921,0.215883238671701,0,NA,NA,NA
"cartecay","40_100",69,18.8,12.2,0,1.59451747615447,0.19649269329816,0,NA,NA,NA
"cashiers","0_10",54.6,25.6,19.8,8,1.3509262485482,0.246635757280942,0,NA,NA,NA
"cashiers","10_20",46.7895312870223,30.4653139464118,15.1362533561418,2.95214027796427,1.5096443452381,0.210069553241103,0,NA,NA,NA
"cashiers","20_40",59.3,23,17.7,9,1.04,0.215883238671701,1,NA,NA,NA
"cashiers","40_100",66.4,18.5,15.1,7.5,1.31,0.0989949493661166,2,NA,NA,NA
"cataula","0_10",66.2,18.5,15.3,4,1.39,0.246635757280942,1,NA,NA,NA
"cataula","10_20",68,18,14,11,1.72,0.210069553241103,1,NA,NA,NA
"cataula","20_40",36.7,13.5,49.8,4,1.51,0.215883238671701,1,NA,NA,NA
"cataula","40_100",32.0333333333333,15.6,52.3666666666667,2.66666666666667,1.505,0.120208152801713,2,NA,NA,NA
"cecil","0_10",58.4710526315789,21.9894736842105,21.9684210526316,6.13157894736842,1.58571428571429,0.13226956602045,7,31,46.1430338345866,461.43034
"cecil","10_20",53.74,20.095,29.655,5.6,1.64666666666667,0.102143689640297,3,29.5,45.8563733333334,458.56373
"cecil","20_40",46.504347826087,20.4652173913043,36.6217391304348,5.21739130434783,1.59083333333333,0.124568953766275,12,28,42.2193333333332,844.38667
"cecil","40_100",35.9277777777778,21.0986111111111,42.8472222222222,2.30555555555556,1.498,0.097689087900015,20,2,2.92692555555556,175.61553
"chandler","0_10",40.35,22.05,29.3,22,1.3509262485482,0.246635757280942,0,NA,NA,NA
"chandler","10_20",65,22,13,47,1.62,0.210069553241103,1,NA,NA,NA
"chandler","20_40",44.2,18.4,37.4,10,1.50104635443921,0.215883238671701,0,NA,NA,NA
"chandler","40_100",80.75,10.1,9.15,21.75,2.07666666666667,0.271538824725551,3,NA,NA,NA
"chestnut","0_10",34.7,48.6,14.6333333333333,3,1.3509262485482,0.246635757280942,0,NA,NA,NA
"chestnut","10_20",46.7895312870223,30.4653139464118,15.1362533561418,2.95214027796427,1.5096443452381,0.210069553241103,0,NA,NA,NA
"chestnut","20_40",42.05,37.05,20.9,10,1.13,0.215883238671701,1,NA,NA,NA
"chestnut","40_100",65,29.3,5.7,1.66666666666667,1.45,0.0989949493661167,2,NA,NA,NA
"chewacla","0_10",13.0714285714286,48.3571428571429,38.5714285714286,1.28571428571429,1.355,0.190918830920368,2,23,30.7643071428571,307.64307
"chewacla","10_20",12.45,41,46.55,0.5,1.5096443452381,0.210069553241103,0,12.75,19.1517255747768,191.51726
"chewacla","20_40",11.45,48.925,39.625,3.5,1.48,0.0692820323027551,3,2.5,3.5705,71.41
"chewacla","40_100",15.65,46.3285714285714,38.0214285714286,0.5,1.53333333333333,0.118462370959446,3,2,3.05133333333333,183.08
"clarksville","0_10",26.5863905325444,63.2307692307692,10.1786982248521,0.93491124260355,1.3509262485482,0.246635757280942,0,23.4666666666667,31.4053528722851,314.05353
"clarksville","10_20",24.1833333333333,65.2088235294118,10.6098039215686,0.235294117647059,1.5096443452381,0.210069553241103,0,21.5,32.3809831792718,323.80983
"clarksville","20_40",24.6770491803279,62.575956284153,12.7448087431694,1.2568306010929,1.50104635443921,0.215883238671701,0,21.5,31.8668860071806,637.33772
"clarksville","40_100",26.1935546875,46.393359375,27.41328125,1.05078125,2.04,0.0916515138991169,3,20.3285714285714,41.0345237276786,2462.07142
"clebit","0_10",57.1,28.5,14.4,10,1.48,0.246635757280942,1,NA,NA,NA
"clebit","10_20",46.7895312870223,30.4653139464118,15.1362533561418,2.95214027796427,1.5096443452381,0.210069553241103,0,NA,NA,NA
"clebit","20_40",56.5,30,13.5,14,1.51,0.215883238671701,1,NA,NA,NA
"clebit","40_100",47.1527031434407,24.7802985973975,23.2730709428291,3.29052854268621,1.59451747615447,0.19649269329816,0,NA,NA,NA
"clifton","0_10",36.05,35.75,28.2,11.375,1.29857142857143,0.108386433872598,7,2.4,2.76206142857143,27.62061
"clifton","10_20",27.4666666666667,37.0666666666667,35.4666666666667,2,1.53,0.0916515138991168,3,1.35,2.02419,20.2419
"clifton","20_40",28.0125,31.425,40.5625,5.75,1.47166666666667,0.0820771994324043,6,0.3,0.416113750000001,8.32228
"clifton","40_100",38.1909090909091,27.1363636363636,34.6727272727273,5.45454545454545,1.3935,0.106389304963076,20,0.133333333333333,0.175665454545455,10.53993
"congaree","0_10",48.2886660985049,31.5216808172776,14.2365984772959,2.55253239021966,1.3509262485482,0.246635757280942,0,NA,NA,NA
"congaree","10_20",53.2,29,17.8,0,1.5096443452381,0.210069553241103,0,NA,NA,NA
"congaree","20_40",44.6474010593,29.3694540148412,19.535668248824,2.4242495503916,1.50104635443921,0.215883238671701,0,NA,NA,NA
"congaree","40_100",43.05,35.725,21.225,0,1.59451747615447,0.19649269329816,0,NA,NA,NA
"cowarts","0_10",73.7916666666667,9.60833333333333,8.75,3.83333333333333,1.525,0.088881944173156,4,26.15,38.3500645833333,383.50065
"cowarts","10_20",79.2,10.26,10.54,3.4,1.65,0.0282842712474619,2,15.4083333333333,24.5593425,245.59342
"cowarts","20_40",65.7857142857143,8.22857142857143,23.6357142857143,5.42857142857143,1.66333333333333,0.091796877216312,6,4.66666666666667,7.34084444444443,146.81689
"cowarts","40_100",61.2027777777778,6.44864864864865,31.6567567567568,2.75675675675676,1.70055555555556,0.108653373420044,18,0.56,0.926058210210213,55.56349
"cowee","0_10",67.2,20.6,12.2,20,1.33,0.246635757280942,1,NA,NA,NA
"cowee","10_20",46.7895312870223,30.4653139464118,15.1362533561418,2.95214027796427,1.5096443452381,0.210069553241103,0,NA,NA,NA
"cowee","20_40",62.8,18.6,18.6,17,1.64,0.215883238671701,1,NA,NA,NA
"cowee","40_100",78.9666666666667,9.6,11.4333333333333,18.3333333333333,1.83,0.395979797464466,2,NA,NA,NA
"craggey","0_10",60.075,33.2,23.625,6.75,0.76,0.10816653826392,3,1.2,0.85044,8.5044
"craggey","10_20",71.85,20.6,7.55,21,1.04,0.210069553241103,1,1.2,0.98592,9.8592
"craggey","20_40",79.6666666666667,16.9,3.43333333333333,20.3333333333333,0.97,0.215883238671701,1,0.8,0.618213333333334,12.36427
"craggey","40_100",68.1,23.5,8.4,20,1.59451747615447,0.19649269329816,0,0.6,0.765368388554146,45.9221
"craven","0_10",23.3,67.2,9.5,0,1.45,0.014142135623731,2,NA,NA,NA
"craven","10_20",25.9,63.9,10.2,0,1.62,0.210069553241103,1,NA,NA,NA
"craven","20_40",15.0666666666667,57.7666666666667,27.1666666666667,0,1.58333333333333,0.153079500042734,3,NA,NA,NA
"craven","40_100",15.24,38.26,46.5,0,1.588,0.0402492235949962,5,NA,NA,NA
"cullasaja","0_10",58.7,29,12.3,57,0.925,0.0353553390593273,2,3,1.19325,11.9325
"cullasaja","10_20",55.3,23.7,21,51,0.84,0.210069553241103,1,2,0.8232,8.232
"cullasaja","20_40",58.0666666666667,28.8,13.1333333333333,46.6666666666667,1.32666666666667,0.319426569548204,3,1,0.707555555555557,14.15111
"cullasaja","40_100",63.9428571428571,23.8571428571429,12.2,58.8571428571429,1.54666666666667,0.185022521151706,3,0.8,0.509074285714286,30.54446
"davidson","0_10",47.1571428571429,23.3,29.5428571428571,1,1.59,0.12,3,NA,NA,NA
"davidson","10_20",30.9333333333333,34.0333333333333,30.7,1.33333333333333,1.5096443452381,0.210069553241103,0,NA,NA,NA
"davidson","20_40",40.1,20.9666666666667,38.9333333333333,0.666666666666667,1.5725,0.0206155281280883,4,NA,NA,NA
"davidson","40_100",27.2,16.3357142857143,56.4642857142857,0.785714285714286,1.57666666666667,0.104626319187223,6,NA,NA,NA
"dorovan","0_10",48.2886660985049,31.5216808172776,14.2365984772959,2.55253239021966,1.3509262485482,0.246635757280942,0,NA,NA,NA
"dorovan","10_20",21,0.1,17.9,0,1.5096443452381,0.210069553241103,0,NA,NA,NA
"dorovan","20_40",44.6474010593,29.3694540148412,19.535668248824,2.4242495503916,1.50104635443921,0.215883238671701,0,NA,NA,NA
"dorovan","40_100",65.3,0.8,22.2,0,1.59451747615447,0.19649269329816,0,NA,NA,NA
"dothan","0_10",74.3809523809524,14.13125,7.63125,1.8125,1.405,0.346482322781408,2,144.6,199.480670625,1994.80671
"dothan","10_20",78.5595238095238,13.047619047619,7.08095238095238,2.19047619047619,1.65666666666667,0.124525767079214,6,79.92,129.500592,1295.00592
"dothan","20_40",66.6610169491525,13.3305084745763,15.0779661016949,2.91525423728814,1.778,0.0834865258589673,5,49.9,86.1357223050847,1722.71445
"dothan","40_100",55.375,12.6240740740741,27.6231481481481,3.31481481481481,1.636,0.068677992593455,25,1.50769230769231,2.3848219031339,143.08931
"duplin","0_10",37.2,23.2,9.4,0,1.3509262485482,0.246635757280942,0,NA,NA,NA
"duplin","10_20",7.3,17.8,12,0,1.5096443452381,0.210069553241103,0,NA,NA,NA
"duplin","20_40",52.9333333333333,21.7666666666667,24.9333333333333,0,1.50104635443921,0.215883238671701,0,NA,NA,NA
"duplin","40_100",38.5,18.2857142857143,49.5714285714286,0,1.59451747615447,0.19649269329816,0,NA,NA,NA
"edneyville","0_10",32.7,38.7,28.6,5,0.82,0.246635757280942,1,NA,NA,NA
"edneyville","10_20",36.5,34.2,29.3,2,1.19,0.210069553241103,1,NA,NA,NA
"edneyville","20_40",44.6474010593,29.3694540148412,19.535668248824,2.4242495503916,1.50104635443921,0.215883238671701,0,NA,NA,NA
"edneyville","40_100",66.5,24.24,9.26,0.6,1.075,0.0493288286231624,4,NA,NA,NA
"enon","0_10",60.1,29.95,9.95,27.5,1.07,0.246635757280942,1,NA,NA,NA
"enon","10_20",46.3,40.6,13.1,29,1.48,0.210069553241103,1,NA,NA,NA
"enon","20_40",30.75,19.9,49.35,8,1.52,0.215883238671701,1,NA,NA,NA
"enon","40_100",32.3857142857143,17.5285714285714,50.0857142857143,2.57142857142857,1.76333333333333,0.0873689494805411,3,NA,NA,NA
"escambia","0_10",60.7333333333333,29.2666666666667,7.6,0,1.3509262485482,0.246635757280942,0,NA,NA,NA
"escambia","10_20",48.525,31.9,6.7,0.5,1.33,0.210069553241103,1,NA,NA,NA
"escambia","20_40",49.56,29.92,9.44,0.6,1.7,0.215883238671701,1,NA,NA,NA
"escambia","40_100",57.0076923076923,29.0076923076923,15.3538461538462,0.615384615384615,1.78,0.0282842712474619,2,NA,NA,NA
"estate","0_10",45.975,45.375,8.65,0,1.3509262485482,0.246635757280942,0,0,0,NA
"estate","10_20",37.175,47.8,15.025,0,1.64,0.210069553241103,1,0,0,NA
"estate","20_40",23.96,49.14,26.9,0,1.50104635443921,0.215883238671701,0,0,0,NA
"estate","40_100",29.3923076923077,30,40.6076923076923,0,1.74,0.19649269329816,1,0,0,NA
"esto","0_10",57.84,13.68,11.89,0,1.3509262485482,0.246635757280942,0,NA,NA,NA
"esto","10_20",38.78,18.04,21.58,0,1.5096443452381,0.210069553241103,0,NA,NA,NA
"esto","20_40",38.5363636363636,13.2272727272727,39.6,0,1.50104635443921,0.215883238671701,0,NA,NA,NA
"esto","40_100",44.1565217391304,8.68695652173913,53.5130434782609,0,1.59451747615447,0.19649269329816,0,NA,NA,NA
"evard","0_10",49.9,28.7,21.4,6,1.3509262485482,0.246635757280942,0,NA,NA,NA
"evard","10_20",46.7895312870223,30.4653139464118,15.1362533561418,2.95214027796427,1.5096443452381,0.210069553241103,0,NA,NA,NA
"evard","20_40",40.6,32.8,26.6,4,1.49,0.215883238671701,1,NA,NA,NA
"evard","40_100",42.05,26.35,31.6,4,1.555,0.0636396103067893,2,NA,NA,NA
"evergreen","0_10",48.2886660985049,31.5216808172776,14.2365984772959,2.55253239021966,1.3509262485482,0.246635757280942,0,NA,NA,NA
"evergreen","10_20",46.7895312870223,30.4653139464118,15.1362533561418,2.95214027796427,1.5096443452381,0.210069553241103,0,NA,NA,NA
"evergreen","20_40",56.1333333333333,4.9,4.2,0,1.50104635443921,0.215883238671701,0,NA,NA,NA
"evergreen","40_100",44.9,1.45,1.75,0,1.59451747615447,0.19649269329816,0,NA,NA,NA
"fannin","0_10",40.3833333333333,29.0833333333333,21.1,4.5,1.19,0.212132034355964,2,2.5,2.841125,28.41125
"fannin","10_20",61.55,18.7,19.75,13.5,1.305,0.0212132034355964,2,2.5,2.8220625,28.22062
"fannin","20_40",48.36,17.68,33.96,2.8,1.3075,0.0590903263374528,4,1.95,2.4782355,49.56471
"fannin","40_100",62.5631578947368,17.3736842105263,20.0631578947368,9.05263157894737,1.35818181818182,0.124082084268292,11,1.4,1.7293228708134,103.75937
"forestdale","0_10",14.2272727272727,52.6,33.1636363636364,0,1.595,0.141539158303748,4,NA,NA,NA
"forestdale","10_20",12.8125,52.2875,34.9,0,1.5096443452381,0.210069553241103,0,NA,NA,NA
"forestdale","20_40",9.60769230769231,52.8,37.5923076923077,0,1.686,0.133341666406266,5,NA,NA,NA
"forestdale","40_100",12.1447368421053,44.3947368421053,43.4631578947368,0,1.70538461538462,0.08471672253412,13,NA,NA,NA
"foxworth","0_10",44.8055555555556,3.75,1.8,0,1.3509262485482,0.246635757280942,0,1.4,1.89129674796748,18.91297
"foxworth","10_20",78.3222222222222,3.52222222222222,1.74444444444444,0,1.5096443452381,0.210069553241103,0,153.4,231.579442559525,2315.79443
"foxworth","20_40",58.0875,4.1625,1.8125,0,1.50104635443921,0.215883238671701,0,103.6875,155.639743875916,3112.79488
"foxworth","40_100",69.3025641025641,3.5325,2.055,0,1.795,0.00707106781186548,2,53.975,96.885125,5813.1075
"fuquay","0_10",75.1590909090909,12.25,4.24090909090909,3.04545454545455,1.43,0.246635757280942,1,2,2.7729,27.729
"fuquay","10_20",77.2076923076923,9.32307692307692,3.96153846153846,5.69230769230769,1.805,0.106066017177982,2,3.15,5.36209961538461,53.621
"fuquay","20_40",65.6533333333333,11.1866666666667,5.38666666666667,7.2,1.69,0.215883238671701,1,4.3,6.743776,134.87552
"fuquay","40_100",67.2641509433962,9.54339622641509,13.9320754716981,1.75471698113208,1.704,0.045752959831396,10,0.2,0.334819924528302,20.0892
"glenmora","0_10",43.3,50.9,5.8,0,1.42,0.246635757280942,1,NA,NA,NA
"glenmora","10_20",46.7895312870223,30.4653139464118,15.1362533561418,2.95214027796427,1.5096443452381,0.210069553241103,0,NA,NA,NA
"glenmora","20_40",35.7,52.1,12.2,1,1.59,0.215883238671701,1,NA,NA,NA
"glenmora","40_100",30.15,51.2,18.65,2,1.635,0.0353553390593273,2,NA,NA,NA
"goldsboro","0_10",64.5333333333333,28.7,10,0,1.38,0.246635757280942,1,4,5.52,55.2
"goldsboro","10_20",74.78,18.88,6.34,0.2,1.5096443452381,0.210069553241103,0,2.25,3.38990637723215,33.89906
"goldsboro","20_40",61.5916666666667,26.8666666666667,11.5416666666667,0.166666666666667,1.55,0.062449979983984,3,0.5,0.773708333333333,15.47417
"goldsboro","40_100",56.004,22.38,21.62,0.2,1.668,0.0396232255123179,5,0,0,NA
"greenville","0_10",64.2727272727273,17.5272727272727,20.4818181818182,0,1.765,0.109498858441538,6,2,3.53,35.3
"greenville","10_20",51.3,24.32,24.38,0,1.69,0.0707106781186548,2,57,96.33,963.3
"greenville","20_40",45.08,16.9333333333333,40.22,0,1.6375,0.0747854072854935,8,0,0,NA
"greenville","40_100",41.9485714285714,14.68,43.0828571428571,0,1.62611111111111,0.0825433140406324,18,0,0,NA
"guyton","0_10",29.45,54.3666666666667,15.9666666666667,0,1.4525,0.097082439194738,4,NA,NA,NA
"guyton","10_20",20.65,59.5,19.85,0,1.655,0.120208152801713,2,NA,NA,NA
"guyton","20_40",21.06,64.76,14.18,0,1.58,0.0724568837309472,5,NA,NA,NA
"guyton","40_100",19.3916666666667,57.5333333333333,23.075,0.25,1.646,0.135088448391744,10,NA,NA,NA
"gwinnett","0_10",48.6333333333333,31,20.3666666666667,0,1.3509262485482,0.246635757280942,0,NA,NA,NA
"gwinnett","10_20",46.7895312870223,30.4653139464118,15.1362533561418,2.95214027796427,1.5096443452381,0.210069553241103,0,NA,NA,NA
"gwinnett","20_40",26,35.6,38.4,0,1.50104635443921,0.215883238671701,0,NA,NA,NA
"gwinnett","40_100",37.55,20.75,41.7,0,1.59451747615447,0.19649269329816,0,NA,NA,NA
"hard labor","0_10",75.3,17.9,6.8,0,1.3509262485482,0.246635757280942,0,NA,NA,NA
"hard labor","10_20",79.9,15.3,4.8,0,1.5096443452381,0.210069553241103,0,NA,NA,NA
"hard labor","20_40",75.9,18.1,6,0,1.50104635443921,0.215883238671701,0,NA,NA,NA
"hard labor","40_100",36.75,14,49.25,0,1.59451747615447,0.19649269329816,0,NA,NA,NA
"harleston","0_10",67.8333333333333,27.5666666666667,4.6,0.333333333333333,1.28,0.246635757280942,1,NA,NA,NA
"harleston","10_20",44.5,45,10.5,2,1.49,0.210069553241103,1,NA,NA,NA
"harleston","20_40",53.45,34.9,11.65,0.25,1.565,0.0494974746830584,2,NA,NA,NA
"harleston","40_100",55.775,27.2375,16.9875,0.375,1.7,0.03,3,NA,NA,NA
"helena","0_10",76.75,32.45,11.3,0,1.3509262485482,0.246635757280942,0,NA,NA,NA
"helena","10_20",46.7895312870223,30.4653139464118,15.1362533561418,2.95214027796427,1.5096443452381,0.210069553241103,0,NA,NA,NA
"helena","20_40",27.4,31.6,17.75,0,1.50104635443921,0.215883238671701,0,NA,NA,NA
"helena","40_100",21.875,20.575,48.175,0,1.59451747615447,0.19649269329816,0,NA,NA,NA
"hemphill","0_10",48.2886660985049,31.5216808172776,14.2365984772959,2.55253239021966,1.3509262485482,0.246635757280942,0,NA,NA,NA
"hemphill","10_20",26.3,37.2,36.5,0,1.53,0.15556349186104,2,NA,NA,NA
"hemphill","20_40",8.8,33.8,57.4,0,1.64,0.215883238671701,1,NA,NA,NA
"hemphill","40_100",35.5857142857143,35.3142857142857,29.1,0,1.45571428571429,0.11355720186425,7,NA,NA,NA
"hiwassee","0_10",31.3769230769231,29.2,39.4230769230769,1.46153846153846,1.60333333333333,0.159457413332421,6,22,34.7577999999999,347.578
"hiwassee","10_20",57.1,22.525,20.375,3.25,1.645,0.0881286937760152,4,11,17.5069125,175.06912
"hiwassee","20_40",23.7066666666667,22.0066666666667,54.2866666666667,1.13333333333333,1.625,0.0808879295250975,8,0,0,NA
"hiwassee","40_100",22.7269230769231,23.0730769230769,55.0192307692308,0.846153846153846,1.56769230769231,0.0953199739608516,13,0,0,NA
"hurricane","0_10",46.3666666666667,3.52631578947368,1.56315789473684,0,1.3509262485482,0.246635757280942,0,303.1,409.46574593496,4094.65746
"hurricane","10_20",62.3428571428571,3.44285714285714,1.3,0,1.5096443452381,0.210069553241103,0,300.866666666667,454.20166200397,4542.01662
"hurricane","20_40",56.68,4.65454545454545,1.80909090909091,0,1.50104635443921,0.215883238671701,0,298.633333333333,448.262476314029,8965.24953
"hurricane","40_100",51.8738095238095,3.25581395348837,1.62790697674419,0,1.59451747615447,0.19649269329816,0,296.4,472.614979932185,28356.8988
"kingsferry","0_10",46.6,4.3,1.1,0,1.3509262485482,0.246635757280942,0,NA,NA,NA
"kingsferry","10_20",55.8,3.6,1.3,0,1.5096443452381,0.210069553241103,0,NA,NA,NA
"kingsferry","20_40",32.4,5.5,1.4,0,1.50104635443921,0.215883238671701,0,NA,NA,NA
"kingsferry","40_100",67.22,4.6,2.52,0,1.59451747615447,0.19649269329816,0,NA,NA,NA
"kinston","0_10",1.3,40.6,46.3,0,1.3509262485482,0.246635757280942,0,NA,NA,NA
"kinston","10_20",21.1,33.7,29.3,0,1.5096443452381,0.210069553241103,0,NA,NA,NA
"kinston","20_40",44.6474010593,29.3694540148412,19.535668248824,2.4242495503916,1.50104635443921,0.215883238671701,0,NA,NA,NA
"kinston","40_100",41.05,34.15,32.7,0,1.59451747615447,0.19649269329816,0,NA,NA,NA
"kolin","0_10",33.9333333333333,57.8666666666667,8.2,0,1.435,0.0494974746830584,2,NA,NA,NA
"kolin","10_20",23.1,64.6,12.3,0,1.53,0.210069553241103,1,NA,NA,NA
"kolin","20_40",26.8666666666667,57.1333333333333,16,0.333333333333333,1.56,0.215883238671701,1,NA,NA,NA
"kolin","40_100",20.1545454545455,51.7818181818182,28.0636363636364,0.545454545454545,1.706,0.105261578935526,5,NA,NA,NA
"lakeland","0_10",65.7052631578947,4.18421052631579,2.32631578947368,0,1.3509262485482,0.246635757280942,0,2,2.7018524970964,27.01852
"lakeland","10_20",42.3857142857143,5.55714285714286,2.45714285714286,0,1.5096443452381,0.210069553241103,0,2.2,3.32121755952382,33.21218
"lakeland","20_40",63.5625,4.87777777777778,3.25555555555556,0,1.50104635443921,0.215883238671701,0,2.4,3.6025112506541,72.05023
"lakeland","40_100",75.0088888888889,4.51333333333333,3.22888888888889,0,1.59451747615447,0.19649269329816,0,2.6,4.14574543800162,248.74473
"latonia","0_10",58.7,36,5.3,1,1.51,0.246635757280942,1,NA,NA,NA
"latonia","10_20",46.7895312870223,30.4653139464118,15.1362533561418,2.95214027796427,1.5096443452381,0.210069553241103,0,NA,NA,NA
"latonia","20_40",52.95,35.9,11.15,0,1.58,0,2,NA,NA,NA
"latonia","40_100",51.3666666666667,32.7333333333333,15.9,0.666666666666667,1.65333333333333,0.0305505046330388,3,NA,NA,NA
"leadvale","0_10",23.6461538461538,63.9,12.4615384615385,0,1.3509262485482,0.246635757280942,0,25,33.773156213705,337.73156
"leadvale","10_20",21.3333333333333,63.6666666666667,15,0,1.5096443452381,0.210069553241103,0,5,7.5482217261905,75.48222
"leadvale","20_40",15.575,62.75,21.6833333333333,0,1.50104635443921,0.215883238671701,0,13.6,20.4142304203733,408.28461
"leadvale","40_100",16.4655172413793,55.3344827586207,28.2034482758621,0,1.59451747615447,0.19649269329816,0,10.2777777777778,16.3880962826987,983.28578
"leefield","0_10",38.7666666666667,8.31666666666667,5.63333333333333,0,1.3509262485482,0.246635757280942,0,NA,NA,NA
"leefield","10_20",56.58,7.98,5.02,0,1.5096443452381,0.210069553241103,0,NA,NA,NA
"leefield","20_40",33.8571428571429,10.7875,5.25,0,1.50104635443921,0.215883238671701,0,NA,NA,NA
"leefield","40_100",52.0571428571429,8.46111111111111,11.4777777777778,0,1.59451747615447,0.19649269329816,0,NA,NA,NA
"lenoir","0_10",14.0333333333333,52.6333333333333,33.3333333333333,0,1.41,0,2,NA,NA,NA
"lenoir","10_20",6,45.2,48.8,0,1.61,0.210069553241103,1,NA,NA,NA
"lenoir","20_40",16.5,48.55,34.95,0,1.47,0.215883238671701,1,NA,NA,NA
"lenoir","40_100",7.74285714285714,46.4714285714286,45.7857142857143,0,1.486,0.0702139587261679,5,NA,NA,NA
"leon","0_10",50.95,8.12916666666667,1.325,0,1.05,0.29698484809835,2,NA,NA,NA
"leon","10_20",68.85,4.9125,0.6125,0,1.5096443452381,0.210069553241103,0,NA,NA,NA
"leon","20_40",64.9035714285714,3.72142857142857,1.00357142857143,0,1.47666666666667,0.21594752448994,3,NA,NA,NA
"leon","40_100",64.0475,4.40740740740741,2.3,0,1.45,0.321403173599764,3,NA,NA,NA
"lexington","0_10",19.16,67.86,12.98,0,1.3509262485482,0.246635757280942,0,7,9.4564837398374,94.56484
"lexington","10_20",6.45,65.45,28.1,0,1.5096443452381,0.210069553241103,0,7,10.5675104166667,105.6751
"lexington","20_40",7.825,59.825,32.35,0,1.50104635443921,0.215883238671701,0,7,10.5073244810745,210.14649
"lexington","40_100",24.5272727272727,52.9818181818182,22.4909090909091,0,1.59451747615447,0.19649269329816,0,6.5,10.3643635950041,621.86182
"lily","0_10",43.6695652173913,43.9326086956522,11.1130434782609,1.1304347826087,1.39333333333333,0.300222139978605,3,29.1,40.0876539130434,400.87654
"lily","10_20",43.1093023255814,44.2767441860465,12.6186046511628,2.23255813953488,1.35833333333333,0.128127540625217,6,3,3.98402325581394,39.84023
"lily","20_40",41.4625,39.3395833333333,19.1958333333333,1.6875,1.55875,0.122408858222878,8,1.82,2.789051890625,55.78104
"lily","40_100",51.4365384615385,28.2048076923077,20.3586538461538,1.27884615384615,1.65714285714286,0.112552795914326,14,0.776923076923077,1.27100773457312,76.26046
"lloyd","0_10",58.725,20.675,20.6,7.25,1.415,0.558614357137373,2,23.8666666666667,31.3229116666667,313.22912
"lloyd","10_20",50.65,24.05,25.3,11,1.51,0.210069553241103,1,18.15,24.391785,243.91785
"lloyd","20_40",35.6,20.6571428571429,43.7428571428571,2.42857142857143,1.57,0.254558441227157,2,5.5,8.42529285714286,168.50586
"lloyd","40_100",33.81,23.39,42.8,1.7,1.558,0.228516957795259,5,0.614285714285714,0.940787171428571,56.44723
"louisburg","0_10",65.2,27.8,7,0,1.3509262485482,0.246635757280942,0,NA,NA,NA
"louisburg","10_20",46.7895312870223,30.4653139464118,15.1362533561418,2.95214027796427,1.5096443452381,0.210069553241103,0,NA,NA,NA
"louisburg","20_40",60.2,30.9,8.9,0,1.50104635443921,0.215883238671701,0,NA,NA,NA
"louisburg","40_100",62.4,24.6333333333333,12.9666666666667,0,1.59451747615447,0.19649269329816,0,NA,NA,NA
"lucy","0_10",71.9,7.88571428571429,4.21428571428571,1.85714285714286,1.3509262485482,0.246635757280942,0,44,58.3368552015928,583.36855
"lucy","10_20",73.3,5.65,5.45,0,1.58,0.210069553241103,1,44,69.52,695.2
"lucy","20_40",59.0428571428571,8.75714285714286,6.37142857142857,0.142857142857143,1.50104635443921,0.215883238671701,0,24,35.9736480601031,719.47296
"lucy","40_100",61.7863636363636,7.00909090909091,13.7954545454545,0.0454545454545455,1.616,0.0512835256198323,5,4,6.46106181818182,387.66371
"lynchburg","0_10",52.36,27.4,10.38,0,1.33,0.29698484809835,2,NA,NA,NA
"lynchburg","10_20",74.02,21.9,7.8,0,1.7,0.0565685424949239,2,NA,NA,NA
"lynchburg","20_40",56.32,18.9,9.27,0,1.71,0.0989949493661167,2,NA,NA,NA
"lynchburg","40_100",61.5529411764706,16.3294117647059,17.8058823529412,0,1.816,0.0931665175908169,5,NA,NA,NA
"madison","0_10",59.84,19.96,20.2,4.4,1.35,0.306104557300279,3,NA,NA,NA
"madison","10_20",49.45,21.5666666666667,28.9833333333333,4.5,1.765,0.0212132034355964,2,NA,NA,NA
"madison","20_40",37.65,18.1333333333333,44.2166666666667,0.833333333333333,1.47666666666667,0.0929157324317756,3,NA,NA,NA
"madison","40_100",41.00625,17.0875,41.90625,0.25,1.46444444444444,0.07650344945019,9,NA,NA,NA
"malbis","0_10",60.0388888888889,31.9444444444444,6.41666666666667,1,1.58666666666667,0.108750478926148,6,NA,NA,NA
"malbis","10_20",58.26875,33.7875,7.23125,1.5,1.63857142857143,0.162729691147474,7,NA,NA,NA
"malbis","20_40",53.3095238095238,31.7619047619048,17.0047619047619,1.57142857142857,1.67,0.0616441400296898,9,NA,NA,NA
"malbis","40_100",45.630985915493,29.369014084507,24.5154929577465,1.74647887323944,1.72321428571429,0.0730830867310459,28,NA,NA,NA
"mantachie","0_10",44.425,31.2083333333333,24.375,0.583333333333333,1.55,0.0294392028877595,4,8.5,13.0981458333333,130.98146
"mantachie","10_20",43.1125,35.275,21.6125,1.5,1.635,0.0777817459305201,2,2,3.22095,32.2095
"mantachie","20_40",54.4727272727273,27.8909090909091,17.6363636363636,1.45454545454545,1.595,0.106160256216722,6,2.125,3.340075,66.8015
"mantachie","40_100",56.19375,24.603125,19.203125,1.5,1.61384615384615,0.12692113440627,13,2.2125,3.51707509615384,211.02451
"mascotte","0_10",33.05,6,2.4,0,1.3509262485482,0.246635757280942,0,NA,NA,NA
"mascotte","10_20",63.6,4,2.7,0,1.5096443452381,0.210069553241103,0,NA,NA,NA
"mascotte","20_40",28.05,4.6,1.15,0,1.50104635443921,0.215883238671701,0,NA,NA,NA
"mascotte","40_100",42.5555555555556,5.32,11.36,0,1.59451747615447,0.19649269329816,0,NA,NA,NA
"mattex","0_10",11.5,58,30.5,0,1.24,0.246635757280942,1,0,0,NA
"mattex","10_20",46.7895312870223,30.4653139464118,15.1362533561418,2.95214027796427,1.5096443452381,0.210069553241103,0,NA,NA,NA
"mattex","20_40",23.3,46.25,30.45,0.5,1.47,0.0565685424949239,2,NA,NA,NA
"mattex","40_100",46.3,37.35,16.35,2,1.715,0.0212132034355964,2,NA,NA,NA
"mclaurin","0_10",53.2,40.6,6.2,0,1.4,0.246635757280942,1,NA,NA,NA
"mclaurin","10_20",56.9,39,4.1,0,1.59,0.210069553241103,1,NA,NA,NA
"mclaurin","20_40",50.4,39.5,10.1,0,1.62,0.215883238671701,1,NA,NA,NA
"mclaurin","40_100",46.7,38.3,15,0,1.6,0.19649269329816,1,NA,NA,NA
"mecklenburg","0_10",39.8333333333333,28.6,31.5666666666667,1.66666666666667,1.61,0.0424264068711927,2,39,61.7435,617.435
"mecklenburg","10_20",40.7,33.9,25.4,0,1.5096443452381,0.210069553241103,0,34,51.3279077380954,513.27908
"mecklenburg","20_40",21.2,21.15,57.65,0,1.41,0.215883238671701,1,29,40.89,817.8
"mecklenburg","40_100",25.36,33.84,40.8,0.1,1.346,0.146901327427631,5,54,72.611316,4356.67896
"meggett","0_10",69.0333333333333,21.7166666666667,8.13333333333333,0,1.37,0.113137084989848,2,NA,NA,NA
"meggett","10_20",62.7,22.3666666666667,8.2,0,1.515,0.0494974746830584,2,NA,NA,NA
"meggett","20_40",48.25,18.65,20.8166666666667,0,1.7,0.0565685424949239,2,NA,NA,NA
"meggett","40_100",46.3285714285714,18.75,42.9642857142857,0.857142857142857,1.75,0.0707106781186548,5,NA,NA,NA
"moko","0_10",29.2196428571429,44.3776785714286,26.4017857142857,0.267857142857143,1.29,0.246635757280942,1,21.75,27.9823459821429,279.82346
"moko","10_20",32.4105263157895,40.5157894736842,27.0754385964912,0.508771929824561,1.37,0.210069553241103,1,24.5,33.3942307017544,333.94231
"moko","20_40",29.99,42.65,27.356,0.66,1.52,0.215883238671701,1,7.5,11.32476,226.4952
"moko","40_100",46.1,33.075,20.825,0,1.47,0.19649269329816,1,7.5,11.025,661.5
"mollville","0_10",39.7333333333333,46.3,13.9666666666667,0,1.335,0.388908729652601,2,2,2.67,26.7
"mollville","10_20",61.9,28,10.1,0,1.57,0.0282842712474619,2,1,1.57,15.7
"mollville","20_40",46.525,37.225,16.25,0,1.7125,0.199895806192459,4,1,1.7125,34.25
"mollville","40_100",49.4555555555556,31.0111111111111,19.5333333333333,0.111111111111111,1.65777777777778,0.158727579344122,9,1,1.65593580246914,99.35615
"nikwasi","0_10",70,17.5,12.5,0,0.96,0.246635757280942,1,NA,NA,NA
"nikwasi","10_20",46.7895312870223,30.4653139464118,15.1362533561418,2.95214027796427,1.5096443452381,0.210069553241103,0,NA,NA,NA
"nikwasi","20_40",80.1,13.6,6.3,5,1.24,0.215883238671701,1,NA,NA,NA
"nikwasi","40_100",92.6666666666667,4.66666666666667,2.66666666666667,34,1.325,0.00707106781186548,2,NA,NA,NA
"nixa","0_10",21.9785714285714,68.2535714285714,9.75714285714286,2.39285714285714,1.3509262485482,0.246635757280942,0,33.18,43.7511650317944,437.51165
"nixa","10_20",19.2875,70.8875,9.8375,4.9375,1.5096443452381,0.210069553241103,0,16,22.9616904910715,229.6169
"nixa","20_40",22.6,66.0774193548387,11.3322580645161,2.41935483870968,1.50104635443921,0.215883238671701,0,48.38,70.863672080323,1417.27344
"nixa","40_100",22.3758620689655,47.9954022988506,29.6310344827586,1.64367816091954,1.96,0.212132034355964,2,18.85,36.3387266666667,2180.3236
"noark","0_10",17.9860465116279,71.5581395348837,10.4581395348837,0,1.3509262485482,0.246635757280942,0,NA,NA,NA
"noark","10_20",16.5272727272727,73.5045454545455,9.95909090909091,0,1.5096443452381,0.210069553241103,0,NA,NA,NA
"noark","20_40",14.056,67.232,18.718,0.74,1.50104635443921,0.215883238671701,0,NA,NA,NA
"noark","40_100",13.0622807017544,38.480701754386,48.4605263157895,0.771929824561403,1.44,0.19649269329816,1,NA,NA,NA
"norfolk","0_10",76.7230769230769,13.1,4.5,0.153846153846154,1.735,0.0443471156521669,4,NA,NA,NA
"norfolk","10_20",82.6230769230769,12.0153846153846,4.52307692307692,0,1.72,0.0565685424949239,2,NA,NA,NA
"norfolk","20_40",68.3,13.5086956521739,10.9565217391304,0.260869565217391,1.774,0.0622896460095898,5,NA,NA,NA
"norfolk","40_100",63.2137931034483,11.4120689655172,25.4137931034483,0.413793103448276,1.70833333333333,0.0649207661873529,18,NA,NA,NA
"ocilla","0_10",64.4272727272727,8.90909090909091,2.93636363636364,0,1.3509262485482,0.246635757280942,0,NA,NA,NA
"ocilla","10_20",52.4,6.6,3.4,0,1.5096443452381,0.210069553241103,0,NA,NA,NA
"ocilla","20_40",55.2416666666667,8.175,3.31666666666667,0,1.50104635443921,0.215883238671701,0,NA,NA,NA
"ocilla","40_100",51.8027777777778,9.11842105263158,12.9078947368421,0,1.59451747615447,0.19649269329816,0,NA,NA,NA
"olustee","0_10",36.025,7.75,2.225,0,1.3509262485482,0.246635757280942,0,NA,NA,NA
"olustee","10_20",46.7895312870223,30.4653139464118,15.1362533561418,2.95214027796427,1.5096443452381,0.210069553241103,0,NA,NA,NA
"olustee","20_40",46.86,5.4,3.1,0,1.50104635443921,0.215883238671701,0,NA,NA,NA
"olustee","40_100",52.8818181818182,5.21818181818182,9.81818181818182,0,1.59451747615447,0.19649269329816,0,NA,NA,NA
"orangeburg","0_10",69.8076923076923,13.1230769230769,7.66538461538462,0.192307692307692,1.76333333333333,0.185022521151706,3,388.3,683.385598076922,6833.85598
"orangeburg","10_20",68.4473684210526,12.0947368421053,8.32631578947368,0.842105263157895,1.83,0.210069553241103,1,220.325,399.799425789474,3997.99426
"orangeburg","20_40",66.3588235294118,13.4114285714286,14.8342857142857,0.257142857142857,1.73111111111111,0.0964940988408675,9,52.35,90.3906343809523,1807.81269
"orangeburg","40_100",56.6493670886076,10.6625,26.32125,0.575,1.683125,0.0878421880419653,16,2.1,3.514238765625,210.85433
"ouachita","0_10",48.2886660985049,31.5216808172776,14.2365984772959,2.55253239021966,1.3509262485482,0.246635757280942,0,NA,NA,NA
"ouachita","10_20",16.6,60.7,22.7,1,1.54,0.210069553241103,1,NA,NA,NA
"ouachita","20_40",17.9,60,22.1,0,1.46,0.215883238671701,1,NA,NA,NA
"ouachita","40_100",20.9,58,21.1,0,1.56,0.19649269329816,1,NA,NA,NA
"pacolet","0_10",60.1285714285714,19.9714285714286,19.9,10.2857142857143,1.16,0.0888819441731559,3,NA,NA,NA
"pacolet","10_20",46.7895312870223,30.4653139464118,15.1362533561418,2.95214027796427,1.5096443452381,0.210069553241103,0,NA,NA,NA
"pacolet","20_40",50.52,20.96,28.52,12.6,1.4325,0.177270979012358,4,NA,NA,NA
"pacolet","40_100",45.7,15.4642857142857,38.8357142857143,7.14285714285714,1.60272727272727,0.269224475450911,11,NA,NA,NA
"pamlico","0_10",48.2886660985049,31.5216808172776,14.2365984772959,2.55253239021966,1.3509262485482,0.246635757280942,0,NA,NA,NA
"pamlico","10_20",9.15000000000001,34.9,26.45,0,1.5096443452381,0.210069553241103,0,NA,NA,NA
"pamlico","20_40",68.45,28.95,2.6,0,1.50104635443921,0.215883238671701,0,NA,NA,NA
"pamlico","40_100",78.8066666666667,5.56666666666667,2.62666666666667,0,1.59451747615447,0.19649269329816,0,NA,NA,NA
"pantego","0_10",48.2886660985049,31.5216808172776,14.2365984772959,2.55253239021966,1.3509262485482,0.246635757280942,0,NA,NA,NA
"pantego","10_20",38.4,26.9,19.7,0,1.5096443452381,0.210069553241103,0,NA,NA,NA
"pantego","20_40",26.65,31.65,16.45,0,1.50104635443921,0.215883238671701,0,NA,NA,NA
"pantego","40_100",47.925,28.225,18.95,0,1.59451747615447,0.19649269329816,0,NA,NA,NA
"pelham","0_10",67.0181818181818,8.90909090909091,4.19090909090909,0.0909090909090909,1.6,0.246635757280942,1,NA,NA,NA
"pelham","10_20",31.2,7,2.2,0,1.5096443452381,0.210069553241103,0,NA,NA,NA
"pelham","20_40",60.9,9.24,3.54,0,1.65,0.215883238671701,1,NA,NA,NA
"pelham","40_100",63.6935483870968,8.23870967741935,11.3387096774194,0.032258064516129,1.8,0.0360555127546399,3,NA,NA,NA
"plott","0_10",46.2,37.3,16.5,2,0.95,0.246635757280942,1,NA,NA,NA
"plott","10_20",46.7895312870223,30.4653139464118,15.1362533561418,2.95214027796427,1.5096443452381,0.210069553241103,0,NA,NA,NA
"plott","20_40",46.9,40.7,12.4,8,0.96,0.215883238671701,1,NA,NA,NA
"plott","40_100",56.9666666666667,29.3666666666667,13.6666666666667,9.33333333333333,1.18666666666667,0.128970280814354,3,NA,NA,NA
"plummer","0_10",40.34,7.56,4.52,0,1.3509262485482,0.246635757280942,0,NA,NA,NA
"plummer","10_20",52.3666666666667,5.96666666666667,2.4,0,1.5096443452381,0.210069553241103,0,NA,NA,NA
"plummer","20_40",66.675,7.35,3.225,0,1.50104635443921,0.215883238671701,0,NA,NA,NA
"plummer","40_100",52.2722222222222,4.71111111111111,2.12222222222222,0,1.59451747615447,0.19649269329816,0,NA,NA,NA
"poarch","0_10",51.3,25.2,4.66666666666667,0,1.3509262485482,0.246635757280942,0,1.2,1.62111149825784,16.21111
"poarch","10_20",46.7895312870223,30.4653139464118,15.1362533561418,2.95214027796427,1.5096443452381,0.210069553241103,0,1.15,1.68483915543856,16.84839
"poarch","20_40",55.8333333333333,25.6333333333333,7.86666666666667,0.333333333333333,1.50104635443921,0.215883238671701,0,1.1,1.64564715325019,32.91294
"poarch","40_100",70.2555555555556,20.4666666666667,14.6,0.222222222222222,1.59451747615447,0.19649269329816,0,0.333333333333333,0.530324701328413,31.81948
"ponzer","0_10",59.5,13.6,46.6,0,0.8,0.246635757280942,1,NA,NA,NA
"ponzer","10_20",46.7895312870223,30.4653139464118,15.1362533561418,2.95214027796427,1.5096443452381,0.210069553241103,0,NA,NA,NA
"ponzer","20_40",69.1666666666667,42.6333333333333,24.8666666666667,0,0.72,0.215883238671701,1,NA,NA,NA
"ponzer","40_100",33.3857142857143,49.9285714285714,13.7571428571429,0.142857142857143,1.15,0.240416305603426,2,NA,NA,NA
"portia","0_10",34.0458333333333,55.7708333333333,10.1833333333333,0,1.3509262485482,0.246635757280942,0,NA,NA,NA
"portia","10_20",38.0384615384615,51.0538461538462,10.9,0,1.5096443452381,0.210069553241103,0,NA,NA,NA
"portia","20_40",28.7516129032258,53.6387096774194,17.6129032258065,0,1.50104635443921,0.215883238671701,0,NA,NA,NA
"portia","40_100",27.6267605633803,37.1450704225352,35.230985915493,0,1.59451747615447,0.19649269329816,0,NA,NA,NA
"pottsburg","0_10",47.425,4.175,1.7625,0,1.3509262485482,0.246635757280942,0,NA,NA,NA
"pottsburg","10_20",47.6,5,1.85,0,1.5096443452381,0.210069553241103,0,NA,NA,NA
"pottsburg","20_40",47.2,4.8375,1.6875,0,1.50104635443921,0.215883238671701,0,NA,NA,NA
"pottsburg","40_100",44.3944444444444,4.37777777777778,1.92777777777778,0,1.59451747615447,0.19649269329816,0,NA,NA,NA
"providence","0_10",14.5,75.5,10,0,1.21333333333333,0.204287379280594,3,NA,NA,NA
"providence","10_20",15.625,68.425,15.95,0,1.5275,0.0846069343099804,4,NA,NA,NA
"providence","20_40",11.1666666666667,65.0333333333333,23.8,0,1.56666666666667,0.0152752523165195,3,NA,NA,NA
"providence","40_100",19.2285714285714,57.4071428571429,23.3642857142857,0,1.635,0.0988571053224161,12,NA,NA,NA
"rains","0_10",58.4916666666667,25.2153846153846,10.2076923076923,0.153846153846154,1.35,0.06557438524302,3,NA,NA,NA
"rains","10_20",61.8,25.74,8.72,0,1.465,0.0777817459305203,2,NA,NA,NA
"rains","20_40",69.58,20.0333333333333,12.1066666666667,0.133333333333333,1.5725,0.0602079728939614,4,NA,NA,NA
"rains","40_100",61.1533333333333,19.1766666666667,23.5466666666667,0.133333333333333,1.69714285714286,0.0446147530585589,7,NA,NA,NA
"reddies","0_10",64.475,31.025,8.05,0,0.91,0.197989898732233,2,26.3,23.933,239.33
"reddies","10_20",68.2,21.8,10,3.33333333333333,1.34,0.210069553241103,1,10.75,13.9248333333333,139.24833
"reddies","20_40",69.95,23.375,6.675,0,1.24333333333333,0.280059517483933,3,30.6,38.0459999999999,760.92
"reddies","40_100",80.3636363636364,13.2272727272727,6.40909090909091,46.2727272727273,1.23,0.13076696830622,3,13.1,8.65707545454545,519.42453
"rexor","0_10",48.2886660985049,31.5216808172776,14.2365984772959,2.55253239021966,1.3509262485482,0.246635757280942,0,NA,NA,NA
"rexor","10_20",26.7,62.3,10.9,0,1.5096443452381,0.210069553241103,0,NA,NA,NA
"rexor","20_40",44.6474010593,29.3694540148412,19.535668248824,2.4242495503916,1.50104635443921,0.215883238671701,0,NA,NA,NA
"rexor","40_100",27.35,54.45,20.2,0,1.59451747615447,0.19649269329816,0,NA,NA,NA
"rosman","0_10",43.3,41.35,15.35,0,1.1,0.212132034355964,2,4,4.4,44
"rosman","10_20",62.4,25.2,12.4,1,1.33,0.210069553241103,1,2,2.6334,26.334
"rosman","20_40",43.7,41.7,14.6,0,1.24,0.127279220613579,2,0,0,NA
"rosman","40_100",69.6222222222222,23.7555555555556,6.62222222222222,0,1.29,0.132233559604642,8,10.5,13.545,812.7
"ruston","0_10",65.26,29.2666666666667,5.47333333333333,0.0666666666666667,1.49,0.0367423461417477,5,3,4.46702,44.6702
"ruston","10_20",57.8,31.1888888888889,11.0111111111111,0,1.7175,0.17423642940939,4,2,3.435,34.35
"ruston","20_40",57.4733333333333,29.6933333333333,12.8333333333333,0.0666666666666667,1.7025,0.0394757309410901,4,3,5.104095,102.0819
"ruston","40_100",56.6116279069767,23.5860465116279,19.8023255813953,0.116279069767442,1.75352941176471,0.0561183098986628,17,2.33333333333333,4.08681098951209,245.20866
"rutlege","0_10",76.75,7,3.25,0,1.3509262485482,0.246635757280942,0,NA,NA,NA
"rutlege","10_20",44,11.6,2.6,0,1.5096443452381,0.210069553241103,0,NA,NA,NA
"rutlege","20_40",58.3666666666667,5.83333333333333,2.96666666666667,0,1.50104635443921,0.215883238671701,0,NA,NA,NA
"rutlege","40_100",50.0444444444444,4.46666666666667,4.2,0,1.59451747615447,0.19649269329816,0,NA,NA,NA
"sacul","0_10",50.0142857142857,41.5428571428571,30.3,1.28571428571429,1.435,0.0919238815542511,2,NA,NA,NA
"sacul","10_20",36.82,41.44,36.78,0,1.48,0.210069553241103,1,NA,NA,NA
"sacul","20_40",37.5142857142857,42.0142857142857,31.9857142857143,1.42857142857143,1.62666666666667,0.0513160143944688,3,NA,NA,NA
"sacul","40_100",30.3095238095238,36.5,35.4904761904762,1.57142857142857,1.64,0.0728010988928051,5,NA,NA,NA
"saffell","0_10",32.65,55.9875,11.3625,6.25,1.3509262485482,0.246635757280942,0,8,10.1319468641115,101.31947
"saffell","10_20",18,65.775,16.225,11.75,1.38,0.210069553241103,1,3,3.65355,36.5355
"saffell","20_40",32.9285714285714,50.7714285714286,16.3,15.2857142857143,1.36,0.215883238671701,1,13,14.9774857142857,299.54971
"saffell","40_100",47.7714285714286,31.6142857142857,20.6142857142857,19.2857142857143,1.21,0.19649269329816,1,3,2.92992857142857,175.79571
"sapelo","0_10",53.2846153846154,7.10714285714286,1.12857142857143,0,1.3509262485482,0.246635757280942,0,2,2.7018524970964,27.01852
"sapelo","10_20",79.46,6.76666666666667,1.01666666666667,0,1.52,0.210069553241103,1,2,3.04,30.4
"sapelo","20_40",55.26,6.45,1.435,0,1.50104635443921,0.215883238671701,0,4.05,6.0792377354788,121.58475
"sapelo","40_100",56.3903225806452,5.73548387096774,4.24354838709677,0,1.61,0.0692820323027551,6,6.1,9.821,589.26
"saucier","0_10",40.75,29.55,12.525,2.5,1.42,0.127279220613579,2,NA,NA,NA
"saucier","10_20",44.3,39.5,16.2,1,1.59,0.210069553241103,1,NA,NA,NA
"saucier","20_40",53.65,25.925,14.175,1,1.67,0.014142135623731,2,NA,NA,NA
"saucier","40_100",45.32,27.27,27.61,0.5,1.685,0.0404145188432738,4,NA,NA,NA
"saunook","0_10",43.1,32.2,24.7,16,1.3,0.246635757280942,1,NA,NA,NA
"saunook","10_20",40.8666666666667,37.9,21.2333333333333,7.66666666666667,1.29,0.175214154679352,3,NA,NA,NA
"saunook","20_40",43.4333333333333,34.8,21.7666666666667,10.6666666666667,1.43,0.229128784747792,3,NA,NA,NA
"saunook","40_100",44.8,33.8375,21.3625,29.875,1.26,0.208885933785244,7,NA,NA,NA
"sharkey","0_10",5.41904761904762,31.7333333333333,62.847619047619,0.19047619047619,1.54,0.346121365997536,7,48.3,74.24032,742.4032
"sharkey","10_20",1.27272727272727,32.0136363636364,66.7136363636364,0.0454545454545455,1.852,0.055703295619354,15,51.9,96.0751096363636,960.7511
"sharkey","20_40",3.63076923076923,31.5384615384615,64.8307692307692,0,1.80785714285714,0.0867515082048962,14,29.9,54.0549285714285,1081.09857
"sharkey","40_100",3.2125,30.6825,66.105,0.0125,1.81230769230769,0.104280686315643,26,20.8333333333333,37.7516907051282,2265.10144
"smithdale","0_10",74.7,19.7083333333333,5.59166666666667,2.5,1.57,0.0264575131106459,3,NA,NA,NA
"smithdale","10_20",74.72,19.94,5.34,4.2,1.5096443452381,0.210069553241103,0,NA,NA,NA
"smithdale","20_40",68.1714285714286,20.7285714285714,11.1,3.42857142857143,1.5575,0.0903234926989282,4,NA,NA,NA
"smithdale","40_100",62.636,16.14,21.224,1.04,1.7,0.05,5,NA,NA,NA
"smithton","0_10",48.6,45.5,5.9,0,1.3509262485482,0.246635757280942,0,NA,NA,NA
"smithton","10_20",46.7895312870223,30.4653139464118,15.1362533561418,2.95214027796427,1.5096443452381,0.210069553241103,0,NA,NA,NA
"smithton","20_40",51.7,41.6,6.7,0,1.50104635443921,0.215883238671701,0,NA,NA,NA
"smithton","40_100",51.8,40.05,8.15,0,1.59451747615447,0.19649269329816,0,NA,NA,NA
"susquehanna","0_10",59.6333333333333,36.2666666666667,4.1,0.333333333333333,1.36,0.226274169979695,2,NA,NA,NA
"susquehanna","10_20",29.7,44.95,25.35,0.5,1.475,0.162634559672906,2,NA,NA,NA
"susquehanna","20_40",30.8,19.95,49.25,0,1.77,0.0761577310586392,4,NA,NA,NA
"susquehanna","40_100",32.9857142857143,18.0571428571429,48.9571428571429,0,1.88333333333333,0.0553774924194538,6,NA,NA,NA
"tate","0_10",72.6666666666667,37,14.3,10.3333333333333,1.55,0.246635757280942,1,2,2.77966666666667,27.79667
"tate","10_20",57.8,24.25,17.95,12,1.345,0.205060966544099,2,0,0,NA
"tate","20_40",51.95,24.5,23.55,9,1.505,0.0919238815542513,2,0,0,NA
"tate","40_100",58.04,21.62,20.34,16,1.526,0.0998999499499374,5,0,0,NA
"tippah","0_10",9.8,81.3,8.9,0,1.29,0.246635757280942,1,NA,NA,NA
"tippah","10_20",46.7895312870223,30.4653139464118,15.1362533561418,2.95214027796427,1.5096443452381,0.210069553241103,0,NA,NA,NA
"tippah","20_40",6.15,70.15,23.7,0,1.505,0.0919238815542513,2,NA,NA,NA
"tippah","40_100",4.7,58.4333333333333,36.8666666666667,0,1.76333333333333,0.187171935218219,3,NA,NA,NA
"toccoa","0_10",38.65,37.15,24.2,1,1.32,0.246635757280942,1,2.4,3.13632,31.3632
"toccoa","10_20",62.25,23.925,13.825,0.25,1.45,0.210069553241103,1,1.4,2.024925,20.24925
"toccoa","20_40",65.5333333333333,23.9333333333333,10.5333333333333,0,1.66,0.215883238671701,1,0.8,1.328,26.56
"toccoa","40_100",69.48,19.92,10.6,1.1,1.7,0.0360555127546399,3,0.6,1.00878,60.5268
"toinette","0_10",80.1,15.4,4.5,0,1.3509262485482,0.246635757280942,0,NA,NA,NA
"toinette","10_20",46.7895312870223,30.4653139464118,15.1362533561418,2.95214027796427,1.5096443452381,0.210069553241103,0,NA,NA,NA
"toinette","20_40",84.3,11.8,3.9,0,1.50104635443921,0.215883238671701,0,NA,NA,NA
"toinette","40_100",78.7666666666667,5.53333333333333,15.7,0,1.59451747615447,0.19649269329816,0,NA,NA,NA
"townley","0_10",21,52.5,26.5,0,1.3509262485482,0.246635757280942,0,NA,NA,NA
"townley","10_20",46.7895312870223,30.4653139464118,15.1362533561418,2.95214027796427,1.5096443452381,0.210069553241103,0,NA,NA,NA
"townley","20_40",9,39.9,51.1,0,1.50104635443921,0.215883238671701,0,NA,NA,NA
"townley","40_100",6.83333333333333,44.4666666666667,48.7,0,1.59451747615447,0.19649269329816,0,NA,NA,NA
"toxaway","0_10",7,58.8,34.2,0,1.06,0.246635757280942,1,2,2.12,21.2
"toxaway","10_20",46.7895312870223,30.4653139464118,15.1362533561418,2.95214027796427,1.5096443452381,0.210069553241103,0,2.5,3.66269381617079,36.62694
"toxaway","20_40",7.25,59.3,33.45,0,1.07,0.0282842712474619,2,3,3.21,64.2
"toxaway","40_100",9.83333333333333,62.0333333333333,28.1333333333333,0,1.23666666666667,0.0288675134594813,3,17,21.0233333333334,1261.4
"trimont","0_10",50.6,28,21.4,2,0.95,0.246635757280942,1,NA,NA,NA
"trimont","10_20",45.2,28.15,26.65,5.5,1.12,0.183847763108502,2,NA,NA,NA
"trimont","20_40",45.75,20.8,33.45,4.5,1.37,0.0282842712474618,2,NA,NA,NA
"trimont","40_100",63.4833333333333,15.5333333333333,20.9833333333333,5,1.42833333333333,0.170577450639487,6,NA,NA,NA
"troup","0_10",76.3785714285714,7.36428571428571,3.5,0,1.58,0.0989949493661166,2,NA,NA,NA
"troup","10_20",87.6285714285714,8.52857142857143,3.84285714285714,0,1.71,0.210069553241103,1,NA,NA,NA
"troup","20_40",73.025,8.425,3.965,0.05,1.5,0.215883238671701,1,NA,NA,NA
"troup","40_100",74.2660377358491,7.7622641509434,5.13396226415094,0.188679245283019,1.87,0.459238500128201,3,NA,NA,NA
"tuckasegee","0_10",48.2886660985049,31.5216808172776,14.2365984772959,2.55253239021966,1.3509262485482,0.246635757280942,0,NA,NA,NA
"tuckasegee","10_20",56.4,28.1,15.5,16,1.11,0.210069553241103,1,NA,NA,NA
"tuckasegee","20_40",58.5,31.1,10.4,16,0.97,0.215883238671701,1,NA,NA,NA
"tuckasegee","40_100",57.5333333333333,22.2333333333333,20.2333333333333,28.6666666666667,1.17,0.09,3,NA,NA,NA
"tusquitee","0_10",35.45,36.95,37.5,1,0.57,0.246635757280942,1,NA,NA,NA
"tusquitee","10_20",52.6,28.7,18.7,10,1.2,0.210069553241103,1,NA,NA,NA
"tusquitee","20_40",57.7,24.2,18.1,2,1.14,0.215883238671701,1,NA,NA,NA
"tusquitee","40_100",64.2,20.15,15.65,19,1.3,0.15556349186104,2,NA,NA,NA
"udorthents","0_10",32.2,45.2,22.6,0,1.3509262485482,0.246635757280942,0,NA,NA,NA
"udorthents","10_20",46.7895312870223,30.4653139464118,15.1362533561418,2.95214027796427,1.5096443452381,0.210069553241103,0,NA,NA,NA
"udorthents","20_40",22.3,44.8,32.9,0,1.50104635443921,0.215883238671701,0,NA,NA,NA
"udorthents","40_100",43.6,32.7,23.7,0,1.59451747615447,0.19649269329816,0,NA,NA,NA
"unaka","0_10",40.3,35.5,24.2,10,1.3509262485482,0.246635757280942,0,NA,NA,NA
"unaka","10_20",40.2,39.3,20.5,10,1.5096443452381,0.210069553241103,0,NA,NA,NA
"unaka","20_40",45.7,36,18.3,8,1.50104635443921,0.215883238671701,0,NA,NA,NA
"unaka","40_100",58.9,28.85,12.25,10,1.59451747615447,0.19649269329816,0,NA,NA,NA
"urban land","0_10",43.63,36.81,19.56,16.9,1.3509262485482,0.246635757280942,0,NA,NA,NA
"urban land","10_20",46.7895312870223,30.4653139464118,15.1362533561418,2.95214027796427,1.5096443452381,0.210069553241103,0,NA,NA,NA
"urban land","20_40",39.07,39.12,21.81,13.7,1.50104635443921,0.215883238671701,0,NA,NA,NA
"urban land","40_100",47.1527031434407,24.7802985973975,23.2730709428291,3.29052854268621,1.59451747615447,0.19649269329816,0,NA,NA,NA
"vance","0_10",24,51.7,24.3,0,1.3509262485482,0.246635757280942,0,NA,NA,NA
"vance","10_20",26,56.5,17.5,0,1.5096443452381,0.210069553241103,0,NA,NA,NA
"vance","20_40",27.3,55.8,16.9,0,1.50104635443921,0.215883238671701,0,NA,NA,NA
"vance","40_100",35.84,44.48,26.56,0,1.59451747615447,0.19649269329816,0,NA,NA,NA
"wadley","0_10",62.5111111111111,10.0888888888889,3.22222222222222,0.555555555555556,1.3509262485482,0.246635757280942,0,NA,NA,NA
"wadley","10_20",46.3,6.5,1.9,0,1.5096443452381,0.210069553241103,0,NA,NA,NA
"wadley","20_40",76.625,10.5,3.5625,0.875,1.50104635443921,0.215883238671701,0,NA,NA,NA
"wadley","40_100",61.5944444444444,8.85,5.42222222222222,0.5,1.59451747615447,0.19649269329816,0,NA,NA,NA
"wagram","0_10",68.1333333333333,9.76666666666667,4.1,1,1.3509262485482,0.246635757280942,0,8,10.6993358885017,106.99336
"wagram","10_20",61.4333333333333,10.3,3.1,0,1.57,0.169705627484771,2,8,12.56,125.6
"wagram","20_40",67.925,10.225,5.075,1.75,1.63,0.215883238671701,1,5,8.007375,160.1475
"wagram","40_100",77.99,9.575,12.2,1.58333333333333,1.6775,0.105633012516605,4,2,3.30187916666667,198.11275
"wahee","0_10",61.8,27.4666666666667,10.6,0,1.3509262485482,0.246635757280942,0,210.4,284.234882694541,2842.34883
"wahee","10_20",46.7895312870223,30.4653139464118,15.1362533561418,2.95214027796427,1.5096443452381,0.210069553241103,0,133.6,195.734357536167,1957.34358
"wahee","20_40",47.675,33.275,19,0.25,1.50104635443921,0.215883238671701,0,56.8,85.0462843498168,1700.92569
"wahee","40_100",28.73,20.03,51.17,0.4,1.59451747615447,0.19649269329816,0,0.95,1.50873243593736,90.52395
"wehadkee","0_10",45.95,34.4,19.65,0,1.3509262485482,0.246635757280942,0,10.1,13.6443551103368,136.44355
"wehadkee","10_20",16.3,35.3,48.4,0,1.5096443452381,0.210069553241103,0,5.6,8.45400833333336,84.54008
"wehadkee","20_40",22.75,41.4,35.85,0,1.50104635443921,0.215883238671701,0,6.4,9.60669666841095,192.13393
"wehadkee","40_100",38.8666666666667,32.1333333333333,29,0,1.59451747615447,0.19649269329816,0,7.1,11.3210740806967,679.26444
"whiteside","0_10",48.2886660985049,31.5216808172776,14.2365984772959,2.55253239021966,1.3509262485482,0.246635757280942,0,NA,NA,NA
"whiteside","10_20",46.7895312870223,30.4653139464118,15.1362533561418,2.95214027796427,1.5096443452381,0.210069553241103,0,NA,NA,NA
"whiteside","20_40",47,26.9,26.1,0,1.21,0.215883238671701,1,NA,NA,NA
"whiteside","40_100",54.5,24.0666666666667,21.4333333333333,0.333333333333333,1.30666666666667,0.0550757054728611,3,NA,NA,NA
"wickham","0_10",56.8578947368421,36.7315789473684,20.335,0,1.41,0.246635757280942,1,49.5,69.795,697.95
"wickham","10_20",65.4666666666667,36.62,23.2333333333333,0.0666666666666667,1.5096443452381,0.210069553241103,0,40.25,60.722676105903,607.22676
"wickham","20_40",53.3888888888889,26.2555555555556,20.3555555555556,0.111111111111111,1.71,0.215883238671701,1,40.25,68.751025,1375.0205
"wickham","40_100",52.3052631578947,24.1552631578947,23.5394736842105,0.157894736842105,1.69,0.19649269329816,1,40.25,67.9150960526316,4074.90576
"wilkes","0_10",70.8,23.9,5.3,0,1.3509262485482,0.246635757280942,0,NA,NA,NA
"wilkes","10_20",72.4,23.4,4.2,0,1.5096443452381,0.210069553241103,0,NA,NA,NA
"wilkes","20_40",48.7,22.9,28.4,0,1.50104635443921,0.215883238671701,0,NA,NA,NA
"wilkes","40_100",81.2,9.9,8.9,5,1.59451747615447,0.19649269329816,0,NA,NA,NA
"woden","0_10",73.35,23.625,3.025,0,1.3509262485482,0.246635757280942,0,NA,NA,NA
"woden","10_20",67.55,28.2,4.25,0,1.5096443452381,0.210069553241103,0,NA,NA,NA
"woden","20_40",65.1,28.75,6.15,0,1.50104635443921,0.215883238671701,0,NA,NA,NA
"woden","40_100",59.85,25.3125,14.8375,0,1.59451747615447,0.19649269329816,0,NA,NA,NA
"wrightsville","0_10",18.3555555555556,59.0555555555556,22.5888888888889,1.44444444444444,1.42666666666667,0.11060440015358,3,3.7,5.20241925925927,52.02419
"wrightsville","10_20",15.5428571428571,58,26.4571428571429,0.142857142857143,1.67,0.210069553241103,1,2.2,3.66875142857143,36.68751
"wrightsville","20_40",17.7111111111111,56.0666666666667,26.2222222222222,0.222222222222222,1.598,0.0807465169527454,5,0.7,1.11611422222222,22.32228
"wrightsville","40_100",11.9222222222222,45.3555555555556,42.7222222222222,0,1.78454545454545,0.0951171526448975,11,0.35,0.624590909090907,37.47545
