"soil_name","horizon","k_per","bulk_density","bulk_density_sd","n","sand","silt","clay","frag","k_g_m2","total_k_horizon"
"acadia","0_10",0.00078,1.4,0.246635757280942,1,58.5,36.4,5.1,2,0.00107016,0.0107
"acadia","10_20",0.001755,1.5096443452381,0.210069553241103,0,46.7895312870223,30.4653139464118,15.1362533561418,2.95214027796427,0.00257121105895189,0.02571
"acadia","20_40",0.00273,1.62,0.215883238671701,1,40.9,37.5,21.6,2,0.004334148,0.08668
"acadia","40_100",0.00637,1.81,0.05,3,35.8333333333333,33.0333333333333,31.1333333333333,1.66666666666667,0.0113375383333333,0.68025
"albany","0_10",0.007815,1.6,0.246635757280942,1,46.4333333333333,7.40555555555556,2.86666666666667,0.0555555555555556,0.0124970533333333,0.12497
"albany","10_20",0.00189428571428571,1.5096443452381,0.210069553241103,0,45.6285714285714,5.97142857142857,2.24285714285714,0,0.00285969771683674,0.0286
"albany","20_40",0.00881,1.69,0.014142135623731,2,57.1647058823529,7.74444444444444,2.60555555555556,0.0555555555555556,0.0148806283888889,0.29761
"albany","40_100",0.00869188679245283,1.74666666666667,0.0956382071489562,6,53.5452830188679,6.73962264150943,2.40754716981132,0.0754716981132075,0.0151703709467189,0.91022
"allanton","0_10",0.00234,1.3509262485482,0.246635757280942,0,21.2,6.2,7.8,0,0.00316116742160279,0.03161
"allanton","10_20",0.00078,1.5096443452381,0.210069553241103,0,95.2,6.5,2,0,0.00117752258928572,0.01178
"allanton","20_40",0.00039,1.50104635443921,0.215883238671701,0,17.25,8.15,3.05,0,0.000585408078231292,0.01171
"allanton","40_100",0,1.59451747615447,0.19649269329816,0,68.1,7,2.68,0,0,NA
"angelina","0_10",0.34,1.53,0.246635757280942,1,30.2,40.5,29.3,0,0.5202,5.202
"angelina","10_20",0.4,1.5096443452381,0.210069553241103,0,46.7895312870223,30.4653139464118,15.1362533561418,2.95214027796427,0.586031010587327,5.86031
"angelina","20_40",0.46,1.81,0.215883238671701,1,16.6,42.1,41.3,0,0.8326,16.652
"angelina","40_100",0.173333333333333,1.69666666666667,0.0550757054728611,3,52.5333333333333,22.9666666666667,24.5,0,0.294088888888889,17.64533
"appling","0_10",0.00169,1.3509262485482,0.246635757280942,0,65.0666666666667,21.1333333333333,12.6,4,0.0021917427456446,0.02192
"appling","10_20",0.0041925,1.5096443452381,0.210069553241103,0,31.175,38.425,15.125,0,0.00632918391741073,0.06329
"appling","20_40",0.00975,1.50104635443921,0.215883238671701,0,36.8,20.6,42.6,0,0.0146352019557823,0.2927
"appling","40_100",0.00471545454545455,1.31,0.19649269329816,1,42.0181818181818,25.5,32.9090909090909,2.72727272727273,0.00600877512396694,0.36053
"arkana","0_10",0.150575,1.3509262485482,0.246635757280942,0,26.26875,54.1375,19.6,0,0.203415719875145,2.03416
"arkana","10_20",0.258814285714286,1.5096443452381,0.210069553241103,0,26.5285714285714,49.4571428571429,24.0142857142857,0,0.390717522895409,3.90718
"arkana","20_40",0.196042105263158,1.50104635443921,0.215883238671701,0,19.9578947368421,39.3421052631579,40.6947368421053,0,0.294268287421851,5.88537
"arkana","40_100",0.264345945945946,1.59451747615447,0.19649269329816,0,11.5108108108108,26.2378378378378,62.2378378378378,0,0.421504230561396,25.29025
"ashe","0_10",0.0104,1.26,0.246635757280942,1,48.7666666666667,35.2333333333333,16,6.33333333333333,0.01227408,0.12274
"ashe","10_20",0.00429,1.5096443452381,0.210069553241103,0,49.2,36.75,14.05,2,0.00634684675625002,0.06347
"ashe","20_40",0,1.58,0.215883238671701,1,63.5,22.7,13.8,1,0,NA
"ashe","40_100",0.00351,1.79,0.19649269329816,1,59.06,27.64,13.3,8,0.005780268,0.34682
"ashlar","0_10",0.00156,1.3509262485482,0.246635757280942,0,48.2886660985049,31.5216808172776,14.2365984772959,2.55253239021966,0.0020536517328382,0.02054
"ashlar","10_20",0.00156,1.5096443452381,0.210069553241103,0,46.7895312870223,30.4653139464118,15.1362533561418,2.95214027796427,0.00228552094129057,0.02286
"ashlar","20_40",0.00156,1.57,0.215883238671701,1,74.2,20.1,5.7,14,0.002106312,0.04213
"ashlar","40_100",0,1.55,0.19649269329816,1,75.2,19.4,5.4,30,0,NA
"attoyac","0_10",0.07546,1.63,0.226274169979695,2,64.0333333333333,31.7333333333333,4.23333333333333,0.333333333333333,0.122589800666667,1.2259
"attoyac","10_20",0.00273,1.585,0.134350288425444,2,72.75,24.25,3,1,0.0042837795,0.04284
"attoyac","20_40",0.060785,1.648,0.122351951353462,5,61.2333333333333,30.45,8.31666666666667,0.333333333333333,0.0998397677333333,1.9968
"attoyac","40_100",0.0386690909090909,1.7775,0.0337003603202442,8,49.0545454545455,26.5636363636364,24.3818181818182,0.181818181818182,0.0686093376198347,4.11656
"bayboro","0_10",0.0234,1.3509262485482,0.246635757280942,0,44.8,20.4,34.8,0,0.0316116742160279,0.31612
"bayboro","10_20",0.0182,1.5096443452381,0.210069553241103,0,36,31.2666666666667,32.7333333333333,0,0.0274755270833334,0.27476
"bayboro","20_40",0.00585,1.50104635443921,0.215883238671701,0,31.95,32.85,35.2,0,0.00878112117346938,0.17562
"bayboro","40_100",0.00823333333333333,1.59451747615447,0.19649269329816,0,26.6666666666667,24.5,48.8333333333333,0,0.0131281938870051,0.78769
"beauregard","0_10",0.00442,1.39,0.246635757280942,1,39.1833333333333,55.1333333333333,5.68333333333333,1.16666666666667,0.00607212233333333,0.06072
"beauregard","10_20",0.000975,1.6,0.210069553241103,1,36.0666666666667,54.7,9.23333333333333,1,0.0015444,0.01544
"beauregard","20_40",0.00234,1.62,0.215883238671701,1,30.8166666666667,52.3666666666667,16.8166666666667,1,0.003752892,0.07506
"beauregard","40_100",0.002266875,1.70666666666667,0.0850490054811538,3,27.90625,52.375,19.71875,1.25,0.00382044000000001,0.22923
"benndale","0_10",0,1.53,0.246635757280942,1,71.4,18.95,9.65,0.5,0,NA
"benndale","10_20",0,1.5096443452381,0.210069553241103,0,46.7895312870223,30.4653139464118,15.1362533561418,2.95214027796427,0,NA
"benndale","20_40",0,1.63,0.215883238671701,1,64.15,20.1,15.75,0,0,NA
"benndale","40_100",0,1.69,0.0173205080756888,3,69.12,17.16,13.72,0.6,0,NA
"bernaldo","0_10",0.114633333333333,1.3509262485482,0.246635757280942,0,62.0666666666667,35.5,2.43333333333333,0,0.154861178958575,1.54861
"bernaldo","10_20",0.0039,1.44,0.210069553241103,1,52.3,42.1,5.6,0,0.005616,0.05616
"bernaldo","20_40",0.030975,1.51,0.0800000000000001,3,56.625,37.875,5.5,0,0.04677225,0.93545
"bernaldo","40_100",0.0954,1.67142857142857,0.0817370930542087,7,41.4857142857143,32.4428571428571,26.0714285714286,0.142857142857143,0.159226493877551,9.55359
"besner","0_10",0.00195,1.24,0.246635757280942,1,66,31.2,2.8,0,0.002418,0.02418
"besner","10_20",0.000975,1.5096443452381,0.210069553241103,0,46.7895312870223,30.4653139464118,15.1362533561418,2.95214027796427,0.00142845058830661,0.01428
"besner","20_40",0,1.47,0.014142135623731,2,65.45,31.85,2.7,0,0,NA
"besner","40_100",0,1.688,0.148895936814945,5,61.6,35.62,2.78,0,0,NA
"bethera","0_10",0.11695,1.27,0.246635757280942,1,48.9,54.65,31.7,0,0.1485265,1.48526
"bethera","10_20",0.00078,1.5096443452381,0.210069553241103,0,6.8,51.5,24.3,0,0.00117752258928572,0.01178
"bethera","20_40",0.095195,1.34,0.215883238671701,1,46.1,49.95,38.55,0,0.1275613,2.55123
"bethera","40_100",0.08104,1.74,0.19649269329816,1,15.5666666666667,30.1,53.9,0,0.1410096,8.46058
"betis","0_10",0.036365,1.3509262485482,0.246635757280942,0,48.2886660985049,31.5216808172776,14.2365984772959,2.55253239021966,0.0478724649132444,0.47872
"betis","10_20",0.036365,1.5096443452381,0.210069553241103,0,90.85,7.35,1.8,0,0.0548982166145835,0.54898
"betis","20_40",0.00078,1.50104635443921,0.215883238671701,0,84.3,13.1,2.6,0,0.00117081615646258,0.02342
"betis","40_100",0.024156,1.72,0.19649269329816,1,86.76,9.2,4.04,0,0.04154832,2.4929
"bibb","0_10",0.205,1.3509262485482,0.246635757280942,0,70.375,21.9,7.725,0,0.276939880952381,2.7694
"bibb","10_20",0.085,1.5096443452381,0.210069553241103,0,48.3,37.55,14.05,0,0.128319769345239,1.2832
"bibb","20_40",0.056,1.14,0.215883238671701,1,61.52,27.56,10.88,0,0.06384,1.2768
"bibb","40_100",0.021,1.38,0.127279220613579,2,76.28,15.69,7.99,0.2,0.02892204,1.73532
"blanton","0_10",0.0148336842105263,1.45,0.246635757280942,1,54.0944444444444,6.24736842105263,2.58947368421053,0,0.0215088421052632,0.21509
"blanton","10_20",0.02256625,1.5096443452381,0.210069553241103,0,64.475,8.375,2.9875,0,0.0340670117057293,0.34067
"blanton","20_40",0.00978714285714286,1.50104635443921,0.215883238671701,0,51.1769230769231,7.76428571428571,3.35714285714286,0,0.01469095510609,0.29382
"blanton","40_100",0.0117628571428571,1.57,0.0264575131106459,3,58.4387755102041,6.66734693877551,2.73877551020408,0,0.0184676857142857,1.10806
"bonneau","0_10",0.0778881818181818,1.66,0.246635757280942,1,76.54,11.3454545454545,4.59090909090909,1.81818181818182,0.126943574876033,1.26944
"bonneau","10_20",0.01682,1.81,0.210069553241103,1,75.9833333333333,8.43333333333333,2.73333333333333,4.16666666666667,0.0291756916666667,0.29176
"bonneau","20_40",0.0212792307692308,1.50104635443921,0.215883238671701,0,65.4692307692308,11.6076923076923,6.16923076923077,1.46153846153846,0.0314742801378422,0.62949
"bonneau","40_100",0.00988203703703704,1.64,0.0299999999999999,3,55.8648148148148,9.37592592592593,18.2851851851852,1.18518518518519,0.0160144632208505,0.96087
"boulogne","0_10",0.00039,1.3509262485482,0.246635757280942,0,59.3333333333333,4.66666666666667,1.86666666666667,0,0.000526861236933798,0.00527
"boulogne","10_20",0.000234,1.5096443452381,0.210069553241103,0,46.7895312870223,30.4653139464118,15.1362533561418,2.95214027796427,0.000342828141193586,0.00343
"boulogne","20_40",7.8e-05,1.50104635443921,0.215883238671701,0,33.675,5.22,2.54,0,0.000117081615646258,0.00234
"boulogne","40_100",3.9e-05,1.59451747615447,0.19649269329816,0,67.5444444444445,4.33,2.65,0,6.21861815700243e-05,0.00373
"bude","0_10",0.01365,1.54,0.127279220613579,2,24.4,65.55,10.05,0,0.021021,0.21021
"bude","10_20",0.008775,1.5096443452381,0.210069553241103,0,46.7895312870223,30.4653139464118,15.1362533561418,2.95214027796427,0.0128560552947595,0.12856
"bude","20_40",0.0039,1.50104635443921,0.215883238671701,0,16.15,64.55,19.3,0,0.00585408078231292,0.11708
"bude","40_100",0.00563333333333333,1.675,0.124766448481419,4,14.8888888888889,61.2222222222222,23.8888888888889,0,0.00943583333333333,0.56615
"burton","0_10",0.0123066666666667,0.7225,0.12737739202857,4,55.0444444444444,29.3111111111111,20.5125,11.7777777777778,0.0078443377037037,0.07844
"burton","10_20",0.08062,0.935,0.275771644662753,2,55.35,28.125,16.525,5.25,0.07142226575,0.71422
"burton","20_40",0.0284925,1.046,0.114367827643966,5,54.7625,30.6875,14.55,15.75,0.0251091580875,0.50218
"burton","40_100",0.0581236363636364,1.27166666666667,0.0847152091815081,6,56.1636363636364,30.5181818181818,13.3181818181818,10.7272727272727,0.0659849462479341,3.9591
"caddo","0_10",0.00100285714285714,1.465,0.0494974746830584,2,24.4285714285714,69.4571428571429,6.11428571428571,0.714285714285714,0.00145869153061225,0.01459
"caddo","10_20",0.00117,1.6,0.210069553241103,1,19.1,69.575,11.325,0.5,0.00186264,0.01863
"caddo","20_40",0.0006825,1.685,0.0212132034355964,2,21.4,66.675,11.925,0.25,0.00114713746875,0.02294
"caddo","40_100",0.00190125,1.7075,0.0713559154286921,4,18.26875,63.74375,17.9875,0.3125,0.00323623942382812,0.19417
"cahaba","0_10",0.0960333333333333,1.4,0.0556776436283002,3,51.35,34.175,14.4666666666667,0,0.134446666666667,1.34447
"cahaba","10_20",0.027,1.37,0.210069553241103,1,51.3,31.5,17.2,0,0.03699,0.3699
"cahaba","20_40",0.0592,1.47333333333333,0.0757187779440037,3,47.9466666666667,32.9,19.14,0,0.0872213333333331,1.74443
"cahaba","40_100",0.0562060606060606,1.526,0.0439317652729776,5,46.1545454545455,28.3606060606061,25.469696969697,0,0.0857704484848485,5.14623
"carnasaw","0_10",0.0100425,1.5,0.325269119345812,2,27.6,61.4,10.975,8.25,0.013820990625,0.13821
"carnasaw","10_20",0.0116025,1.59,0.0565685424949237,2,29.775,56.975,14.3,9.75,0.0166492974375,0.16649
"carnasaw","20_40",0.01924,1.43333333333333,0.155349069303081,3,11.4333333333333,36.4666666666667,52.0666666666667,4.66666666666667,0.026290391111111,0.52581
"carnasaw","40_100",0.01248,1.55142857142857,0.110064915910047,7,15.6923076923077,33.7153846153846,51.8769230769231,5.61538461538461,0.0182745874285714,1.09648
"cartecay","0_10",0,1.3509262485482,0.246635757280942,0,53.1,26,20.9,0,0,NA
"cartecay","10_20",0,1.5096443452381,0.210069553241103,0,46.7895312870223,30.4653139464118,15.1362533561418,2.95214027796427,0,NA
"cartecay","20_40",0,1.50104635443921,0.215883238671701,0,71.2,16.3,12.5,0,0,NA
"cartecay","40_100",0,1.59451747615447,0.19649269329816,0,69,18.8,12.2,0,0,NA
"cashiers","0_10",0.01092,1.3509262485482,0.246635757280942,0,54.6,25.6,19.8,8,0.0135719454634146,0.13572
"cashiers","10_20",0.006825,1.5096443452381,0.210069553241103,0,46.7895312870223,30.4653139464118,15.1362533561418,2.95214027796427,0.00999915411814626,0.09999
"cashiers","20_40",0.00273,1.04,0.215883238671701,1,59.3,23,17.7,9,0.002583672,0.05167
"cashiers","40_100",0.000975,1.31,0.0989949493661166,2,66.4,18.5,15.1,7.5,0.00118145625,0.07089
"cataula","0_10",0.48,1.39,0.246635757280942,1,66.2,18.5,15.3,4,0.640512,6.40512
"cataula","10_20",0.29,1.72,0.210069553241103,1,68,18,14,11,0.443932,4.43932
"cataula","20_40",0.14,1.51,0.215883238671701,1,36.7,13.5,49.8,4,0.202944,4.05888
"cataula","40_100",0.113333333333333,1.505,0.120208152801713,2,32.0333333333333,15.6,52.3666666666667,2.66666666666667,0.166018222222222,9.96109
"cecil","0_10",0.205361578947368,1.58571428571429,0.13226956602045,7,58.4710526315789,21.9894736842105,21.9684210526316,6.13157894736842,0.305677622119114,3.05678
"cecil","10_20",0.1213135,1.64666666666667,0.102143689640297,3,53.74,20.095,29.655,5.6,0.188576174453334,1.88576
"cecil","20_40",0.0822334782608696,1.59083333333333,0.124568953766275,12,46.504347826087,20.4652173913043,36.6217391304348,5.21739130434783,0.123994379637681,2.47989
"cecil","40_100",0.0663526388888889,1.498,0.097689087900015,20,35.9277777777778,21.0986111111111,42.8472222222222,2.30555555555556,0.0971046172212191,5.82628
"chandler","0_10",0.01287,1.3509262485482,0.246635757280942,0,40.35,22.05,29.3,22,0.013561408238676,0.13561
"chandler","10_20",0.00624,1.62,0.210069553241103,1,65,22,13,47,0.005357664,0.05358
"chandler","20_40",0.00312,1.50104635443921,0.215883238671701,0,44.2,18.4,37.4,10,0.0042149381632653,0.0843
"chandler","40_100",0.0059475,2.07666666666667,0.271538824725551,3,80.75,10.1,9.15,21.75,0.00966463793750002,0.57988
"chestnut","0_10",0.09542,1.3509262485482,0.246635757280942,0,34.7,48.6,14.6333333333333,3,0.125038221157375,1.25038
"chestnut","10_20",0.05395,1.5096443452381,0.210069553241103,0,46.7895312870223,30.4653139464118,15.1362533561418,2.95214027796427,0.0790409325529657,0.79041
"chestnut","20_40",0.01248,1.13,0.215883238671701,1,42.05,37.05,20.9,10,0.01269216,0.25384
"chestnut","40_100",0.00377,1.45,0.0989949493661167,2,65,29.3,5.7,1.66666666666667,0.00537539166666667,0.32252
"chewacla","0_10",0.124978571428571,1.355,0.190918830920368,2,13.0714285714286,48.3571428571429,38.5714285714286,1.28571428571429,0.167168659030612,1.67169
"chewacla","10_20",0.12,1.5096443452381,0.210069553241103,0,12.45,41,46.55,0.5,0.180251534821429,1.80252
"chewacla","20_40",0.04601,1.48,0.0692820323027551,3,11.45,48.925,39.625,3.5,0.065711482,1.31423
"chewacla","40_100",0.0538042857142857,1.53333333333333,0.118462370959446,3,15.65,46.3285714285714,38.0214285714286,0.5,0.0820874052380951,4.92524
"clarksville","0_10",0.151425088757396,1.3509262485482,0.246635757280942,0,26.5863905325444,63.2307692307692,10.1786982248521,0.93491124260355,0.202651634068599,2.02652
"clarksville","10_20",0.0706867647058824,1.5096443452381,0.210069553241103,0,24.1833333333333,65.2088235294118,10.6098039215686,0.235294117647059,0.106460787857596,1.06461
"clarksville","20_40",0.0684648087431694,1.50104635443921,0.215883238671701,0,24.6770491803279,62.575956284153,12.7448087431694,1.2568306010929,0.101477221196372,2.02954
"clarksville","40_100",0.08879990234375,2.04,0.0916515138991169,3,26.1935546875,46.393359375,27.41328125,1.05078125,0.179248291624603,10.7549
"clebit","0_10",0.00546,1.48,0.246635757280942,1,57.1,28.5,14.4,10,0.00727272,0.07273
"clebit","10_20",0.003705,1.5096443452381,0.210069553241103,0,46.7895312870223,30.4653139464118,15.1362533561418,2.95214027796427,0.00542811223556511,0.05428
"clebit","20_40",0.00195,1.51,0.215883238671701,1,56.5,30,13.5,14,0.00253227,0.05065
"clebit","40_100",0.00195,1.59451747615447,0.19649269329816,0,47.1527031434407,24.7802985973975,23.2730709428291,3.29052854268621,0.0030069963757928,0.18042
"clifton","0_10",0.2092425,1.29857142857143,0.108386433872598,7,36.05,35.75,28.2,11.375,0.240808599361607,2.40809
"clifton","10_20",0.01937,1.53,0.0916515138991168,3,27.4666666666667,37.0666666666667,35.4666666666667,2,0.029043378,0.29043
"clifton","20_40",0.10029,1.47166666666667,0.0820771994324043,6,28.0125,31.425,40.5625,5.75,0.139106826625,2.78214
"clifton","40_100",0.0819086363636364,1.3935,0.106389304963076,20,38.1909090909091,27.1363636363636,34.6727272727273,5.45454545454545,0.107913883785124,6.47483
"congaree","0_10",0.2,1.3509262485482,0.246635757280942,0,48.2886660985049,31.5216808172776,14.2365984772959,2.55253239021966,0.263288683697206,2.63289
"congaree","10_20",0.2,1.5096443452381,0.210069553241103,0,53.2,29,17.8,0,0.30192886904762,3.01929
"congaree","20_40",0.130585,1.50104635443921,0.215883238671701,0,44.6474010593,29.3694540148412,19.535668248824,2.4242495503916,0.191262266330562,3.82525
"congaree","40_100",0.06117,1.59451747615447,0.19649269329816,0,43.05,35.725,21.225,0,0.0975366340163689,5.8522
"cowarts","0_10",0.0843525,1.525,0.088881944173156,4,73.7916666666667,9.60833333333333,8.75,3.83333333333333,0.1237064559375,1.23706
"cowarts","10_20",0.000936,1.65,0.0282842712474619,2,79.2,10.26,10.54,3.4,0.0014918904,0.01492
"cowarts","20_40",0.0500757142857143,1.66333333333333,0.091796877216312,6,65.7857142857143,8.22857142857143,23.6357142857143,5.42857142857143,0.0787710062176869,1.57542
"cowarts","40_100",0.0196010810810811,1.70055555555556,0.108653373420044,18,61.2027777777778,6.44864864864865,31.6567567567568,2.75675675675676,0.03241382511452,1.94483
"cowee","0_10",0.00468,1.33,0.246635757280942,1,67.2,20.6,12.2,20,0.00497952,0.0498
"cowee","10_20",0.003315,1.5096443452381,0.210069553241103,0,46.7895312870223,30.4653139464118,15.1362533561418,2.95214027796427,0.00485673200024247,0.04857
"cowee","20_40",0.00195,1.64,0.215883238671701,1,62.8,18.6,18.6,17,0.00265434,0.05309
"cowee","40_100",0.00052,1.83,0.395979797464466,2,78.9666666666667,9.6,11.4333333333333,18.3333333333333,0.00077714,0.04663
"craggey","0_10",0.160875,0.76,0.10816653826392,3,60.075,33.2,23.625,6.75,0.1140121125,1.14012
"craggey","10_20",0.117925,1.04,0.210069553241103,1,71.85,20.6,7.55,21,0.09688718,0.96887
"craggey","20_40",0.0538533333333333,0.97,0.215883238671701,1,79.6666666666667,16.9,3.43333333333333,20.3333333333333,0.0416160608888889,0.83232
"craggey","40_100",0.16,1.59451747615447,0.19649269329816,0,68.1,23.5,8.4,20,0.204098236947772,12.24589
"craven","0_10",0.003315,1.45,0.014142135623731,2,23.3,67.2,9.5,0,0.00480675,0.04807
"craven","10_20",0,1.62,0.210069553241103,1,25.9,63.9,10.2,0,0,NA
"craven","20_40",0.00273,1.58333333333333,0.153079500042734,3,15.0666666666667,57.7666666666667,27.1666666666667,0,0.00432249999999999,0.08645
"craven","40_100",0.00663,1.588,0.0402492235949962,5,15.24,38.26,46.5,0,0.01052844,0.63171
"cullasaja","0_10",0.20475,0.925,0.0353553390593273,2,58.7,29,12.3,57,0.0814393125,0.81439
"cullasaja","10_20",0.01443,0.84,0.210069553241103,1,55.3,23.7,21,51,0.005939388,0.05939
"cullasaja","20_40",0.13442,1.32666666666667,0.319426569548204,3,58.0666666666667,28.8,13.1333333333333,46.6666666666667,0.095109617777778,1.90219
"cullasaja","40_100",0.15963,1.54666666666667,0.185022521151706,3,63.9428571428571,23.8571428571429,12.2,58.8571428571429,0.101579410285714,6.09476
"davidson","0_10",0.213048571428571,1.59,0.12,3,47.1571428571429,23.3,29.5428571428571,1,0.335359756285714,3.3536
"davidson","10_20",0.24546,1.5096443452381,0.210069553241103,0,30.9333333333333,34.0333333333333,30.7,1.33333333333333,0.365616536969049,3.65617
"davidson","20_40",0.0296566666666667,1.5725,0.0206155281280883,4,40.1,20.9666666666667,38.9333333333333,0.666666666666667,0.0463242076111111,0.92648
"davidson","40_100",0.079445,1.57666666666667,0.104626319187223,6,27.2,16.3357142857143,56.4642857142857,0.785714285714286,0.124274111107143,7.45645
"dorovan","0_10",0.0039,1.3509262485482,0.246635757280942,0,48.2886660985049,31.5216808172776,14.2365984772959,2.55253239021966,0.00513412933209551,0.05134
"dorovan","10_20",0.0039,1.5096443452381,0.210069553241103,0,21,0.1,17.9,0,0.00588761294642859,0.05888
"dorovan","20_40",0.002535,1.50104635443921,0.215883238671701,0,44.6474010593,29.3694540148412,19.535668248824,2.4242495503916,0.00371290611592429,0.07426
"dorovan","40_100",0.00117,1.59451747615447,0.19649269329816,0,65.3,0.8,22.2,0,0.00186558544710073,0.11194
"dothan","0_10",0.28196125,1.405,0.346482322781408,2,74.3809523809524,14.13125,7.63125,1.8125,0.388975236792969,3.88975
"dothan","10_20",0.160100238095238,1.65666666666667,0.124525767079214,6,78.5595238095238,13.047619047619,7.08095238095238,2.19047619047619,0.259422868026456,2.59423
"dothan","20_40",0.144819491525424,1.778,0.0834865258589673,5,66.6610169491525,13.3305084745763,15.0779661016949,2.91525423728814,0.249982595318587,4.99965
"dothan","40_100",0.0587598148148148,1.636,0.068677992593455,25,55.375,12.6240740740741,27.6231481481481,3.31481481481481,0.0929444905167352,5.57667
"duplin","0_10",0.002535,1.3509262485482,0.246635757280942,0,37.2,23.2,9.4,0,0.00342459804006969,0.03425
"duplin","10_20",0.01092,1.5096443452381,0.210069553241103,0,7.3,17.8,12,0,0.0164853162500001,0.16485
"duplin","20_40",0.00507,1.50104635443921,0.215883238671701,0,52.9333333333333,21.7666666666667,24.9333333333333,0,0.0076103050170068,0.15221
"duplin","40_100",0.00646285714285714,1.59451747615447,0.19649269329816,0,38.5,18.2857142857143,49.5714285714286,0,0.0103051386601755,0.61831
"edneyville","0_10",0.01521,0.82,0.246635757280942,1,32.7,38.7,28.6,5,0.01184859,0.11849
"edneyville","10_20",0.01014,1.19,0.210069553241103,1,36.5,34.2,29.3,2,0.011825268,0.11825
"edneyville","20_40",0.011973,1.50104635443921,0.215883238671701,0,44.6474010593,29.3694540148412,19.535668248824,2.4242495503916,0.0175363411936732,0.35073
"edneyville","40_100",0.013806,1.075,0.0493288286231624,4,66.5,24.24,9.26,0.6,0.0147524013,0.88514
"enon","0_10",0.003705,1.07,0.246635757280942,1,60.1,29.95,9.95,27.5,0.00287415375,0.02874
"enon","10_20",0.0039,1.48,0.210069553241103,1,46.3,40.6,13.1,29,0.00409812,0.04098
"enon","20_40",0.00624,1.52,0.215883238671701,1,30.75,19.9,49.35,8,0.008726016,0.17452
"enon","40_100",0.0264985714285714,1.76333333333333,0.0873689494805411,3,32.3857142857143,17.5285714285714,50.0857142857143,2.57142857142857,0.0455242933469387,2.73146
"escambia","0_10",0.00052,1.3509262485482,0.246635757280942,0,60.7333333333333,29.2666666666667,7.6,0,0.000702481649245064,0.00702
"escambia","10_20",0.0002925,1.33,0.210069553241103,1,48.525,31.9,6.7,0.5,0.000387079875,0.00387
"escambia","20_40",0.000156,1.7,0.215883238671701,1,49.56,29.92,9.44,0.6,0.0002636088,0.00527
"escambia","40_100",0.00036,1.78,0.0282842712474619,2,57.0076923076923,29.0076923076923,15.3538461538462,0.615384615384615,0.000636856615384615,0.03821
"estate","0_10",0.2289,1.3509262485482,0.246635757280942,0,45.975,45.375,8.65,0,0.309227018292683,3.09227
"estate","10_20",0.12695,1.64,0.210069553241103,1,37.175,47.8,15.025,0,0.208198,2.08198
"estate","20_40",0.30234,1.50104635443921,0.215883238671701,0,23.96,49.14,26.9,0,0.453826354801151,9.07653
"estate","40_100",0.160446153846154,1.74,0.19649269329816,1,29.3923076923077,30,40.6076923076923,0,0.279176307692308,16.75058
"esto","0_10",0.004173,1.3509262485482,0.246635757280942,0,57.84,13.68,11.89,0,0.00563741523519164,0.05637
"esto","10_20",0.003198,1.5096443452381,0.210069553241103,0,38.78,18.04,21.58,0,0.00482784261607144,0.04828
"esto","20_40",0.00297818181818182,1.50104635443921,0.215883238671701,0,38.5363636363636,13.2272727272727,39.6,0,0.00447038896103896,0.08941
"esto","40_100",0.00213652173913043,1.59451747615447,0.19649269329816,0,44.1565217391304,8.68695652173913,53.5130434782609,0,0.00340672125122742,0.2044
"evard","0_10",0.00195,1.3509262485482,0.246635757280942,0,49.9,28.7,21.4,6,0.00247624781358885,0.02476
"evard","10_20",0.001365,1.5096443452381,0.210069553241103,0,46.7895312870223,30.4653139464118,15.1362533561418,2.95214027796427,0.00199983082362925,0.02
"evard","20_40",0.00078,1.49,0.215883238671701,1,40.6,32.8,26.6,4,0.001115712,0.02231
"evard","40_100",0,1.555,0.0636396103067893,2,42.05,26.35,31.6,4,0,NA
"evergreen","0_10",0.00039,1.3509262485482,0.246635757280942,0,48.2886660985049,31.5216808172776,14.2365984772959,2.55253239021966,0.000513412933209551,0.00513
"evergreen","10_20",0.00039,1.5096443452381,0.210069553241103,0,46.7895312870223,30.4653139464118,15.1362533561418,2.95214027796427,0.000571380235322643,0.00571
"evergreen","20_40",0.00039,1.50104635443921,0.215883238671701,0,56.1333333333333,4.9,4.2,0,0.000585408078231292,0.01171
"evergreen","40_100",0.00013,1.59451747615447,0.19649269329816,0,44.9,1.45,1.75,0,0.000207287271900081,0.01244
"fannin","0_10",0.035425,1.19,0.212132034355964,2,40.3833333333333,29.0833333333333,21.1,4.5,0.04025874125,0.40259
"fannin","10_20",0.14195,1.305,0.0212132034355964,2,61.55,18.7,19.75,13.5,0.16023670875,1.60237
"fannin","20_40",0.004212,1.3075,0.0590903263374528,4,48.36,17.68,33.96,2.8,0.00535298868,0.10706
"fannin","40_100",0.0753836842105263,1.35818181818182,0.124082084268292,11,62.5631578947368,17.3736842105263,20.0631578947368,9.05263157894737,0.0931162351367415,5.58697
"forestdale","0_10",0.244363636363636,1.595,0.141539158303748,4,14.2272727272727,52.6,33.1636363636364,0,0.38976,3.8976
"forestdale","10_20",0.317375,1.5096443452381,0.210069553241103,0,12.8125,52.2875,34.9,0,0.479123374069942,4.79123
"forestdale","20_40",0.157538461538462,1.686,0.133341666406266,5,9.60769230769231,52.8,37.5923076923077,0,0.265609846153846,5.3122
"forestdale","40_100",0.261510526315789,1.70538461538462,0.08471672253412,13,12.1447368421053,44.3947368421053,43.4631578947368,0,0.445976028340082,26.75856
"foxworth","0_10",0.00386111111111111,1.3509262485482,0.246635757280942,0,44.8055555555556,3.75,1.8,0,0.00521607634856111,0.05216
"foxworth","10_20",0.02104,1.5096443452381,0.210069553241103,0,78.3222222222222,3.52222222222222,1.74444444444444,0,0.0317629170238096,0.31763
"foxworth","20_40",0.0013475,1.50104635443921,0.215883238671701,0,58.0875,4.1625,1.8125,0,0.00202265996260684,0.04045
"foxworth","40_100",0.00235725,1.795,0.00707106781186548,2,69.3025641025641,3.5325,2.055,0,0.00423126375,0.25388
"fuquay","0_10",0.0712586363636364,1.43,0.246635757280942,1,75.1590909090909,12.25,4.24090909090909,3.04545454545455,0.0987965363863636,0.98797
"fuquay","10_20",0.0316392307692308,1.805,0.106066017177982,2,77.2076923076923,9.32307692307692,3.96153846153846,5.69230769230769,0.0538580022662722,0.53858
"fuquay","20_40",0.022156,1.69,0.215883238671701,1,65.6533333333333,11.1866666666667,5.38666666666667,7.2,0.03474769792,0.69495
"fuquay","40_100",0.0136743396226415,1.704,0.045752959831396,10,67.2641509433962,9.54339622641509,13.9320754716981,1.75471698113208,0.022892206802136,1.37353
"glenmora","0_10",0.00273,1.42,0.246635757280942,1,43.3,50.9,5.8,0,0.0038766,0.03877
"glenmora","10_20",0.001365,1.5096443452381,0.210069553241103,0,46.7895312870223,30.4653139464118,15.1362533561418,2.95214027796427,0.00199983082362925,0.02
"glenmora","20_40",0,1.59,0.215883238671701,1,35.7,52.1,12.2,1,0,NA
"glenmora","40_100",0.00078,1.635,0.0353553390593273,2,30.15,51.2,18.65,2,0.001249794,0.07499
"goldsboro","0_10",0.00689,1.38,0.246635757280942,1,64.5333333333333,28.7,10,0,0.0095082,0.09508
"goldsboro","10_20",0.070156,1.5096443452381,0.210069553241103,0,74.78,18.88,6.34,0.2,0.105698787467155,1.05699
"goldsboro","20_40",0.0277716666666667,1.55,0.062449979983984,3,61.5916666666667,26.8666666666667,11.5416666666667,0.166666666666667,0.0429743398611111,0.85949
"goldsboro","40_100",0.0142764,1.668,0.0396232255123179,5,56.004,22.38,21.62,0.2,0.0237654091296,1.42592
"greenville","0_10",0.0310009090909091,1.765,0.109498858441538,6,64.2727272727273,17.5272727272727,20.4818181818182,0,0.0547166045454545,0.54717
"greenville","10_20",0.014196,1.69,0.0707106781186548,2,51.3,24.32,24.38,0,0.02399124,0.23991
"greenville","20_40",0.0292726666666667,1.6375,0.0747854072854935,8,45.08,16.9333333333333,40.22,0,0.0479339916666667,0.95868
"greenville","40_100",0.01378,1.62611111111111,0.0825433140406324,18,41.9485714285714,14.68,43.0828571428571,0,0.0224078111111111,1.34447
"guyton","0_10",0.08456,1.4525,0.097082439194738,4,29.45,54.3666666666667,15.9666666666667,0,0.1228234,1.22823
"guyton","10_20",0.16,1.655,0.120208152801713,2,20.65,59.5,19.85,0,0.2648,2.648
"guyton","20_40",0.036652,1.58,0.0724568837309472,5,21.06,64.76,14.18,0,0.05791016,1.1582
"guyton","40_100",0.0635958333333333,1.646,0.135088448391744,10,19.3916666666667,57.5333333333333,23.075,0.25,0.1044170448125,6.26502
"gwinnett","0_10",0,1.3509262485482,0.246635757280942,0,48.6333333333333,31,20.3666666666667,0,0,NA
"gwinnett","10_20",0,1.5096443452381,0.210069553241103,0,46.7895312870223,30.4653139464118,15.1362533561418,2.95214027796427,0,NA
"gwinnett","20_40",0,1.50104635443921,0.215883238671701,0,26,35.6,38.4,0,0,NA
"gwinnett","40_100",0,1.59451747615447,0.19649269329816,0,37.55,20.75,41.7,0,0,NA
"hard labor","0_10",0,1.3509262485482,0.246635757280942,0,75.3,17.9,6.8,0,0,NA
"hard labor","10_20",0,1.5096443452381,0.210069553241103,0,79.9,15.3,4.8,0,0,NA
"hard labor","20_40",0,1.50104635443921,0.215883238671701,0,75.9,18.1,6,0,0,NA
"hard labor","40_100",0,1.59451747615447,0.19649269329816,0,36.75,14,49.25,0,0,NA
"harleston","0_10",0,1.28,0.246635757280942,1,67.8333333333333,27.5666666666667,4.6,0.333333333333333,0,NA
"harleston","10_20",0,1.49,0.210069553241103,1,44.5,45,10.5,2,0,NA
"harleston","20_40",0,1.565,0.0494974746830584,2,53.45,34.9,11.65,0.25,0,NA
"harleston","40_100",0,1.7,0.03,3,55.775,27.2375,16.9875,0.375,0,NA
"helena","0_10",0.00312,1.3509262485482,0.246635757280942,0,76.75,32.45,11.3,0,0.00421488989547038,0.04215
"helena","10_20",0.0024375,1.5096443452381,0.210069553241103,0,46.7895312870223,30.4653139464118,15.1362533561418,2.95214027796427,0.00357112647076652,0.03571
"helena","20_40",0.001755,1.50104635443921,0.215883238671701,0,27.4,31.6,17.75,0,0.00263433635204081,0.05269
"helena","40_100",0.004875,1.59451747615447,0.19649269329816,0,21.875,20.575,48.175,0,0.00777327269625304,0.4664
"hemphill","0_10",0.00819,1.3509262485482,0.246635757280942,0,48.2886660985049,31.5216808172776,14.2365984772959,2.55253239021966,0.0107816715974006,0.10782
"hemphill","10_20",0.00819,1.53,0.15556349186104,2,26.3,37.2,36.5,0,0.0125307,0.12531
"hemphill","20_40",0.0039,1.64,0.215883238671701,1,8.8,33.8,57.4,0,0.006396,0.12792
"hemphill","40_100",0.00117,1.45571428571429,0.11355720186425,7,35.5857142857143,35.3142857142857,29.1,0,0.00170318571428572,0.10219
"hiwassee","0_10",0.01488,1.60333333333333,0.159457413332421,6,31.3769230769231,29.2,39.4230769230769,1.46153846153846,0.023508912,0.23509
"hiwassee","10_20",0.0158925,1.645,0.0881286937760152,4,57.1,22.525,20.375,3.25,0.02529350971875,0.25294
"hiwassee","20_40",0.011414,1.625,0.0808879295250975,8,23.7066666666667,22.0066666666667,54.2866666666667,1.13333333333333,0.0183375421666667,0.36675
"hiwassee","40_100",0.00243,1.56769230769231,0.0953199739608516,13,22.7269230769231,23.0730769230769,55.0192307692308,0.846153846153846,0.00377725814201184,0.22664
"hurricane","0_10",0.00610473684210526,1.3509262485482,0.246635757280942,0,46.3666666666667,3.52631578947368,1.56315789473684,0,0.00824704924047925,0.08247
"hurricane","10_20",0.000222857142857143,1.5096443452381,0.210069553241103,0,62.3428571428571,3.44285714285714,1.3,0,0.000336435025510205,0.00336
"hurricane","20_40",0.000283636363636364,1.50104635443921,0.215883238671701,0,56.68,4.65454545454545,1.80909090909091,0,0.000425751329622758,0.00852
"hurricane","40_100",0.000226744186046512,1.59451747615447,0.19649269329816,0,51.8738095238095,3.25581395348837,1.62790697674419,0,0.000361547567267583,0.02169
"kingsferry","0_10",0.00078,1.3509262485482,0.246635757280942,0,46.6,4.3,1.1,0,0.0010537224738676,0.01054
"kingsferry","10_20",0.00039,1.5096443452381,0.210069553241103,0,55.8,3.6,1.3,0,0.000588761294642859,0.00589
"kingsferry","20_40",0.00039,1.50104635443921,0.215883238671701,0,32.4,5.5,1.4,0,0.000585408078231292,0.01171
"kingsferry","40_100",7.8e-05,1.59451747615447,0.19649269329816,0,67.22,4.6,2.52,0,0.000124372363140049,0.00746
"kinston","0_10",0.01677,1.3509262485482,0.246635757280942,0,1.3,40.6,46.3,0,0.0226550331881533,0.22655
"kinston","10_20",0.00975,1.5096443452381,0.210069553241103,0,21.1,33.7,29.3,0,0.0147190323660715,0.14719
"kinston","20_40",0.0088725,1.50104635443921,0.215883238671701,0,44.6474010593,29.3694540148412,19.535668248824,2.4242495503916,0.012995171405735,0.2599
"kinston","40_100",0.007995,1.59451747615447,0.19649269329816,0,41.05,34.15,32.7,0,0.012748167221855,0.76489
"kolin","0_10",0.235153333333333,1.435,0.0494974746830584,2,33.9333333333333,57.8666666666667,8.2,0,0.337445033333333,3.37445
"kolin","10_20",0.355265,1.53,0.210069553241103,1,23.1,64.6,12.3,0,0.54355545,5.43555
"kolin","20_40",0.10039,1.56,0.215883238671701,1,26.8666666666667,57.1333333333333,16,0.333333333333333,0.156086372,3.12173
"kolin","40_100",0.121040909090909,1.706,0.105261578935526,5,20.1545454545455,51.7818181818182,28.0636363636364,0.545454545454545,0.205369450231405,12.32217
"lakeland","0_10",0.00327526315789474,1.3509262485482,0.246635757280942,0,65.7052631578947,4.18421052631579,2.32631578947368,0,0.00442463897090287,0.04425
"lakeland","10_20",0.00167142857142857,1.5096443452381,0.210069553241103,0,42.3857142857143,5.55714285714286,2.45714285714286,0,0.00252326269132654,0.02523
"lakeland","20_40",0.00112666666666667,1.50104635443921,0.215883238671701,0,63.5625,4.87777777777778,3.25555555555556,0,0.00169117889266818,0.03382
"lakeland","40_100",0.00172088888888889,1.59451747615447,0.19649269329816,0,75.0088888888889,4.51333333333333,3.22888888888889,0,0.00274398740785338,0.16464
"latonia","0_10",0.00078,1.51,0.246635757280942,1,58.7,36,5.3,1,0.001166022,0.01166
"latonia","10_20",0.00039,1.5096443452381,0.210069553241103,0,46.7895312870223,30.4653139464118,15.1362533561418,2.95214027796427,0.000571380235322643,0.00571
"latonia","20_40",0,1.58,0,2,52.95,35.9,11.15,0,0,NA
"latonia","40_100",0,1.65333333333333,0.0305505046330388,3,51.3666666666667,32.7333333333333,15.9,0.666666666666667,0,NA
"leadvale","0_10",0.00597,1.3509262485482,0.246635757280942,0,23.6461538461538,63.9,12.4615384615385,0,0.00806502970383276,0.08065
"leadvale","10_20",0.00507,1.5096443452381,0.210069553241103,0,21.3333333333333,63.6666666666667,15,0,0.00765389683035717,0.07654
"leadvale","20_40",0.00299,1.50104635443921,0.215883238671701,0,15.575,62.75,21.6833333333333,0,0.00448812859977324,0.08976
"leadvale","40_100",0.00501620689655172,1.59451747615447,0.19649269329816,0,16.4655172413793,55.3344827586207,28.2034482758621,0,0.0079984295605583,0.47991
"leefield","0_10",0.00234,1.3509262485482,0.246635757280942,0,38.7666666666667,8.31666666666667,5.63333333333333,0,0.00316116742160279,0.03161
"leefield","10_20",0.003042,1.5096443452381,0.210069553241103,0,56.58,7.98,5.02,0,0.0045923380982143,0.04592
"leefield","20_40",0.00053625,1.50104635443921,0.215883238671701,0,33.8571428571429,10.7875,5.25,0,0.000804936107568026,0.0161
"leefield","40_100",0.0014625,1.59451747615447,0.19649269329816,0,52.0571428571429,8.46111111111111,11.4777777777778,0,0.00233198180887591,0.13992
"lenoir","0_10",0.25,1.41,0,2,14.0333333333333,52.6333333333333,33.3333333333333,0,0.3525,3.525
"lenoir","10_20",0.2,1.61,0.210069553241103,1,6,45.2,48.8,0,0.322,3.22
"lenoir","20_40",0.205,1.47,0.215883238671701,1,16.5,48.55,34.95,0,0.30135,6.027
"lenoir","40_100",0.282857142857143,1.486,0.0702139587261679,5,7.74285714285714,46.4714285714286,45.7857142857143,0,0.420325714285714,25.21954
"leon","0_10",0.0452554166666667,1.05,0.29698484809835,2,50.95,8.12916666666667,1.325,0,0.0475181875,0.47518
"leon","10_20",0.01149375,1.5096443452381,0.210069553241103,0,68.85,4.9125,0.6125,0,0.0173514746930804,0.17351
"leon","20_40",0.002695,1.47666666666667,0.21594752448994,3,64.9035714285714,3.72142857142857,1.00357142857143,0,0.00397961666666668,0.07959
"leon","40_100",0.0053537037037037,1.45,0.321403173599764,3,64.0475,4.40740740740741,2.3,0,0.00776287037037037,0.46577
"lexington","0_10",0.07785,1.3509262485482,0.246635757280942,0,19.16,67.86,12.98,0,0.105169608449477,1.0517
"lexington","10_20",0.01365,1.5096443452381,0.210069553241103,0,6.45,65.45,28.1,0,0.0206066453125001,0.20607
"lexington","20_40",0.0865675,1.50104635443921,0.215883238671701,0,7.825,59.825,32.35,0,0.129941830287916,2.59884
"lexington","40_100",0.0272809090909091,1.59451747615447,0.19649269329816,0,24.5272727272727,52.9818181818182,22.4909090909091,0,0.0434998863108359,2.60999
"lily","0_10",0.44055847826087,1.39333333333333,0.300222139978605,3,43.6695652173913,43.9326086956522,11.1130434782609,1.1304347826087,0.606905697765594,6.06906
"lily","10_20",0.161756976744186,1.35833333333333,0.128127540625217,6,43.1093023255814,44.2767441860465,12.6186046511628,2.23255813953488,0.214814519046331,2.14815
"lily","20_40",0.22370375,1.55875,0.122408858222878,8,41.4625,39.3395833333333,19.1958333333333,1.6875,0.342813937844727,6.85628
"lily","40_100",0.218501346153846,1.65714285714286,0.112552795914326,14,51.4365384615385,28.2048076923077,20.3586538461538,1.27884615384615,0.35745739729607,21.44744
"lloyd","0_10",0.285,1.415,0.558614357137373,2,58.725,20.675,20.6,7.25,0.3740375625,3.74038
"lloyd","10_20",0.055195,1.51,0.210069553241103,1,50.65,24.05,25.3,11,0.0741765605,0.74177
"lloyd","20_40",0.101281428571429,1.57,0.254558441227157,2,35.6,20.6571428571429,43.7428571428571,2.42857142857143,0.155150126673469,3.103
"lloyd","40_100",0.0445935,1.558,0.228516957795259,5,33.81,23.39,42.8,1.7,0.068295569559,4.09773
"louisburg","0_10",0,1.3509262485482,0.246635757280942,0,65.2,27.8,7,0,0,NA
"louisburg","10_20",0,1.5096443452381,0.210069553241103,0,46.7895312870223,30.4653139464118,15.1362533561418,2.95214027796427,0,NA
"louisburg","20_40",0,1.50104635443921,0.215883238671701,0,60.2,30.9,8.9,0,0,NA
"louisburg","40_100",0,1.59451747615447,0.19649269329816,0,62.4,24.6333333333333,12.9666666666667,0,0,NA
"lucy","0_10",0.0168485714285714,1.3509262485482,0.246635757280942,0,71.9,7.88571428571429,4.21428571428571,1.85714285714286,0.0223384698132333,0.22338
"lucy","10_20",0.004875,1.58,0.210069553241103,1,73.3,5.65,5.45,0,0.0077025,0.07702
"lucy","20_40",0.00729428571428571,1.50104635443921,0.215883238671701,0,59.0428571428571,8.75714285714286,6.37142857142857,0.142857142857143,0.0109334194639813,0.21867
"lucy","40_100",0.00889227272727273,1.616,0.0512835256198323,5,61.7863636363636,7.00909090909091,13.7954545454545,0.0454545454545455,0.0143633809487603,0.8618
"lynchburg","0_10",0.002652,1.33,0.29698484809835,2,52.36,27.4,10.38,0,0.00352716,0.03527
"lynchburg","10_20",0.002808,1.7,0.0565685424949239,2,74.02,21.9,7.8,0,0.0047736,0.04774
"lynchburg","20_40",0.001092,1.71,0.0989949493661167,2,56.32,18.9,9.27,0,0.00186732,0.03735
"lynchburg","40_100",0.00208764705882353,1.816,0.0931665175908169,5,61.5529411764706,16.3294117647059,17.8058823529412,0,0.00379116705882353,0.22747
"madison","0_10",0.307326,1.35,0.306104557300279,3,59.84,19.96,20.2,4.4,0.3966349356,3.96635
"madison","10_20",0.0945683333333333,1.765,0.0212132034355964,2,49.45,21.5666666666667,28.9833333333333,4.5,0.159402018458333,1.59402
"madison","20_40",0.082795,1.47666666666667,0.0929157324317756,3,37.65,18.1333333333333,44.2166666666667,0.833333333333333,0.121241778194445,2.42484
"madison","40_100",0.08867,1.46444444444444,0.07650344945019,9,41.00625,17.0875,41.90625,0.25,0.129527658166666,7.77166
"malbis","0_10",0.002405,1.58666666666667,0.108750478926148,6,60.0388888888889,31.9444444444444,6.41666666666667,1,0.00377777400000001,0.03778
"malbis","10_20",0.06074,1.63857142857143,0.162729691147474,7,58.26875,33.7875,7.23125,1.5,0.0980339261428572,0.98034
"malbis","20_40",0.0339409523809524,1.67,0.0616441400296898,9,53.3095238095238,31.7619047619048,17.0047619047619,1.57142857142857,0.0557906829115646,1.11581
"malbis","40_100",0.0225777464788732,1.72321428571429,0.0730830867310459,28,45.630985915493,29.369014084507,24.5154929577465,1.74647887323944,0.0382268050443507,2.29361
"mantachie","0_10",0.130369166666667,1.55,0.0294392028877595,4,44.425,31.2083333333333,24.375,0.583333333333333,0.200893453784722,2.00893
"mantachie","10_20",0.06420625,1.635,0.0777817459305201,2,43.1125,35.275,21.6125,1.5,0.10340256046875,1.03403
"mantachie","20_40",0.0449354545454545,1.595,0.106160256216722,6,54.4727272727273,27.8909090909091,17.6363636363636,1.45454545454545,0.0706295474545455,1.41259
"mantachie","40_100",0.07205875,1.61384615384615,0.12692113440627,13,56.19375,24.603125,19.203125,1.5,0.114547360490384,6.87284
"mascotte","0_10",0.002535,1.3509262485482,0.246635757280942,0,33.05,6,2.4,0,0.00342459804006969,0.03425
"mascotte","10_20",0.00039,1.5096443452381,0.210069553241103,0,63.6,4,2.7,0,0.000588761294642859,0.00589
"mascotte","20_40",0,1.50104635443921,0.215883238671701,0,28.05,4.6,1.15,0,0,NA
"mascotte","40_100",0.00039,1.59451747615447,0.19649269329816,0,42.5555555555556,5.32,11.36,0,0.000621861815700243,0.03731
"mattex","0_10",0.00663,1.24,0.246635757280942,1,11.5,58,30.5,0,0.0082212,0.08221
"mattex","10_20",0.00585,1.5096443452381,0.210069553241103,0,46.7895312870223,30.4653139464118,15.1362533561418,2.95214027796427,0.00857070352983965,0.08571
"mattex","20_40",0.00507,1.47,0.0565685424949239,2,23.3,46.25,30.45,0.5,0.0074156355,0.14831
"mattex","40_100",0.00195,1.715,0.0212132034355964,2,46.3,37.35,16.35,2,0.003277365,0.19664
"mclaurin","0_10",0.00273,1.4,0.246635757280942,1,53.2,40.6,6.2,0,0.003822,0.03822
"mclaurin","10_20",0.00273,1.59,0.210069553241103,1,56.9,39,4.1,0,0.0043407,0.04341
"mclaurin","20_40",0.00195,1.62,0.215883238671701,1,50.4,39.5,10.1,0,0.003159,0.06318
"mclaurin","40_100",0.00195,1.6,0.19649269329816,1,46.7,38.3,15,0,0.00312,0.1872
"mecklenburg","0_10",0.01014,1.61,0.0424264068711927,2,39.8333333333333,28.6,31.5666666666667,1.66666666666667,0.01605331,0.16053
"mecklenburg","10_20",0,1.5096443452381,0.210069553241103,0,40.7,33.9,25.4,0,0,NA
"mecklenburg","20_40",0.005655,1.41,0.215883238671701,1,21.2,21.15,57.65,0,0.00797355,0.15947
"mecklenburg","40_100",0.003432,1.346,0.146901327427631,5,25.36,33.84,40.8,0.1,0.004614852528,0.27689
"meggett","0_10",0.00169,1.37,0.113137084989848,2,69.0333333333333,21.7166666666667,8.13333333333333,0,0.0023153,0.02315
"meggett","10_20",0.00078,1.515,0.0494974746830584,2,62.7,22.3666666666667,8.2,0,0.0011817,0.01182
"meggett","20_40",0.010595,1.7,0.0565685424949239,2,48.25,18.65,20.8166666666667,0,0.0180115,0.36023
"meggett","40_100",0.00724285714285714,1.75,0.0707106781186548,5,46.3285714285714,18.75,42.9642857142857,0.857142857142857,0.0125663571428571,0.75398
"moko","0_10",0.391300267857143,1.29,0.246635757280942,1,29.2196428571429,44.3776785714286,26.4017857142857,0.267857142857143,0.503425263360172,5.03425
"moko","10_20",0.258485614035088,1.37,0.210069553241103,1,32.4105263157895,40.5157894736842,27.0754385964912,0.508771929824561,0.352323601149892,3.52324
"moko","20_40",0.276719,1.52,0.215883238671701,1,29.99,42.65,27.356,0.66,0.417836834992,8.35674
"moko","40_100",0.151365,1.47,0.19649269329816,1,46.1,33.075,20.825,0,0.22250655,13.35039
"mollville","0_10",0.00494,1.335,0.388908729652601,2,39.7333333333333,46.3,13.9666666666667,0,0.0065949,0.06595
"mollville","10_20",0.00351,1.57,0.0282842712474619,2,61.9,28,10.1,0,0.0055107,0.05511
"mollville","20_40",0.0032175,1.7125,0.199895806192459,4,46.525,37.225,16.25,0,0.00550996875,0.1102
"mollville","40_100",0.00468,1.65777777777778,0.158727579344122,9,49.4555555555556,31.0111111111111,19.5333333333333,0.111111111111111,0.00774977955555557,0.46499
"nikwasi","0_10",0.00663,0.96,0.246635757280942,1,70,17.5,12.5,0,0.0063648,0.06365
"nikwasi","10_20",0.003705,1.5096443452381,0.210069553241103,0,46.7895312870223,30.4653139464118,15.1362533561418,2.95214027796427,0.00542811223556511,0.05428
"nikwasi","20_40",0.00078,1.24,0.215883238671701,1,80.1,13.6,6.3,5,0.00091884,0.01838
"nikwasi","40_100",0.00078,1.325,0.00707106781186548,2,92.6666666666667,4.66666666666667,2.66666666666667,34,0.00068211,0.04093
"nixa","0_10",0.143826428571429,1.3509262485482,0.246635757280942,0,21.9785714285714,68.2535714285714,9.75714285714286,2.39285714285714,0.189649602542561,1.8965
"nixa","10_20",0.071675,1.5096443452381,0.210069553241103,0,19.2875,70.8875,9.8375,4.9375,0.102861197871722,1.02861
"nixa","20_40",0.0783341935483871,1.50104635443921,0.215883238671701,0,22.6,66.0774193548387,11.3322580645161,2.41935483870968,0.114738499468571,2.29477
"nixa","40_100",0.113865632183908,1.96,0.212132034355964,2,22.3758620689655,47.9954022988506,29.6310344827586,1.64367816091954,0.21950833340362,13.1705
"noark","0_10",0.200427906976744,1.3509262485482,0.246635757280942,0,17.9860465116279,71.5581395348837,10.4581395348837,0,0.270763320476461,2.70763
"noark","10_20",0.0892,1.5096443452381,0.210069553241103,0,16.5272727272727,73.5045454545455,9.95909090909091,0,0.134660275595239,1.3466
"noark","20_40",0.089432,1.50104635443921,0.215883238671701,0,14.056,67.232,18.718,0.74,0.133248189896188,2.66496
"noark","40_100",0.133279824561403,1.44,0.19649269329816,1,13.0622807017544,38.480701754386,48.4605263157895,0.771929824561403,0.190441436897507,11.42649
"norfolk","0_10",0.0554576923076923,1.735,0.0443471156521669,4,76.7230769230769,13.1,4.5,0.153846153846154,0.0960710667751479,0.96071
"norfolk","10_20",0.0304653846153846,1.72,0.0565685424949239,2,82.6230769230769,12.0153846153846,4.52307692307692,0,0.0524004615384615,0.524
"norfolk","20_40",0.0148726086956522,1.774,0.0622896460095898,5,68.3,13.5086956521739,10.9565217391304,0.260869565217391,0.0263151799795841,0.5263
"norfolk","40_100",0.0292572413793103,1.70833333333333,0.0649207661873529,18,63.2137931034483,11.4120689655172,25.4137931034483,0.413793103448276,0.0497743022592151,2.98646
"ocilla","0_10",0.00386454545454545,1.3509262485482,0.246635757280942,0,64.4272727272727,8.90909090909091,2.93636363636364,0,0.00522071589325309,0.05221
"ocilla","10_20",0.00286,1.5096443452381,0.210069553241103,0,52.4,6.6,3.4,0,0.00431758282738097,0.04318
"ocilla","20_40",0.00104,1.50104635443921,0.215883238671701,0,55.2416666666667,8.175,3.31666666666667,0,0.00156108820861678,0.03122
"ocilla","40_100",0.00309947368421053,1.59451747615447,0.19649269329816,0,51.8027777777778,9.11842105263158,12.9078947368421,0,0.00494216495635456,0.29653
"olustee","0_10",0.00156,1.3509262485482,0.246635757280942,0,36.025,7.75,2.225,0,0.00210744494773519,0.02107
"olustee","10_20",0.000975,1.5096443452381,0.210069553241103,0,46.7895312870223,30.4653139464118,15.1362533561418,2.95214027796427,0.00142845058830661,0.01428
"olustee","20_40",0.00039,1.50104635443921,0.215883238671701,0,46.86,5.4,3.1,0,0.000585408078231292,0.01171
"olustee","40_100",0.000354545454545455,1.59451747615447,0.19649269329816,0,52.8818181818182,5.21818181818182,9.81818181818182,0,0.000565328923363858,0.03392
"orangeburg","0_10",0.0554888461538462,1.76333333333333,0.185022521151706,3,69.8076923076923,13.1230769230769,7.66538461538462,0.192307692307692,0.0976571679511833,0.97657
"orangeburg","10_20",0.0347063157894737,1.83,0.210069553241103,1,68.4473684210526,12.0947368421053,8.32631578947368,0.842105263157895,0.0629777153019391,0.62978
"orangeburg","20_40",0.0530897142857143,1.73111111111111,0.0964940988408675,9,66.3588235294118,13.4114285714286,14.8342857142857,0.257142857142857,0.0916678692146938,1.83336
"orangeburg","40_100",0.063441,1.683125,0.0878421880419653,16,56.6493670886076,10.6625,26.32125,0.575,0.106165153109531,6.36991
"ouachita","0_10",0.1,1.3509262485482,0.246635757280942,0,48.2886660985049,31.5216808172776,14.2365984772959,2.55253239021966,0.131644341848603,1.31644
"ouachita","10_20",0.1,1.54,0.210069553241103,1,16.6,60.7,22.7,1,0.15246,1.5246
"ouachita","20_40",0.09,1.46,0.215883238671701,1,17.9,60,22.1,0,0.1314,2.628
"ouachita","40_100",0.06,1.56,0.19649269329816,1,20.9,58,21.1,0,0.0936,5.616
"pacolet","0_10",0.00445714285714286,1.16,0.0888819441731559,3,60.1285714285714,19.9714285714286,19.9,10.2857142857143,0.00463848489795918,0.04638
"pacolet","10_20",0.00250157142857143,1.5096443452381,0.210069553241103,0,46.7895312870223,30.4653139464118,15.1362533561418,2.95214027796427,0.00366499608085524,0.03665
"pacolet","20_40",0.000546,1.4325,0.177270979012358,4,50.52,20.96,28.52,12.6,0.00068359473,0.01367
"pacolet","40_100",0.000306428571428571,1.60272727272727,0.269224475450911,11,45.7,15.4642857142857,38.8357142857143,7.14285714285714,0.000456041326530611,0.02736
"pamlico","0_10",0.555,1.3509262485482,0.246635757280942,0,48.2886660985049,31.5216808172776,14.2365984772959,2.55253239021966,0.730626097259745,7.30626
"pamlico","10_20",0.555,1.5096443452381,0.210069553241103,0,9.15000000000001,34.9,26.45,0,0.837852611607145,8.37853
"pamlico","20_40",0.125,1.50104635443921,0.215883238671701,0,68.45,28.95,2.6,0,0.187630794304901,3.75262
"pamlico","40_100",0.0181653333333333,1.59451747615447,0.19649269329816,0,78.8066666666667,5.56666666666667,2.62666666666667,0,0.0289649414601713,1.7379
"pantego","0_10",0.00429,1.3509262485482,0.246635757280942,0,48.2886660985049,31.5216808172776,14.2365984772959,2.55253239021966,0.00564754226530506,0.05648
"pantego","10_20",0.00429,1.5096443452381,0.210069553241103,0,38.4,26.9,19.7,0,0.00647637424107145,0.06476
"pantego","20_40",0.003315,1.50104635443921,0.215883238671701,0,26.65,31.65,16.45,0,0.00497596866496598,0.09952
"pantego","40_100",0.0010725,1.59451747615447,0.19649269329816,0,47.925,28.225,18.95,0,0.00171011999317567,0.10261
"pelham","0_10",0.00288181818181818,1.6,0.246635757280942,1,67.0181818181818,8.90909090909091,4.19090909090909,0.0909090909090909,0.0046067173553719,0.04607
"pelham","10_20",0,1.5096443452381,0.210069553241103,0,31.2,7,2.2,0,0,NA
"pelham","20_40",0.000429,1.65,0.215883238671701,1,60.9,9.24,3.54,0,0.00070785,0.01416
"pelham","40_100",0.00114483870967742,1.8,0.0360555127546399,3,63.6935483870968,8.23870967741935,11.3387096774194,0.032258064516129,0.00206004493236212,0.1236
"plott","0_10",0.02223,0.95,0.246635757280942,1,46.2,37.3,16.5,2,0.02069613,0.20696
"plott","10_20",0.01404,1.5096443452381,0.210069553241103,0,46.7895312870223,30.4653139464118,15.1362533561418,2.95214027796427,0.0205696884716152,0.2057
"plott","20_40",0.00585,0.96,0.215883238671701,1,46.9,40.7,12.4,8,0.00516672,0.10333
"plott","40_100",0.00221,1.18666666666667,0.128970280814354,3,56.9666666666667,29.3666666666667,13.6666666666667,9.33333333333333,0.00237776355555556,0.14267
"plummer","0_10",0.002028,1.3509262485482,0.246635757280942,0,40.34,7.56,4.52,0,0.00273967843205575,0.0274
"plummer","10_20",0.00065,1.5096443452381,0.210069553241103,0,52.3666666666667,5.96666666666667,2.4,0,0.000981268824404765,0.00981
"plummer","20_40",0.0004875,1.50104635443921,0.215883238671701,0,66.675,7.35,3.225,0,0.000731760097789115,0.01464
"plummer","40_100",0.000368333333333333,1.59451747615447,0.19649269329816,0,52.2722222222222,4.71111111111111,2.12222222222222,0,0.00058731393705023,0.03524
"poarch","0_10",0.0245033333333333,1.3509262485482,0.246635757280942,0,51.3,25.2,4.66666666666667,0,0.0331021961769261,0.33102
"poarch","10_20",0.0239833333333333,1.5096443452381,0.210069553241103,0,46.7895312870223,30.4653139464118,15.1362533561418,2.95214027796427,0.0351374426764651,0.35137
"poarch","20_40",0.0234633333333333,1.50104635443921,0.215883238671701,0,55.8333333333333,25.6333333333333,7.86666666666667,0.333333333333333,0.035102152459782,0.70204
"poarch","40_100",0.0212411111111111,1.59451747615447,0.19649269329816,0,70.2555555555556,20.4666666666667,14.6,0.222222222222222,0.0337940577176509,2.02764
"ponzer","0_10",0.01677,0.8,0.246635757280942,1,59.5,13.6,46.6,0,0.013416,0.13416
"ponzer","10_20",0.010725,1.5096443452381,0.210069553241103,0,46.7895312870223,30.4653139464118,15.1362533561418,2.95214027796427,0.0157129564713727,0.15713
"ponzer","20_40",0.00468,0.72,0.215883238671701,1,69.1666666666667,42.6333333333333,24.8666666666667,0,0.0033696,0.06739
"ponzer","40_100",0.00434571428571429,1.15,0.240416305603426,2,33.3857142857143,49.9285714285714,13.7571428571429,0.142857142857143,0.00499043204081633,0.29943
"portia","0_10",0.1243625,1.3509262485482,0.246635757280942,0,34.0458333333333,55.7708333333333,10.1833333333333,0,0.168004565585076,1.68005
"portia","10_20",0.111292307692308,1.5096443452381,0.210069553241103,0,38.0384615384615,51.0538461538462,10.9,0,0.168011802976191,1.68012
"portia","20_40",0.109148387096774,1.50104635443921,0.215883238671701,0,28.7516129032258,53.6387096774194,17.6129032258065,0,0.163836788544533,3.27674
"portia","40_100",0.150825352112676,1.59451747615447,0.19649269329816,0,27.6267605633803,37.1450704225352,35.230985915493,0,0.240493659790813,14.42962
"pottsburg","0_10",0.00092625,1.3509262485482,0.246635757280942,0,47.425,4.175,1.7625,0,0.00125129543771777,0.01251
"pottsburg","10_20",0.000585,1.5096443452381,0.210069553241103,0,47.6,5,1.85,0,0.000883141941964289,0.00883
"pottsburg","20_40",0.00014625,1.50104635443921,0.215883238671701,0,47.2,4.8375,1.6875,0,0.000219528029336734,0.00439
"pottsburg","40_100",8.66666666666667e-05,1.59451747615447,0.19649269329816,0,44.3944444444444,4.37777777777778,1.92777777777778,0,0.000138191514600054,0.00829
"providence","0_10",0.00793,1.21333333333333,0.204287379280594,3,14.5,75.5,10,0,0.00962173333333331,0.09622
"providence","10_20",0.0024375,1.5275,0.0846069343099804,4,15.625,68.425,15.95,0,0.00372328125,0.03723
"providence","20_40",0.0039,1.56666666666667,0.0152752523165195,3,11.1666666666667,65.0333333333333,23.8,0,0.00611000000000001,0.1222
"providence","40_100",0.004485,1.635,0.0988571053224161,12,19.2285714285714,57.4071428571429,23.3642857142857,0,0.007332975,0.43998
"rains","0_10",0.02879,1.35,0.06557438524302,3,58.4916666666667,25.2153846153846,10.2076923076923,0.153846153846154,0.0388067053846154,0.38807
"rains","10_20",0.002028,1.465,0.0777817459305203,2,61.8,25.74,8.72,0,0.00297102,0.02971
"rains","20_40",0.00473733333333333,1.5725,0.0602079728939614,4,69.58,20.0333333333333,12.1066666666667,0.133333333333333,0.00743952405777778,0.14879
"rains","40_100",0.003314,1.69714285714286,0.0446147530585589,7,61.1533333333333,19.1766666666667,23.5466666666667,0.133333333333333,0.00561683232000001,0.33701
"reddies","0_10",0.06936,0.91,0.197989898732233,2,64.475,31.025,8.05,0,0.0631176,0.63118
"reddies","10_20",0.0290533333333333,1.34,0.210069553241103,1,68.2,21.8,10,3.33333333333333,0.0376337511111111,0.37634
"reddies","20_40",0.023085,1.24333333333333,0.280059517483933,3,69.95,23.375,6.675,0,0.0287023499999999,0.57405
"reddies","40_100",0.00817181818181818,1.23,0.13076696830622,3,80.3636363636364,13.2272727272727,6.40909090909091,46.2727272727273,0.00540030890082644,0.32402
"rexor","0_10",0.00819,1.3509262485482,0.246635757280942,0,48.2886660985049,31.5216808172776,14.2365984772959,2.55253239021966,0.0107816715974006,0.10782
"rexor","10_20",0.00819,1.5096443452381,0.210069553241103,0,26.7,62.3,10.9,0,0.0123639871875,0.12364
"rexor","20_40",0.00741,1.50104635443921,0.215883238671701,0,44.6474010593,29.3694540148412,19.535668248824,2.4242495503916,0.0108531101850095,0.21706
"rexor","40_100",0.00663,1.59451747615447,0.19649269329816,0,27.35,54.45,20.2,0,0.0105716508669041,0.6343
"rosman","0_10",0.01248,1.1,0.212132034355964,2,43.3,41.35,15.35,0,0.013728,0.13728
"rosman","10_20",0.01716,1.33,0.210069553241103,1,62.4,25.2,12.4,1,0.022594572,0.22595
"rosman","20_40",0.00936,1.24,0.127279220613579,2,43.7,41.7,14.6,0,0.0116064,0.23213
"rosman","40_100",0.00320666666666667,1.29,0.132233559604642,8,69.6222222222222,23.7555555555556,6.62222222222222,0,0.0041366,0.2482
"ruston","0_10",0.004134,1.49,0.0367423461417477,5,65.26,29.2666666666667,5.47333333333333,0.0666666666666667,0.00615555356,0.06156
"ruston","10_20",0.00342333333333333,1.7175,0.17423642940939,4,57.8,31.1888888888889,11.0111111111111,0,0.005879575,0.0588
"ruston","20_40",0.003328,1.7025,0.0394757309410901,4,57.4733333333333,29.6933333333333,12.8333333333333,0.0666666666666667,0.00566214272,0.11324
"ruston","40_100",0.00480697674418605,1.75352941176471,0.0561183098986628,17,56.6116279069767,23.5860465116279,19.8023255813953,0.116279069767442,0.00841937373620083,0.50516
"rutlege","0_10",0.002145,1.3509262485482,0.246635757280942,0,76.75,7,3.25,0,0.00289773680313589,0.02898
"rutlege","10_20",0.00117,1.5096443452381,0.210069553241103,0,44,11.6,2.6,0,0.00176628388392858,0.01766
"rutlege","20_40",0.00052,1.50104635443921,0.215883238671701,0,58.3666666666667,5.83333333333333,2.96666666666667,0,0.000780544104308389,0.01561
"rutlege","40_100",0.000346666666666667,1.59451747615447,0.19649269329816,0,50.0444444444444,4.46666666666667,4.2,0,0.000552766058400216,0.03317
"sacul","0_10",0.00445714285714286,1.435,0.0919238815542511,2,50.0142857142857,41.5428571428571,30.3,1.28571428571429,0.00631376571428571,0.06314
"sacul","10_20",0.002184,1.48,0.210069553241103,1,36.82,41.44,36.78,0,0.00323232,0.03232
"sacul","20_40",0.00345428571428571,1.62666666666667,0.0513160143944688,3,37.5142857142857,42.0142857142857,31.9857142857143,1.42857142857143,0.00553870040816328,0.11077
"sacul","40_100",0.00644428571428571,1.64,0.0728010988928051,5,30.3095238095238,36.5,35.4904761904762,1.57142857142857,0.010402550122449,0.62415
"saffell","0_10",0.11242375,1.3509262485482,0.246635757280942,0,32.65,55.9875,11.3625,6.25,0.142383932658019,1.42384
"saffell","10_20",0.0341575,1.38,0.210069553241103,1,18,65.775,16.225,11.75,0.041598711375,0.41599
"saffell","20_40",0.0405214285714286,1.36,0.215883238671701,1,32.9285714285714,50.7714285714286,16.3,15.2857142857143,0.0466853167346939,0.93371
"saffell","40_100",0.0390014285714286,1.21,0.19649269329816,1,47.7714285714286,31.6142857142857,20.6142857142857,19.2857142857143,0.0380904666326531,2.28543
"sapelo","0_10",0.00228428571428571,1.3509262485482,0.246635757280942,0,53.2846153846154,7.10714285714286,1.12857142857143,0,0.00308590153061225,0.03086
"sapelo","10_20",0.0180966666666667,1.52,0.210069553241103,1,79.46,6.76666666666667,1.01666666666667,0,0.0275069333333333,0.27507
"sapelo","20_40",0.0002925,1.50104635443921,0.215883238671701,0,55.26,6.45,1.435,0,0.000439056058673469,0.00878
"sapelo","40_100",0.00897838709677419,1.61,0.0692820323027551,6,56.3903225806452,5.73548387096774,4.24354838709677,0,0.0144552032258065,0.86731
"saucier","0_10",0.003315,1.42,0.127279220613579,2,40.75,29.55,12.525,2.5,0.0045896175,0.0459
"saucier","10_20",0.00195,1.59,0.210069553241103,1,44.3,39.5,16.2,1,0.003069495,0.03069
"saucier","20_40",0.0004875,1.67,0.014142135623731,2,53.65,25.925,14.175,1,0.00080598375,0.01612
"saucier","40_100",0.001989,1.685,0.0404145188432738,4,45.32,27.27,27.61,0.5,0.003334707675,0.20008
"saunook","0_10",0.05499,1.3,0.246635757280942,1,43.1,32.2,24.7,16,0.06004908,0.60049
"saunook","10_20",0.02509,1.29,0.175214154679352,3,40.8666666666667,37.9,21.2333333333333,7.66666666666667,0.029884699,0.29885
"saunook","20_40",0.02392,1.43,0.229128784747792,3,43.4333333333333,34.8,21.7666666666667,10.6666666666667,0.0305570026666667,0.61114
"saunook","40_100",0.0184275,1.26,0.208885933785244,7,44.8,33.8375,21.3625,29.875,0.0162820783125,0.97692
"sharkey","0_10",0.165110714285714,1.54,0.346121365997536,7,5.41904761904762,31.7333333333333,62.847619047619,0.19047619047619,0.253786175238095,2.53786
"sharkey","10_20",0.0900990909090909,1.852,0.055703295619354,15,1.27272727272727,32.0136363636364,66.7136363636364,0.0454545454545455,0.166787669310744,1.66788
"sharkey","20_40",0.143582051282051,1.80785714285714,0.0867515082048962,14,3.63076923076923,31.5384615384615,64.8307692307692,0,0.259575836996337,5.19152
"sharkey","40_100",0.16454825,1.81230769230769,0.104280686315643,26,3.2125,30.6825,66.105,0.0125,0.298174782723365,17.89049
"smithdale","0_10",0.0667758333333333,1.57,0.0264575131106459,3,74.7,19.7083333333333,5.59166666666667,2.5,0.102217106875,1.02217
"smithdale","10_20",0.042,1.5096443452381,0.210069553241103,0,74.72,19.94,5.34,4.2,0.0607420498750002,0.60742
"smithdale","20_40",0.0266614285714286,1.5575,0.0903234926989282,4,68.1714285714286,20.7285714285714,11.1,3.42857142857143,0.0401014547142857,0.80203
"smithdale","40_100",0.0535588,1.7,0.05,5,62.636,16.14,21.224,1.04,0.090103040416,5.40618
"smithton","0_10",0,1.3509262485482,0.246635757280942,0,48.6,45.5,5.9,0,0,NA
"smithton","10_20",0,1.5096443452381,0.210069553241103,0,46.7895312870223,30.4653139464118,15.1362533561418,2.95214027796427,0,NA
"smithton","20_40",0,1.50104635443921,0.215883238671701,0,51.7,41.6,6.7,0,0,NA
"smithton","40_100",0,1.59451747615447,0.19649269329816,0,51.8,40.05,8.15,0,0,NA
"susquehanna","0_10",0.04416,1.36,0.226274169979695,2,59.6333333333333,36.2666666666667,4.1,0.333333333333333,0.059857408,0.59857
"susquehanna","10_20",0.00702,1.475,0.162634559672906,2,29.7,44.95,25.35,0.5,0.0103027275,0.10303
"susquehanna","20_40",0.0958575,1.77,0.0761577310586392,4,30.8,19.95,49.25,0,0.169667775,3.39336
"susquehanna","40_100",0.205392857142857,1.88333333333333,0.0553774924194538,6,32.9857142857143,18.0571428571429,48.9571428571429,0,0.386823214285714,23.20939
"tate","0_10",0.02171,1.55,0.246635757280942,1,72.6666666666667,37,14.3,10.3333333333333,0.0301732816666667,0.30173
"tate","10_20",0.00546,1.345,0.205060966544099,2,57.8,24.25,17.95,12,0.006462456,0.06462
"tate","20_40",0.00117,1.505,0.0919238815542513,2,51.95,24.5,23.55,9,0.0016023735,0.03205
"tate","40_100",0.00507,1.526,0.0998999499499374,5,58.04,21.62,20.34,16,0.0064989288,0.38994
"tippah","0_10",0.00507,1.29,0.246635757280942,1,9.8,81.3,8.9,0,0.0065403,0.0654
"tippah","10_20",0.00429,1.5096443452381,0.210069553241103,0,46.7895312870223,30.4653139464118,15.1362533561418,2.95214027796427,0.00628518258854908,0.06285
"tippah","20_40",0.00351,1.505,0.0919238815542513,2,6.15,70.15,23.7,0,0.00528255,0.10565
"tippah","40_100",0.01014,1.76333333333333,0.187171935218219,3,4.7,58.4333333333333,36.8666666666667,0,0.0178802,1.07281
"toccoa","0_10",0.26,1.32,0.246635757280942,1,38.65,37.15,24.2,1,0.339768,3.39768
"toccoa","10_20",0.0475,1.45,0.210069553241103,1,62.25,23.925,13.825,0.25,0.0687028125,0.68703
"toccoa","20_40",0.0233333333333333,1.66,0.215883238671701,1,65.5333333333333,23.9333333333333,10.5333333333333,0,0.0387333333333333,0.77467
"toccoa","40_100",0.037,1.7,0.0360555127546399,3,69.48,19.92,10.6,1.1,0.0622081,3.73249
"toinette","0_10",0.23,1.3509262485482,0.246635757280942,0,80.1,15.4,4.5,0,0.310713037166086,3.10713
"toinette","10_20",0.145,1.5096443452381,0.210069553241103,0,46.7895312870223,30.4653139464118,15.1362533561418,2.95214027796427,0.212436241337906,2.12436
"toinette","20_40",0.06,1.50104635443921,0.215883238671701,0,84.3,11.8,3.9,0,0.0900627812663526,1.80126
"toinette","40_100",0.11,1.59451747615447,0.19649269329816,0,78.7666666666667,5.53333333333333,15.7,0,0.175396922376992,10.52382
"townley","0_10",0,1.3509262485482,0.246635757280942,0,21,52.5,26.5,0,0,NA
"townley","10_20",0,1.5096443452381,0.210069553241103,0,46.7895312870223,30.4653139464118,15.1362533561418,2.95214027796427,0,NA
"townley","20_40",0,1.50104635443921,0.215883238671701,0,9,39.9,51.1,0,0,NA
"townley","40_100",0,1.59451747615447,0.19649269329816,0,6.83333333333333,44.4666666666667,48.7,0,0,NA
"toxaway","0_10",0.00039,1.06,0.246635757280942,1,7,58.8,34.2,0,0.0004134,0.00413
"toxaway","10_20",0.00039,1.5096443452381,0.210069553241103,0,46.7895312870223,30.4653139464118,15.1362533561418,2.95214027796427,0.000571380235322643,0.00571
"toxaway","20_40",0.00039,1.07,0.0282842712474619,2,7.25,59.3,33.45,0,0.0004173,0.00835
"toxaway","40_100",0.00039,1.23666666666667,0.0288675134594813,3,9.83333333333333,62.0333333333333,28.1333333333333,0,0.000482300000000001,0.02894
"trimont","0_10",0.32,0.95,0.246635757280942,1,50.6,28,21.4,2,0.29792,2.9792
"trimont","10_20",0.13475,1.12,0.183847763108502,2,45.2,28.15,26.65,5.5,0.1426194,1.42619
"trimont","20_40",0.28734,1.37,0.0282842712474618,2,45.75,20.8,33.45,4.5,0.375941289,7.51883
"trimont","40_100",0.492191666666667,1.42833333333333,0.170577450639487,6,63.4833333333333,15.5333333333333,20.9833333333333,5,0.667863075694443,40.07178
"troup","0_10",0.0349225,1.58,0.0989949493661166,2,76.3785714285714,7.36428571428571,3.5,0,0.05517755,0.55178
"troup","10_20",0.02193,1.71,0.210069553241103,1,87.6285714285714,8.52857142857143,3.84285714285714,0,0.0375003,0.375
"troup","20_40",0.0240655,1.5,0.215883238671701,1,73.025,8.425,3.965,0.05,0.036080200875,0.7216
"troup","40_100",0.0113628301886792,1.87,0.459238500128201,3,74.2660377358491,7.7622641509434,5.13396226415094,0.188679245283019,0.0212084009576362,1.2725
"tuckasegee","0_10",0.01053,1.3509262485482,0.246635757280942,0,48.2886660985049,31.5216808172776,14.2365984772959,2.55253239021966,0.0138621491966579,0.13862
"tuckasegee","10_20",0.01053,1.11,0.210069553241103,1,56.4,28.1,15.5,16,0.009818172,0.09818
"tuckasegee","20_40",0.00273,0.97,0.215883238671701,1,58.5,31.1,10.4,16,0.002224404,0.04449
"tuckasegee","40_100",0.00286,1.17,0.09,3,57.5333333333333,22.2333333333333,20.2333333333333,28.6666666666667,0.002386956,0.14322
"tusquitee","0_10",0.046605,0.57,0.246635757280942,1,35.45,36.95,37.5,1,0.0262992015,0.26299
"tusquitee","10_20",0.00585,1.2,0.210069553241103,1,52.6,28.7,18.7,10,0.006318,0.06318
"tusquitee","20_40",0.0039,1.14,0.215883238671701,1,57.7,24.2,18.1,2,0.00435708,0.08714
"tusquitee","40_100",0.003315,1.3,0.15556349186104,2,64.2,20.15,15.65,19,0.003490695,0.20944
"udorthents","0_10",0.31,1.3509262485482,0.246635757280942,0,32.2,45.2,22.6,0,0.418787137049942,4.18787
"udorthents","10_20",0.31,1.5096443452381,0.210069553241103,0,46.7895312870223,30.4653139464118,15.1362533561418,2.95214027796427,0.454174033205178,4.54174
"udorthents","20_40",0.31,1.50104635443921,0.215883238671701,0,22.3,44.8,32.9,0,0.465324369876155,9.30649
"udorthents","40_100",0.43,1.59451747615447,0.19649269329816,0,43.6,32.7,23.7,0,0.685642514746422,41.13855
"unaka","0_10",0.01365,1.3509262485482,0.246635757280942,0,40.3,35.5,24.2,10,0.0165961289634146,0.16596
"unaka","10_20",0.0039,1.5096443452381,0.210069553241103,0,40.2,39.3,20.5,10,0.00529885165178573,0.05299
"unaka","20_40",0.00195,1.50104635443921,0.215883238671701,0,45.7,36,18.3,8,0.00269287715986394,0.05386
"unaka","40_100",0.00039,1.59451747615447,0.19649269329816,0,58.9,28.85,12.25,10,0.000559675634130219,0.03358
"urban land","0_10",0.037674,1.3509262485482,0.246635757280942,0,43.63,36.81,19.56,16.9,0.0422935750503659,0.42294
"urban land","10_20",0.035646,1.5096443452381,0.210069553241103,0,46.7895312870223,30.4653139464118,15.1362533561418,2.95214027796427,0.0522241535084896,0.52224
"urban land","20_40",0.033618,1.50104635443921,0.215883238671701,0,39.07,39.12,21.81,13.7,0.0435488581844728,0.87098
"urban land","40_100",0.033618,1.59451747615447,0.19649269329816,0,47.1527031434407,24.7802985973975,23.2730709428291,3.29052854268621,0.0518406175186679,3.11044
"vance","0_10",0.04914,1.3509262485482,0.246635757280942,0,24,51.7,24.3,0,0.0663845158536586,0.66385
"vance","10_20",0.02457,1.5096443452381,0.210069553241103,0,26,56.5,17.5,0,0.0370919615625001,0.37092
"vance","20_40",0.0117,1.50104635443921,0.215883238671701,0,27.3,55.8,16.9,0,0.0175622423469388,0.35124
"vance","40_100",0.005304,1.59451747615447,0.19649269329816,0,35.84,44.48,26.56,0,0.00845732069352331,0.50744
"wadley","0_10",0.0416033333333333,1.3509262485482,0.246635757280942,0,62.5111111111111,10.0888888888889,3.22222222222222,0.555555555555556,0.0558907959436164,0.55891
"wadley","10_20",0.00156,1.5096443452381,0.210069553241103,0,46.3,6.5,1.9,0,0.00235504517857144,0.02355
"wadley","20_40",0.020195,1.50104635443921,0.215883238671701,0,76.625,10.5,3.5625,0.875,0.0300483868555307,0.60097
"wadley","40_100",0.01894,1.59451747615447,0.19649269329816,0,61.5944444444444,8.85,5.42222222222222,0.5,0.0300491601933738,1.80295
"wagram","0_10",0.05078,1.3509262485482,0.246635757280942,0,68.1333333333333,9.76666666666667,4.1,1,0.0679140345522648,0.67914
"wagram","10_20",0.0013,1.57,0.169705627484771,2,61.4333333333333,10.3,3.1,0,0.002041,0.02041
"wagram","20_40",0.0177925,1.63,0.215883238671701,1,67.925,10.225,5.075,1.75,0.0284942439375,0.56988
"wagram","40_100",0.0173283333333333,1.6775,0.105633012516605,4,77.99,9.575,12.2,1.58333333333333,0.0286080314131944,1.71648
"wahee","0_10",0.33,1.3509262485482,0.246635757280942,0,61.8,27.4666666666667,10.6,0,0.445805662020906,4.45806
"wahee","10_20",0.19875,1.5096443452381,0.210069553241103,0,46.7895312870223,30.4653139464118,15.1362533561418,2.95214027796427,0.291184158385578,2.91184
"wahee","20_40",0.0675,1.50104635443921,0.215883238671701,0,47.675,33.275,19,0.25,0.101067327352335,2.02135
"wahee","40_100",0.05639,1.59451747615447,0.19649269329816,0,28.73,20.03,51.17,0.4,0.0895551811184292,5.37331
"wehadkee","0_10",0.185,1.3509262485482,0.246635757280942,0,45.95,34.4,19.65,0,0.249921355981417,2.49921
"wehadkee","10_20",0.28,1.5096443452381,0.210069553241103,0,16.3,35.3,48.4,0,0.422700416666668,4.227
"wehadkee","20_40",0.25,1.50104635443921,0.215883238671701,0,22.75,41.4,35.85,0,0.375261588609803,7.50523
"wehadkee","40_100",0.07,1.59451747615447,0.19649269329816,0,38.8666666666667,32.1333333333333,29,0,0.111616223330813,6.69697
"whiteside","0_10",0.00468,1.3509262485482,0.246635757280942,0,48.2886660985049,31.5216808172776,14.2365984772959,2.55253239021966,0.00616095519851461,0.06161
"whiteside","10_20",0.00468,1.5096443452381,0.210069553241103,0,46.7895312870223,30.4653139464118,15.1362533561418,2.95214027796427,0.00685656282387172,0.06857
"whiteside","20_40",0.00468,1.21,0.215883238671701,1,47,26.9,26.1,0,0.0056628,0.11326
"whiteside","40_100",0.00286,1.30666666666667,0.0550757054728611,3,54.5,24.0666666666667,21.4333333333333,0.333333333333333,0.00372460977777779,0.22348
"wickham","0_10",0.0067275,1.41,0.246635757280942,1,56.8578947368421,36.7315789473684,20.335,0,0.009485775,0.09486
"wickham","10_20",0.00585,1.5096443452381,0.210069553241103,0,65.4666666666667,36.62,23.2333333333333,0.0666666666666667,0.00882553180669646,0.08826
"wickham","20_40",0.0106166666666667,1.71,0.215883238671701,1,53.3888888888889,26.2555555555556,20.3555555555556,0.111111111111111,0.0181343283333333,0.36269
"wickham","40_100",0.00648631578947368,1.69,0.19649269329816,1,52.3052631578947,24.1552631578947,23.5394736842105,0.157894736842105,0.0109445654626039,0.65667
"wilkes","0_10",0,1.3509262485482,0.246635757280942,0,70.8,23.9,5.3,0,0,NA
"wilkes","10_20",0,1.5096443452381,0.210069553241103,0,72.4,23.4,4.2,0,0,NA
"wilkes","20_40",0,1.50104635443921,0.215883238671701,0,48.7,22.9,28.4,0,0,NA
"wilkes","40_100",0.00351,1.59451747615447,0.19649269329816,0,81.2,9.9,8.9,5,0.00531691852423708,0.31902
"woden","0_10",0.008775,1.3509262485482,0.246635757280942,0,73.35,23.625,3.025,0,0.0118543778310105,0.11854
"woden","10_20",0.00585,1.5096443452381,0.210069553241103,0,67.55,28.2,4.25,0,0.00883141941964289,0.08831
"woden","20_40",0.008775,1.50104635443921,0.215883238671701,0,65.1,28.75,6.15,0,0.0131716817602041,0.26343
"woden","40_100",0.010725,1.59451747615447,0.19649269329816,0,59.85,25.3125,14.8375,0,0.0171011999317567,1.02607
"wrightsville","0_10",0.0210688888888889,1.42666666666667,0.11060440015358,3,18.3555555555556,59.0555555555556,22.5888888888889,1.44444444444444,0.0296241063045268,0.29624
"wrightsville","10_20",0.0078,1.67,0.210069553241103,1,15.5428571428571,58,26.4571428571429,0.142857142857143,0.0130073914285714,0.13007
"wrightsville","20_40",0.0101833333333333,1.598,0.0807465169527454,5,17.7111111111111,56.0666666666667,26.2222222222222,0.222222222222222,0.0162368045185185,0.32474
"wrightsville","40_100",0.0237388888888889,1.78454545454545,0.0951171526448975,11,11.9222222222222,45.3555555555556,42.7222222222222,0,0.0423631262626262,2.54179
