"soil_name","horizon","sand","silt","clay","frag","bulk_density","bulk_density_sd","n","n_per","n_g_m2","total_n_horizon"
"acadia","0_10",58.5,36.4,5.1,2,1.4,0.246635757280942,1,0.057,7.8204e-06,8e-05
"acadia","10_20",46.7895312870223,30.4653139464118,15.1362533561418,2.95214027796427,1.5096443452381,0.210069553241103,0,0.04,5.86031010587326e-06,6e-05
"acadia","20_40",40.9,37.5,21.6,2,1.62,0.215883238671701,1,0.023,3.65148e-06,7e-05
"acadia","40_100",35.8333333333333,33.0333333333333,31.1333333333333,1.66666666666667,1.81,0.05,3,0.023,4.09361666666667e-06,0.00025
"albany","0_10",46.4333333333333,7.40555555555556,2.86666666666667,0.0555555555555556,1.6,0.246635757280942,1,0.058,9.27484444444444e-06,9e-05
"albany","10_20",45.6285714285714,5.97142857142857,2.24285714285714,0,1.5096443452381,0.210069553241103,0,0.037,5.58568407738097e-06,6e-05
"albany","20_40",57.1647058823529,7.74444444444444,2.60555555555556,0.0555555555555556,1.69,0.014142135623731,2,0.016,2.70249777777778e-06,5e-05
"albany","40_100",53.5452830188679,6.73962264150943,2.40754716981132,0.0754716981132075,1.74666666666667,0.0956382071489562,6,0.0055,9.59941635220128e-07,6e-05
"allanton","0_10",21.2,6.2,7.8,0,1.3509262485482,0.246635757280942,0,NA,NA,NA
"allanton","10_20",95.2,6.5,2,0,1.5096443452381,0.210069553241103,0,NA,NA,NA
"allanton","20_40",17.25,8.15,3.05,0,1.50104635443921,0.215883238671701,0,NA,NA,NA
"allanton","40_100",68.1,7,2.68,0,1.59451747615447,0.19649269329816,0,NA,NA,NA
"angelina","0_10",30.2,40.5,29.3,0,1.53,0.246635757280942,1,0.138,2.1114e-05,0.00021
"angelina","10_20",46.7895312870223,30.4653139464118,15.1362533561418,2.95214027796427,1.5096443452381,0.210069553241103,0,0.1415,2.07308469995267e-05,0.00021
"angelina","20_40",16.6,42.1,41.3,0,1.81,0.215883238671701,1,0.145,2.6245e-05,0.00052
"angelina","40_100",52.5333333333333,22.9666666666667,24.5,0,1.69666666666667,0.0550757054728611,3,0.0763333333333333,1.29512222222222e-05,0.00078
"appling","0_10",65.0666666666667,21.1333333333333,12.6,4,1.3509262485482,0.246635757280942,0,0.1135,1.47196924041812e-05,0.00015
"appling","10_20",31.175,38.425,15.125,0,1.5096443452381,0.210069553241103,0,0.0555,8.37852611607146e-06,8e-05
"appling","20_40",36.8,20.6,42.6,0,1.50104635443921,0.215883238671701,0,0.044,6.60460395953252e-06,0.00013
"appling","40_100",42.0181818181818,25.5,32.9090909090909,2.72727272727273,1.31,0.19649269329816,1,0.0325,4.14138636363636e-06,0.00025
"arkana","0_10",26.26875,54.1375,19.6,0,1.3509262485482,0.246635757280942,0,NA,NA,NA
"arkana","10_20",26.5285714285714,49.4571428571429,24.0142857142857,0,1.5096443452381,0.210069553241103,0,NA,NA,NA
"arkana","20_40",19.9578947368421,39.3421052631579,40.6947368421053,0,1.50104635443921,0.215883238671701,0,NA,NA,NA
"arkana","40_100",11.5108108108108,26.2378378378378,62.2378378378378,0,1.59451747615447,0.19649269329816,0,NA,NA,NA
"ashe","0_10",48.7666666666667,35.2333333333333,16,6.33333333333333,1.26,0.246635757280942,1,NA,NA,NA
"ashe","10_20",49.2,36.75,14.05,2,1.5096443452381,0.210069553241103,0,NA,NA,NA
"ashe","20_40",63.5,22.7,13.8,1,1.58,0.215883238671701,1,NA,NA,NA
"ashe","40_100",59.06,27.64,13.3,8,1.79,0.19649269329816,1,NA,NA,NA
"ashlar","0_10",48.2886660985049,31.5216808172776,14.2365984772959,2.55253239021966,1.3509262485482,0.246635757280942,0,0.041,5.39741801579272e-06,5e-05
"ashlar","10_20",46.7895312870223,30.4653139464118,15.1362533561418,2.95214027796427,1.5096443452381,0.210069553241103,0,0.041,6.0068178585201e-06,6e-05
"ashlar","20_40",74.2,20.1,5.7,14,1.57,0.215883238671701,1,0.041,5.53582e-06,0.00011
"ashlar","40_100",75.2,19.4,5.4,30,1.55,0.19649269329816,1,0.023,2.4955e-06,0.00015
"attoyac","0_10",64.0333333333333,31.7333333333333,4.23333333333333,0.333333333333333,1.63,0.226274169979695,2,0.027,4.38633e-06,4e-05
"attoyac","10_20",72.75,24.25,3,1,1.585,0.134350288425444,2,0.0445,6.9827175e-06,7e-05
"attoyac","20_40",61.2333333333333,30.45,8.31666666666667,0.333333333333333,1.648,0.122351951353462,5,0.0302,4.96037013333333e-06,1e-04
"attoyac","40_100",49.0545454545455,26.5636363636364,24.3818181818182,0.181818181818182,1.7775,0.0337003603202442,8,0.0192857142857143,3.42180292207792e-06,0.00021
"bayboro","0_10",44.8,20.4,34.8,0,1.3509262485482,0.246635757280942,0,NA,NA,NA
"bayboro","10_20",36,31.2666666666667,32.7333333333333,0,1.5096443452381,0.210069553241103,0,NA,NA,NA
"bayboro","20_40",31.95,32.85,35.2,0,1.50104635443921,0.215883238671701,0,NA,NA,NA
"bayboro","40_100",26.6666666666667,24.5,48.8333333333333,0,1.59451747615447,0.19649269329816,0,NA,NA,NA
"beauregard","0_10",39.1833333333333,55.1333333333333,5.68333333333333,1.16666666666667,1.39,0.246635757280942,1,0.1235,1.69662241666667e-05,0.00017
"beauregard","10_20",36.0666666666667,54.7,9.23333333333333,1,1.6,0.210069553241103,1,0.0235,3.7224e-06,4e-05
"beauregard","20_40",30.8166666666667,52.3666666666667,16.8166666666667,1,1.62,0.215883238671701,1,0.0205,3.28779e-06,7e-05
"beauregard","40_100",27.90625,52.375,19.71875,1.25,1.70666666666667,0.0850490054811538,3,0.016,2.69653333333334e-06,0.00016
"benndale","0_10",71.4,18.95,9.65,0.5,1.53,0.246635757280942,1,NA,NA,NA
"benndale","10_20",46.7895312870223,30.4653139464118,15.1362533561418,2.95214027796427,1.5096443452381,0.210069553241103,0,NA,NA,NA
"benndale","20_40",64.15,20.1,15.75,0,1.63,0.215883238671701,1,NA,NA,NA
"benndale","40_100",69.12,17.16,13.72,0.6,1.69,0.0173205080756888,3,NA,NA,NA
"bernaldo","0_10",62.0666666666667,35.5,2.43333333333333,0,1.3509262485482,0.246635757280942,0,0.1645,2.22227367886179e-05,0.00022
"bernaldo","10_20",52.3,42.1,5.6,0,1.44,0.210069553241103,1,0.0859166666666667,1.2372e-05,0.00012
"bernaldo","20_40",56.625,37.875,5.5,0,1.51,0.0800000000000001,3,0.00733333333333333,1.10733333333333e-06,2e-05
"bernaldo","40_100",41.4857142857143,32.4428571428571,26.0714285714286,0.142857142857143,1.67142857142857,0.0817370930542087,7,0.0152,2.53694204081632e-06,0.00015
"besner","0_10",66,31.2,2.8,0,1.24,0.246635757280942,1,NA,NA,NA
"besner","10_20",46.7895312870223,30.4653139464118,15.1362533561418,2.95214027796427,1.5096443452381,0.210069553241103,0,NA,NA,NA
"besner","20_40",65.45,31.85,2.7,0,1.47,0.014142135623731,2,NA,NA,NA
"besner","40_100",61.6,35.62,2.78,0,1.688,0.148895936814945,5,NA,NA,NA
"bethera","0_10",48.9,54.65,31.7,0,1.27,0.246635757280942,1,0.278,3.5306e-05,0.00035
"bethera","10_20",6.8,51.5,24.3,0,1.5096443452381,0.210069553241103,0,0.211,3.18534956845239e-05,0.00032
"bethera","20_40",46.1,49.95,38.55,0,1.34,0.215883238671701,1,0.144,1.9296e-05,0.00039
"bethera","40_100",15.5666666666667,30.1,53.9,0,1.74,0.19649269329816,1,0.062,1.0788e-05,0.00065
"betis","0_10",48.2886660985049,31.5216808172776,14.2365984772959,2.55253239021966,1.3509262485482,0.246635757280942,0,0.0525,6.91132794705165e-06,7e-05
"betis","10_20",90.85,7.35,1.8,0,1.5096443452381,0.210069553241103,0,0.0525,7.92563281250003e-06,8e-05
"betis","20_40",84.3,13.1,2.6,0,1.50104635443921,0.215883238671701,0,0.018,2.70188343799058e-06,5e-05
"betis","40_100",86.76,9.2,4.04,0,1.72,0.19649269329816,1,0.0205,3.526e-06,0.00021
"bibb","0_10",70.375,21.9,7.725,0,1.3509262485482,0.246635757280942,0,0.253,3.41784340882695e-05,0.00034
"bibb","10_20",48.3,37.55,14.05,0,1.5096443452381,0.210069553241103,0,0.178666666666667,2.69723123015874e-05,0.00027
"bibb","20_40",61.52,27.56,10.88,0,1.14,0.215883238671701,1,0.104333333333333,1.1894e-05,0.00024
"bibb","40_100",76.28,15.69,7.99,0.2,1.38,0.127279220613579,2,0.0803333333333333,1.1063828e-05,0.00066
"blanton","0_10",54.0944444444444,6.24736842105263,2.58947368421053,0,1.45,0.246635757280942,1,0.103,1.4935e-05,0.00015
"blanton","10_20",64.475,8.375,2.9875,0,1.5096443452381,0.210069553241103,0,0.044,6.64243511904764e-06,7e-05
"blanton","20_40",51.1769230769231,7.76428571428571,3.35714285714286,0,1.50104635443921,0.215883238671701,0,0.023,3.45240661521018e-06,7e-05
"blanton","40_100",58.4387755102041,6.66734693877551,2.73877551020408,0,1.57,0.0264575131106459,3,0.0076,1.1932e-06,7e-05
"bonneau","0_10",76.54,11.3454545454545,4.59090909090909,1.81818181818182,1.66,0.246635757280942,1,0.1756,2.86196072727273e-05,0.00029
"bonneau","10_20",75.9833333333333,8.43333333333333,2.73333333333333,4.16666666666667,1.81,0.210069553241103,1,0.041,7.11179166666667e-06,7e-05
"bonneau","20_40",65.4692307692308,11.6076923076923,6.16923076923077,1.46153846153846,1.50104635443921,0.215883238671701,0,0.022,3.25403756621583e-06,7e-05
"bonneau","40_100",55.8648148148148,9.37592592592593,18.2851851851852,1.18518518518519,1.64,0.0299999999999999,3,0.0242608695652174,3.93162666666667e-06,0.00024
"boulogne","0_10",59.3333333333333,4.66666666666667,1.86666666666667,0,1.3509262485482,0.246635757280942,0,NA,NA,NA
"boulogne","10_20",46.7895312870223,30.4653139464118,15.1362533561418,2.95214027796427,1.5096443452381,0.210069553241103,0,NA,NA,NA
"boulogne","20_40",33.675,5.22,2.54,0,1.50104635443921,0.215883238671701,0,NA,NA,NA
"boulogne","40_100",67.5444444444445,4.33,2.65,0,1.59451747615447,0.19649269329816,0,NA,NA,NA
"bude","0_10",24.4,65.55,10.05,0,1.54,0.127279220613579,2,NA,NA,NA
"bude","10_20",46.7895312870223,30.4653139464118,15.1362533561418,2.95214027796427,1.5096443452381,0.210069553241103,0,NA,NA,NA
"bude","20_40",16.15,64.55,19.3,0,1.50104635443921,0.215883238671701,0,NA,NA,NA
"bude","40_100",14.8888888888889,61.2222222222222,23.8888888888889,0,1.675,0.124766448481419,4,NA,NA,NA
"burton","0_10",55.0444444444444,29.3111111111111,20.5125,11.7777777777778,0.7225,0.12737739202857,4,0.9442,6.01838325555555e-05,6e-04
"burton","10_20",55.35,28.125,16.525,5.25,0.935,0.275771644662753,2,0.4025,3.5657978125e-05,0.00036
"burton","20_40",54.7625,30.6875,14.55,15.75,1.046,0.114367827643966,5,0.278,2.4498889e-05,0.00049
"burton","40_100",56.1636363636364,30.5181818181818,13.3181818181818,10.7272727272727,1.27166666666667,0.0847152091815081,6,0.0782,8.87766684848488e-06,0.00053
"caddo","0_10",24.4285714285714,69.4571428571429,6.11428571428571,0.714285714285714,1.465,0.0494974746830584,2,0.0675,9.81811607142857e-06,1e-04
"caddo","10_20",19.1,69.575,11.325,0.5,1.6,0.210069553241103,1,0.0286666666666667,4.56373333333333e-06,5e-05
"caddo","20_40",21.4,66.675,11.925,0.25,1.685,0.0212132034355964,2,0.02,3.361575e-06,7e-05
"caddo","40_100",18.26875,63.74375,17.9875,0.3125,1.7075,0.0713559154286921,4,0.0155,2.638354296875e-06,0.00016
"cahaba","0_10",51.35,34.175,14.4666666666667,0,1.4,0.0556776436283002,3,0.1812,2.5368e-05,0.00025
"cahaba","10_20",51.3,31.5,17.2,0,1.37,0.210069553241103,1,0.175,2.3975e-05,0.00024
"cahaba","20_40",47.9466666666667,32.9,19.14,0,1.47333333333333,0.0757187779440037,3,0.09325,1.37388333333333e-05,0.00027
"cahaba","40_100",46.1545454545455,28.3606060606061,25.469696969697,0,1.526,0.0439317652729776,5,0.0772,1.178072e-05,0.00071
"carnasaw","0_10",27.6,61.4,10.975,8.25,1.5,0.325269119345812,2,NA,NA,NA
"carnasaw","10_20",29.775,56.975,14.3,9.75,1.59,0.0565685424949237,2,NA,NA,NA
"carnasaw","20_40",11.4333333333333,36.4666666666667,52.0666666666667,4.66666666666667,1.43333333333333,0.155349069303081,3,NA,NA,NA
"carnasaw","40_100",15.6923076923077,33.7153846153846,51.8769230769231,5.61538461538461,1.55142857142857,0.110064915910047,7,NA,NA,NA
"cartecay","0_10",53.1,26,20.9,0,1.3509262485482,0.246635757280942,0,NA,NA,NA
"cartecay","10_20",46.7895312870223,30.4653139464118,15.1362533561418,2.95214027796427,1.5096443452381,0.210069553241103,0,NA,NA,NA
"cartecay","20_40",71.2,16.3,12.5,0,1.50104635443921,0.215883238671701,0,NA,NA,NA
"cartecay","40_100",69,18.8,12.2,0,1.59451747615447,0.19649269329816,0,NA,NA,NA
"cashiers","0_10",54.6,25.6,19.8,8,1.3509262485482,0.246635757280942,0,0.308,3.82798461788618e-05,0.00038
"cashiers","10_20",46.7895312870223,30.4653139464118,15.1362533561418,2.95214027796427,1.5096443452381,0.210069553241103,0,0.221,3.23782133349498e-05,0.00032
"cashiers","20_40",59.3,23,17.7,9,1.04,0.215883238671701,1,0.134,1.268176e-05,0.00025
"cashiers","40_100",66.4,18.5,15.1,7.5,1.31,0.0989949493661166,2,0.064,7.7552e-06,0.00047
"cataula","0_10",66.2,18.5,15.3,4,1.39,0.246635757280942,1,0.136,1.814784e-05,0.00018
"cataula","10_20",68,18,14,11,1.72,0.210069553241103,1,0.045,6.8886e-06,7e-05
"cataula","20_40",36.7,13.5,49.8,4,1.51,0.215883238671701,1,0.071,1.029216e-05,0.00021
"cataula","40_100",32.0333333333333,15.6,52.3666666666667,2.66666666666667,1.505,0.120208152801713,2,0.0333333333333333,4.88288888888889e-06,0.00029
"cecil","0_10",58.4710526315789,21.9894736842105,21.9684210526316,6.13157894736842,1.58571428571429,0.13226956602045,7,0.193060606060606,2.87367808954205e-05,0.00029
"cecil","10_20",53.74,20.095,29.655,5.6,1.64666666666667,0.102143689640297,3,0.0673333333333333,1.04666524444445e-05,1e-04
"cecil","20_40",46.504347826087,20.4652173913043,36.6217391304348,5.21739130434783,1.59083333333333,0.124568953766275,12,0.0398181818181818,6.00391818181817e-06,0.00012
"cecil","40_100",35.9277777777778,21.0986111111111,42.8472222222222,2.30555555555556,1.498,0.097689087900015,20,0.0298965517241379,4.37524906321839e-06,0.00026
"chandler","0_10",40.35,22.05,29.3,22,1.3509262485482,0.246635757280942,0,0.2475,2.6079631228223e-05,0.00026
"chandler","10_20",65,22,13,47,1.62,0.210069553241103,1,0.05,4.293e-06,4e-05
"chandler","20_40",44.2,18.4,37.4,10,1.50104635443921,0.215883238671701,0,0.049,6.61961442307692e-06,0.00013
"chandler","40_100",80.75,10.1,9.15,21.75,2.07666666666667,0.271538824725551,3,0.0236666666666667,3.84581361111112e-06,0.00023
"chestnut","0_10",34.7,48.6,14.6333333333333,3,1.3509262485482,0.246635757280942,0,1.325,0.000173627796094657,0.00174
"chestnut","10_20",46.7895312870223,30.4653139464118,15.1362533561418,2.95214027796427,1.5096443452381,0.210069553241103,0,0.6975,0.000102189157471165,0.00102
"chestnut","20_40",42.05,37.05,20.9,10,1.13,0.215883238671701,1,0.07,7.119e-06,0.00014
"chestnut","40_100",65,29.3,5.7,1.66666666666667,1.45,0.0989949493661167,2,0.07,9.98083333333333e-06,6e-04
"chewacla","0_10",13.0714285714286,48.3571428571429,38.5714285714286,1.28571428571429,1.355,0.190918830920368,2,0.4114,5.50279824285714e-05,0.00055
"chewacla","10_20",12.45,41,46.55,0.5,1.5096443452381,0.210069553241103,0,0.143,2.14799745662203e-05,0.00021
"chewacla","20_40",11.45,48.925,39.625,3.5,1.48,0.0692820323027551,3,0.105,1.49961e-05,3e-04
"chewacla","40_100",15.65,46.3285714285714,38.0214285714286,0.5,1.53333333333333,0.118462370959446,3,0.0743,1.13357033333333e-05,0.00068
"clarksville","0_10",26.5863905325444,63.2307692307692,10.1786982248521,0.93491124260355,1.3509262485482,0.246635757280942,0,0.1765,2.36209294685724e-05,0.00024
"clarksville","10_20",24.1833333333333,65.2088235294118,10.6098039215686,0.235294117647059,1.5096443452381,0.210069553241103,0,0.08,1.20487379271709e-05,0.00012
"clarksville","20_40",24.6770491803279,62.575956284153,12.7448087431694,1.2568306010929,1.50104635443921,0.215883238671701,0,0.041,6.07694105253212e-06,0.00012
"clarksville","40_100",26.1935546875,46.393359375,27.41328125,1.05078125,2.04,0.0916515138991169,3,0.0543333333333333,1.096753140625e-05,0.00066
"clebit","0_10",57.1,28.5,14.4,10,1.48,0.246635757280942,1,NA,NA,NA
"clebit","10_20",46.7895312870223,30.4653139464118,15.1362533561418,2.95214027796427,1.5096443452381,0.210069553241103,0,NA,NA,NA
"clebit","20_40",56.5,30,13.5,14,1.51,0.215883238671701,1,NA,NA,NA
"clebit","40_100",47.1527031434407,24.7802985973975,23.2730709428291,3.29052854268621,1.59451747615447,0.19649269329816,0,NA,NA,NA
"clifton","0_10",36.05,35.75,28.2,11.375,1.29857142857143,0.108386433872598,7,0.230875,2.65704555133929e-05,0.00027
"clifton","10_20",27.4666666666667,37.0666666666667,35.4666666666667,2,1.53,0.0916515138991168,3,0.0675,1.012095e-05,1e-04
"clifton","20_40",28.0125,31.425,40.5625,5.75,1.47166666666667,0.0820771994324043,6,0.0555,7.69810437500002e-06,0.00015
"clifton","40_100",38.1909090909091,27.1363636363636,34.6727272727273,5.45454545454545,1.3935,0.106389304963076,20,0.0346470588235294,4.5647185026738e-06,0.00027
"congaree","0_10",48.2886660985049,31.5216808172776,14.2365984772959,2.55253239021966,1.3509262485482,0.246635757280942,0,NA,NA,NA
"congaree","10_20",53.2,29,17.8,0,1.5096443452381,0.210069553241103,0,NA,NA,NA
"congaree","20_40",44.6474010593,29.3694540148412,19.535668248824,2.4242495503916,1.50104635443921,0.215883238671701,0,NA,NA,NA
"congaree","40_100",43.05,35.725,21.225,0,1.59451747615447,0.19649269329816,0,NA,NA,NA
"cowarts","0_10",73.7916666666667,9.60833333333333,8.75,3.83333333333333,1.525,0.088881944173156,4,0.08225,1.20623052083333e-05,0.00012
"cowarts","10_20",79.2,10.26,10.54,3.4,1.65,0.0282842712474619,2,0.061625,9.82240875e-06,1e-04
"cowarts","20_40",65.7857142857143,8.22857142857143,23.6357142857143,5.42857142857143,1.66333333333333,0.091796877216312,6,0.041,6.44945619047618e-06,0.00013
"cowarts","40_100",61.2027777777778,6.44864864864865,31.6567567567568,2.75675675675676,1.70055555555556,0.108653373420044,18,0.0169,2.79471138438439e-06,0.00017
"cowee","0_10",67.2,20.6,12.2,20,1.33,0.246635757280942,1,0.088,9.3632e-06,9e-05
"cowee","10_20",46.7895312870223,30.4653139464118,15.1362533561418,2.95214027796427,1.5096443452381,0.210069553241103,0,0.0525,7.69165701395866e-06,8e-05
"cowee","20_40",62.8,18.6,18.6,17,1.64,0.215883238671701,1,0.017,2.31404e-06,5e-05
"cowee","40_100",78.9666666666667,9.6,11.4333333333333,18.3333333333333,1.83,0.395979797464466,2,0.014,2.0923e-06,0.00013
"craggey","0_10",60.075,33.2,23.625,6.75,0.76,0.10816653826392,3,0.789,5.591643e-05,0.00056
"craggey","10_20",71.85,20.6,7.55,21,1.04,0.210069553241103,1,0.3505,2.879708e-05,0.00029
"craggey","20_40",79.6666666666667,16.9,3.43333333333333,20.3333333333333,0.97,0.215883238671701,1,0.171666666666667,1.32658277777778e-05,0.00027
"craggey","40_100",68.1,23.5,8.4,20,1.59451747615447,0.19649269329816,0,0.236,3.01044899497964e-05,0.00181
"craven","0_10",23.3,67.2,9.5,0,1.45,0.014142135623731,2,0.0555,8.0475e-06,8e-05
"craven","10_20",25.9,63.9,10.2,0,1.62,0.210069553241103,1,0.025,4.05e-06,4e-05
"craven","20_40",15.0666666666667,57.7666666666667,27.1666666666667,0,1.58333333333333,0.153079500042734,3,0.0286666666666667,4.53888888888888e-06,9e-05
"craven","40_100",15.24,38.26,46.5,0,1.588,0.0402492235949962,5,0.034,5.3992e-06,0.00032
"cullasaja","0_10",58.7,29,12.3,57,0.925,0.0353553390593273,2,0.386,1.535315e-05,0.00015
"cullasaja","10_20",55.3,23.7,21,51,0.84,0.210069553241103,1,0.618,2.543688e-05,0.00025
"cullasaja","20_40",58.0666666666667,28.8,13.1333333333333,46.6666666666667,1.32666666666667,0.319426569548204,3,0.196,1.38680888888889e-05,0.00028
"cullasaja","40_100",63.9428571428571,23.8571428571429,12.2,58.8571428571429,1.54666666666667,0.185022521151706,3,0.06725,4.27940571428572e-06,0.00026
"davidson","0_10",47.1571428571429,23.3,29.5428571428571,1,1.59,0.12,3,0.157,2.471337e-05,0.00025
"davidson","10_20",30.9333333333333,34.0333333333333,30.7,1.33333333333333,1.5096443452381,0.210069553241103,0,0.083,1.23629807579365e-05,0.00012
"davidson","20_40",40.1,20.9666666666667,38.9333333333333,0.666666666666667,1.5725,0.0206155281280883,4,0.0516,8.060006e-06,0.00016
"davidson","40_100",27.2,16.3357142857143,56.4642857142857,0.785714285714286,1.57666666666667,0.104626319187223,6,0.0235,3.67605464285715e-06,0.00022
"dorovan","0_10",48.2886660985049,31.5216808172776,14.2365984772959,2.55253239021966,1.3509262485482,0.246635757280942,0,NA,NA,NA
"dorovan","10_20",21,0.1,17.9,0,1.5096443452381,0.210069553241103,0,NA,NA,NA
"dorovan","20_40",44.6474010593,29.3694540148412,19.535668248824,2.4242495503916,1.50104635443921,0.215883238671701,0,NA,NA,NA
"dorovan","40_100",65.3,0.8,22.2,0,1.59451747615447,0.19649269329816,0,NA,NA,NA
"dothan","0_10",74.3809523809524,14.13125,7.63125,1.8125,1.405,0.346482322781408,2,0.304142857142857,4.19575526339286e-05,0.00042
"dothan","10_20",78.5595238095238,13.047619047619,7.08095238095238,2.19047619047619,1.65666666666667,0.124525767079214,6,0.0809655172413793,1.31194724904215e-05,0.00013
"dothan","20_40",66.6610169491525,13.3305084745763,15.0779661016949,2.91525423728814,1.778,0.0834865258589673,5,0.0288684210526316,4.98317094023194e-06,1e-04
"dothan","40_100",55.375,12.6240740740741,27.6231481481481,3.31481481481481,1.636,0.068677992593455,25,0.0197,3.11608617037037e-06,0.00019
"duplin","0_10",37.2,23.2,9.4,0,1.3509262485482,0.246635757280942,0,NA,NA,NA
"duplin","10_20",7.3,17.8,12,0,1.5096443452381,0.210069553241103,0,NA,NA,NA
"duplin","20_40",52.9333333333333,21.7666666666667,24.9333333333333,0,1.50104635443921,0.215883238671701,0,NA,NA,NA
"duplin","40_100",38.5,18.2857142857143,49.5714285714286,0,1.59451747615447,0.19649269329816,0,NA,NA,NA
"edneyville","0_10",32.7,38.7,28.6,5,0.82,0.246635757280942,1,0.232,1.80728e-05,0.00018
"edneyville","10_20",36.5,34.2,29.3,2,1.19,0.210069553241103,1,0.036,4.19832e-06,4e-05
"edneyville","20_40",44.6474010593,29.3694540148412,19.535668248824,2.4242495503916,1.50104635443921,0.215883238671701,0,0.02275,3.33209523223975e-06,7e-05
"edneyville","40_100",66.5,24.24,9.26,0.6,1.075,0.0493288286231624,4,0.0095,1.0151225e-06,6e-05
"enon","0_10",60.1,29.95,9.95,27.5,1.07,0.246635757280942,1,0.252,1.95489e-05,2e-04
"enon","10_20",46.3,40.6,13.1,29,1.48,0.210069553241103,1,0.054,5.67432e-06,6e-05
"enon","20_40",30.75,19.9,49.35,8,1.52,0.215883238671701,1,0.056,7.83104e-06,0.00016
"enon","40_100",32.3857142857143,17.5285714285714,50.0857142857143,2.57142857142857,1.76333333333333,0.0873689494805411,3,0.04,6.87196190476189e-06,0.00041
"escambia","0_10",60.7333333333333,29.2666666666667,7.6,0,1.3509262485482,0.246635757280942,0,0.067,9.05120586527294e-06,9e-05
"escambia","10_20",48.525,31.9,6.7,0.5,1.33,0.210069553241103,1,0.067,8.866445e-06,9e-05
"escambia","20_40",49.56,29.92,9.44,0.6,1.7,0.215883238671701,1,0.013,2.19674e-06,4e-05
"escambia","40_100",57.0076923076923,29.0076923076923,15.3538461538462,0.615384615384615,1.78,0.0282842712474619,2,0.009,1.59214153846154e-06,1e-04
"estate","0_10",45.975,45.375,8.65,0,1.3509262485482,0.246635757280942,0,NA,NA,NA
"estate","10_20",37.175,47.8,15.025,0,1.64,0.210069553241103,1,NA,NA,NA
"estate","20_40",23.96,49.14,26.9,0,1.50104635443921,0.215883238671701,0,NA,NA,NA
"estate","40_100",29.3923076923077,30,40.6076923076923,0,1.74,0.19649269329816,1,NA,NA,NA
"esto","0_10",57.84,13.68,11.89,0,1.3509262485482,0.246635757280942,0,NA,NA,NA
"esto","10_20",38.78,18.04,21.58,0,1.5096443452381,0.210069553241103,0,NA,NA,NA
"esto","20_40",38.5363636363636,13.2272727272727,39.6,0,1.50104635443921,0.215883238671701,0,NA,NA,NA
"esto","40_100",44.1565217391304,8.68695652173913,53.5130434782609,0,1.59451747615447,0.19649269329816,0,NA,NA,NA
"evard","0_10",49.9,28.7,21.4,6,1.3509262485482,0.246635757280942,0,0.139,1.76512023635308e-05,0.00018
"evard","10_20",46.7895312870223,30.4653139464118,15.1362533561418,2.95214027796427,1.5096443452381,0.210069553241103,0,0.0905,1.32589516145383e-05,0.00013
"evard","20_40",40.6,32.8,26.6,4,1.49,0.215883238671701,1,0.042,6.00768e-06,0.00012
"evard","40_100",42.05,26.35,31.6,4,1.555,0.0636396103067893,2,0.015,2.2392e-06,0.00013
"evergreen","0_10",48.2886660985049,31.5216808172776,14.2365984772959,2.55253239021966,1.3509262485482,0.246635757280942,0,NA,NA,NA
"evergreen","10_20",46.7895312870223,30.4653139464118,15.1362533561418,2.95214027796427,1.5096443452381,0.210069553241103,0,NA,NA,NA
"evergreen","20_40",56.1333333333333,4.9,4.2,0,1.50104635443921,0.215883238671701,0,NA,NA,NA
"evergreen","40_100",44.9,1.45,1.75,0,1.59451747615447,0.19649269329816,0,NA,NA,NA
"fannin","0_10",40.3833333333333,29.0833333333333,21.1,4.5,1.19,0.212132034355964,2,0.452666666666667,5.14433033333333e-05,0.00051
"fannin","10_20",61.55,18.7,19.75,13.5,1.305,0.0212132034355964,2,0.056,6.32142e-06,6e-05
"fannin","20_40",48.36,17.68,33.96,2.8,1.3075,0.0590903263374528,4,0.0534,6.7865526e-06,0.00014
"fannin","40_100",62.5631578947368,17.3736842105263,20.0631578947368,9.05263157894737,1.35818181818182,0.124082084268292,11,0.0270526315789474,3.34162389322589e-06,2e-04
"forestdale","0_10",14.2272727272727,52.6,33.1636363636364,0,1.595,0.141539158303748,4,0.095,1.51525e-05,0.00015
"forestdale","10_20",12.8125,52.2875,34.9,0,1.5096443452381,0.210069553241103,0,0.076,1.14732970238096e-05,0.00011
"forestdale","20_40",9.60769230769231,52.8,37.5923076923077,0,1.686,0.133341666406266,5,0.057,9.6102e-06,0.00019
"forestdale","40_100",12.1447368421053,44.3947368421053,43.4631578947368,0,1.70538461538462,0.08471672253412,13,0.0516666666666667,8.81115384615387e-06,0.00053
"foxworth","0_10",44.8055555555556,3.75,1.8,0,1.3509262485482,0.246635757280942,0,0.008,1.08074099883856e-06,1e-05
"foxworth","10_20",78.3222222222222,3.52222222222222,1.74444444444444,0,1.5096443452381,0.210069553241103,0,0.042,6.34050625000002e-06,6e-05
"foxworth","20_40",58.0875,4.1625,1.8125,0,1.50104635443921,0.215883238671701,0,0.026375,3.95900975983342e-06,8e-05
"foxworth","40_100",69.3025641025641,3.5325,2.055,0,1.795,0.00707106781186548,2,0.01075,1.929625e-06,0.00012
"fuquay","0_10",75.1590909090909,12.25,4.24090909090909,3.04545454545455,1.43,0.246635757280942,1,0.239583333333333,3.321703125e-05,0.00033
"fuquay","10_20",77.2076923076923,9.32307692307692,3.96153846153846,5.69230769230769,1.805,0.106066017177982,2,0.0381,6.48558715384615e-06,6e-05
"fuquay","20_40",65.6533333333333,11.1866666666667,5.38666666666667,7.2,1.69,0.215883238671701,1,0.0204285714285714,3.20385371428571e-06,6e-05
"fuquay","40_100",67.2641509433962,9.54339622641509,13.9320754716981,1.75471698113208,1.704,0.045752959831396,10,0.0174,2.91293334339623e-06,0.00017
"glenmora","0_10",43.3,50.9,5.8,0,1.42,0.246635757280942,1,0.085,1.207e-05,0.00012
"glenmora","10_20",46.7895312870223,30.4653139464118,15.1362533561418,2.95214027796427,1.5096443452381,0.210069553241103,0,0.058,8.49744965351623e-06,8e-05
"glenmora","20_40",35.7,52.1,12.2,1,1.59,0.215883238671701,1,0.031,4.87971e-06,1e-04
"glenmora","40_100",30.15,51.2,18.65,2,1.635,0.0353553390593273,2,0.0245,3.925635e-06,0.00024
"goldsboro","0_10",64.5333333333333,28.7,10,0,1.38,0.246635757280942,1,0.337,4.6506e-05,0.00047
"goldsboro","10_20",74.78,18.88,6.34,0.2,1.5096443452381,0.210069553241103,0,0.057,8.58776282232146e-06,9e-05
"goldsboro","20_40",61.5916666666667,26.8666666666667,11.5416666666667,0.166666666666667,1.55,0.062449979983984,3,0.0195,3.0174625e-06,6e-05
"goldsboro","40_100",56.004,22.38,21.62,0.2,1.668,0.0396232255123179,5,0.0181666666666667,3.0241396e-06,0.00018
"greenville","0_10",64.2727272727273,17.5272727272727,20.4818181818182,0,1.765,0.109498858441538,6,0.094,1.6591e-05,0.00017
"greenville","10_20",51.3,24.32,24.38,0,1.69,0.0707106781186548,2,0.071,1.1999e-05,0.00012
"greenville","20_40",45.08,16.9333333333333,40.22,0,1.6375,0.0747854072854935,8,0.0255,4.175625e-06,8e-05
"greenville","40_100",41.9485714285714,14.68,43.0828571428571,0,1.62611111111111,0.0825433140406324,18,0.011,1.78872222222222e-06,0.00011
"guyton","0_10",29.45,54.3666666666667,15.9666666666667,0,1.4525,0.097082439194738,4,0.248,3.6022e-05,0.00036
"guyton","10_20",20.65,59.5,19.85,0,1.655,0.120208152801713,2,0.1045,1.729475e-05,0.00017
"guyton","20_40",21.06,64.76,14.18,0,1.58,0.0724568837309472,5,0.0492,7.7736e-06,0.00016
"guyton","40_100",19.3916666666667,57.5333333333333,23.075,0.25,1.646,0.135088448391744,10,0.0423,6.94517355e-06,0.00042
"gwinnett","0_10",48.6333333333333,31,20.3666666666667,0,1.3509262485482,0.246635757280942,0,NA,NA,NA
"gwinnett","10_20",46.7895312870223,30.4653139464118,15.1362533561418,2.95214027796427,1.5096443452381,0.210069553241103,0,NA,NA,NA
"gwinnett","20_40",26,35.6,38.4,0,1.50104635443921,0.215883238671701,0,NA,NA,NA
"gwinnett","40_100",37.55,20.75,41.7,0,1.59451747615447,0.19649269329816,0,NA,NA,NA
"hard labor","0_10",75.3,17.9,6.8,0,1.3509262485482,0.246635757280942,0,NA,NA,NA
"hard labor","10_20",79.9,15.3,4.8,0,1.5096443452381,0.210069553241103,0,NA,NA,NA
"hard labor","20_40",75.9,18.1,6,0,1.50104635443921,0.215883238671701,0,NA,NA,NA
"hard labor","40_100",36.75,14,49.25,0,1.59451747615447,0.19649269329816,0,NA,NA,NA
"harleston","0_10",67.8333333333333,27.5666666666667,4.6,0.333333333333333,1.28,0.246635757280942,1,NA,NA,NA
"harleston","10_20",44.5,45,10.5,2,1.49,0.210069553241103,1,NA,NA,NA
"harleston","20_40",53.45,34.9,11.65,0.25,1.565,0.0494974746830584,2,NA,NA,NA
"harleston","40_100",55.775,27.2375,16.9875,0.375,1.7,0.03,3,NA,NA,NA
"helena","0_10",76.75,32.45,11.3,0,1.3509262485482,0.246635757280942,0,0.044,5.94407549361208e-06,6e-05
"helena","10_20",46.7895312870223,30.4653139464118,15.1362533561418,2.95214027796427,1.5096443452381,0.210069553241103,0,0.04,5.86031010587326e-06,6e-05
"helena","20_40",27.4,31.6,17.75,0,1.50104635443921,0.215883238671701,0,0.036,5.40376687598116e-06,0.00011
"helena","40_100",21.875,20.575,48.175,0,1.59451747615447,0.19649269329816,0,0.045,7.17532864269512e-06,0.00043
"hemphill","0_10",48.2886660985049,31.5216808172776,14.2365984772959,2.55253239021966,1.3509262485482,0.246635757280942,0,0.2645,3.48199284189554e-05,0.00035
"hemphill","10_20",26.3,37.2,36.5,0,1.53,0.15556349186104,2,0.2645,4.04685e-05,4e-04
"hemphill","20_40",8.8,33.8,57.4,0,1.64,0.215883238671701,1,0.132,2.1648e-05,0.00043
"hemphill","40_100",35.5857142857143,35.3142857142857,29.1,0,1.45571428571429,0.11355720186425,7,0.0928,1.35090285714286e-05,0.00081
"hiwassee","0_10",31.3769230769231,29.2,39.4230769230769,1.46153846153846,1.60333333333333,0.159457413332421,6,0.1296,2.0475504e-05,2e-04
"hiwassee","10_20",57.1,22.525,20.375,3.25,1.645,0.0881286937760152,4,0.069,1.098160875e-05,0.00011
"hiwassee","20_40",23.7066666666667,22.0066666666667,54.2866666666667,1.13333333333333,1.625,0.0808879295250975,8,0.0715384615384615,1.149325e-05,0.00023
"hiwassee","40_100",22.7269230769231,23.0730769230769,55.0192307692308,0.846153846153846,1.56769230769231,0.0953199739608516,13,0.0418,6.49750577514794e-06,0.00039
"hurricane","0_10",46.3666666666667,3.52631578947368,1.56315789473684,0,1.3509262485482,0.246635757280942,0,0.072,9.72666898954704e-06,1e-04
"hurricane","10_20",62.3428571428571,3.44285714285714,1.3,0,1.5096443452381,0.210069553241103,0,0.0531666666666667,8.02627576884923e-06,8e-05
"hurricane","20_40",56.68,4.65454545454545,1.80909090909091,0,1.50104635443921,0.215883238671701,0,0.0343333333333333,5.15359248357462e-06,1e-04
"hurricane","40_100",51.8738095238095,3.25581395348837,1.62790697674419,0,1.59451747615447,0.19649269329816,0,0.0155,2.47150208803943e-06,0.00015
"kingsferry","0_10",46.6,4.3,1.1,0,1.3509262485482,0.246635757280942,0,NA,NA,NA
"kingsferry","10_20",55.8,3.6,1.3,0,1.5096443452381,0.210069553241103,0,NA,NA,NA
"kingsferry","20_40",32.4,5.5,1.4,0,1.50104635443921,0.215883238671701,0,NA,NA,NA
"kingsferry","40_100",67.22,4.6,2.52,0,1.59451747615447,0.19649269329816,0,NA,NA,NA
"kinston","0_10",1.3,40.6,46.3,0,1.3509262485482,0.246635757280942,0,NA,NA,NA
"kinston","10_20",21.1,33.7,29.3,0,1.5096443452381,0.210069553241103,0,NA,NA,NA
"kinston","20_40",44.6474010593,29.3694540148412,19.535668248824,2.4242495503916,1.50104635443921,0.215883238671701,0,NA,NA,NA
"kinston","40_100",41.05,34.15,32.7,0,1.59451747615447,0.19649269329816,0,NA,NA,NA
"kolin","0_10",33.9333333333333,57.8666666666667,8.2,0,1.435,0.0494974746830584,2,0.056,8.036e-06,8e-05
"kolin","10_20",23.1,64.6,12.3,0,1.53,0.210069553241103,1,0.038,5.814e-06,6e-05
"kolin","20_40",26.8666666666667,57.1333333333333,16,0.333333333333333,1.56,0.215883238671701,1,0.026,4.04248e-06,8e-05
"kolin","40_100",20.1545454545455,51.7818181818182,28.0636363636364,0.545454545454545,1.706,0.105261578935526,5,0.0388333333333333,6.58883048484849e-06,4e-04
"lakeland","0_10",65.7052631578947,4.18421052631579,2.32631578947368,0,1.3509262485482,0.246635757280942,0,0.0145,1.95884306039489e-06,2e-05
"lakeland","10_20",42.3857142857143,5.55714285714286,2.45714285714286,0,1.5096443452381,0.210069553241103,0,0.0214285714285714,3.23495216836736e-06,3e-05
"lakeland","20_40",63.5625,4.87777777777778,3.25555555555556,0,1.50104635443921,0.215883238671701,0,0.0283571428571429,4.25653859080262e-06,9e-05
"lakeland","40_100",75.0088888888889,4.51333333333333,3.22888888888889,0,1.59451747615447,0.19649269329816,0,0.0352857142857143,5.62636880871649e-06,0.00034
"latonia","0_10",58.7,36,5.3,1,1.51,0.246635757280942,1,0.099,1.479951e-05,0.00015
"latonia","10_20",46.7895312870223,30.4653139464118,15.1362533561418,2.95214027796427,1.5096443452381,0.210069553241103,0,0.05925,8.68058434432477e-06,9e-05
"latonia","20_40",52.95,35.9,11.15,0,1.58,0,2,0.0195,3.081e-06,6e-05
"latonia","40_100",51.3666666666667,32.7333333333333,15.9,0.666666666666667,1.65333333333333,0.0305505046330388,3,0.0133333333333333,2.18974814814814e-06,0.00013
"leadvale","0_10",23.6461538461538,63.9,12.4615384615385,0,1.3509262485482,0.246635757280942,0,NA,NA,NA
"leadvale","10_20",21.3333333333333,63.6666666666667,15,0,1.5096443452381,0.210069553241103,0,NA,NA,NA
"leadvale","20_40",15.575,62.75,21.6833333333333,0,1.50104635443921,0.215883238671701,0,NA,NA,NA
"leadvale","40_100",16.4655172413793,55.3344827586207,28.2034482758621,0,1.59451747615447,0.19649269329816,0,NA,NA,NA
"leefield","0_10",38.7666666666667,8.31666666666667,5.63333333333333,0,1.3509262485482,0.246635757280942,0,NA,NA,NA
"leefield","10_20",56.58,7.98,5.02,0,1.5096443452381,0.210069553241103,0,NA,NA,NA
"leefield","20_40",33.8571428571429,10.7875,5.25,0,1.50104635443921,0.215883238671701,0,NA,NA,NA
"leefield","40_100",52.0571428571429,8.46111111111111,11.4777777777778,0,1.59451747615447,0.19649269329816,0,0.0175,2.79040558327032e-06,0.00017
"lenoir","0_10",14.0333333333333,52.6333333333333,33.3333333333333,0,1.41,0,2,0.229,3.2289e-05,0.00032
"lenoir","10_20",6,45.2,48.8,0,1.61,0.210069553241103,1,0.176,2.8336e-05,0.00028
"lenoir","20_40",16.5,48.55,34.95,0,1.47,0.215883238671701,1,0.094,1.3818e-05,0.00028
"lenoir","40_100",7.74285714285714,46.4714285714286,45.7857142857143,0,1.486,0.0702139587261679,5,0.112,1.66432e-05,0.001
"leon","0_10",50.95,8.12916666666667,1.325,0,1.05,0.29698484809835,2,0.513,5.3865e-05,0.00054
"leon","10_20",68.85,4.9125,0.6125,0,1.5096443452381,0.210069553241103,0,0.022,3.32121755952382e-06,3e-05
"leon","20_40",64.9035714285714,3.72142857142857,1.00357142857143,0,1.47666666666667,0.21594752448994,3,0.049,7.23566666666668e-06,0.00014
"leon","40_100",64.0475,4.40740740740741,2.3,0,1.45,0.321403173599764,3,0.031,4.495e-06,0.00027
"lexington","0_10",19.16,67.86,12.98,0,1.3509262485482,0.246635757280942,0,0.2225,3.00581090301975e-05,3e-04
"lexington","10_20",6.45,65.45,28.1,0,1.5096443452381,0.210069553241103,0,0.16675,2.51733194568453e-05,0.00025
"lexington","20_40",7.825,59.825,32.35,0,1.50104635443921,0.215883238671701,0,0.111,1.66616145342752e-05,0.00033
"lexington","40_100",24.5272727272727,52.9818181818182,22.4909090909091,0,1.59451747615447,0.19649269329816,0,0.0316666666666667,5.04930534115582e-06,3e-04
"lily","0_10",43.6695652173913,43.9326086956522,11.1130434782609,1.1304347826087,1.39333333333333,0.300222139978605,3,0.8766,0.000120758891478261,0.00121
"lily","10_20",43.1093023255814,44.2767441860465,12.6186046511628,2.23255813953488,1.35833333333333,0.128127540625217,6,0.113,1.50064875968992e-05,0.00015
"lily","20_40",41.4625,39.3395833333333,19.1958333333333,1.6875,1.55875,0.122408858222878,8,0.0546666666666667,8.37737197916667e-06,0.00017
"lily","40_100",51.4365384615385,28.2048076923077,20.3586538461538,1.27884615384615,1.65714285714286,0.112552795914326,14,0.0272666666666667,4.46069183150184e-06,0.00027
"lloyd","0_10",58.725,20.675,20.6,7.25,1.415,0.558614357137373,2,0.219666666666667,2.88293279166667e-05,0.00029
"lloyd","10_20",50.65,24.05,25.3,11,1.51,0.210069553241103,1,0.122,1.639558e-05,0.00016
"lloyd","20_40",35.6,20.6571428571429,43.7428571428571,2.42857142857143,1.57,0.254558441227157,2,0.0801666666666667,1.22805026190476e-05,0.00025
"lloyd","40_100",33.81,23.39,42.8,1.7,1.558,0.228516957795259,5,0.0397368421052632,6.085753e-06,0.00037
"louisburg","0_10",65.2,27.8,7,0,1.3509262485482,0.246635757280942,0,NA,NA,NA
"louisburg","10_20",46.7895312870223,30.4653139464118,15.1362533561418,2.95214027796427,1.5096443452381,0.210069553241103,0,NA,NA,NA
"louisburg","20_40",60.2,30.9,8.9,0,1.50104635443921,0.215883238671701,0,NA,NA,NA
"louisburg","40_100",62.4,24.6333333333333,12.9666666666667,0,1.59451747615447,0.19649269329816,0,NA,NA,NA
"lucy","0_10",71.9,7.88571428571429,4.21428571428571,1.85714285714286,1.3509262485482,0.246635757280942,0,0.07,9.28086332752613e-06,9e-05
"lucy","10_20",73.3,5.65,5.45,0,1.58,0.210069553241103,1,0.037,5.846e-06,6e-05
"lucy","20_40",59.0428571428571,8.75714285714286,6.37142857142857,0.142857142857143,1.50104635443921,0.215883238671701,0,0.03,4.49670600751289e-06,9e-05
"lucy","40_100",61.7863636363636,7.00909090909091,13.7954545454545,0.0454545454545455,1.616,0.0512835256198323,5,0.0146666666666667,2.369056e-06,0.00014
"lynchburg","0_10",52.36,27.4,10.38,0,1.33,0.29698484809835,2,NA,NA,NA
"lynchburg","10_20",74.02,21.9,7.8,0,1.7,0.0565685424949239,2,NA,NA,NA
"lynchburg","20_40",56.32,18.9,9.27,0,1.71,0.0989949493661167,2,NA,NA,NA
"lynchburg","40_100",61.5529411764706,16.3294117647059,17.8058823529412,0,1.816,0.0931665175908169,5,NA,NA,NA
"madison","0_10",59.84,19.96,20.2,4.4,1.35,0.306104557300279,3,0.27275,3.5201115e-05,0.00035
"madison","10_20",49.45,21.5666666666667,28.9833333333333,4.5,1.765,0.0212132034355964,2,0.08525,1.4369526875e-05,0.00014
"madison","20_40",37.65,18.1333333333333,44.2166666666667,0.833333333333333,1.47666666666667,0.0929157324317756,3,0.05075,7.43163263888891e-06,0.00015
"madison","40_100",41.00625,17.0875,41.90625,0.25,1.46444444444444,0.07650344945019,9,0.0398888888888889,5.82690240740739e-06,0.00035
"malbis","0_10",60.0388888888889,31.9444444444444,6.41666666666667,1,1.58666666666667,0.108750478926148,6,0.0556666666666667,8.74412000000002e-06,9e-05
"malbis","10_20",58.26875,33.7875,7.23125,1.5,1.63857142857143,0.162729691147474,7,0.0391818181818182,6.32391746753247e-06,6e-05
"malbis","20_40",53.3095238095238,31.7619047619048,17.0047619047619,1.57142857142857,1.67,0.0616441400296898,9,0.0203636363636364,3.34728727272727e-06,7e-05
"malbis","40_100",45.630985915493,29.369014084507,24.5154929577465,1.74647887323944,1.72321428571429,0.0730830867310459,28,0.0189,3.19999436619719e-06,0.00019
"mantachie","0_10",44.425,31.2083333333333,24.375,0.583333333333333,1.55,0.0294392028877595,4,0.289428571428571,4.45997369047619e-05,0.00045
"mantachie","10_20",43.1125,35.275,21.6125,1.5,1.635,0.0777817459305201,2,0.0946666666666667,1.524583e-05,0.00015
"mantachie","20_40",54.4727272727273,27.8909090909091,17.6363636363636,1.45454545454545,1.595,0.106160256216722,6,0.0541666666666667,8.51391666666667e-06,0.00017
"mantachie","40_100",56.19375,24.603125,19.203125,1.5,1.61384615384615,0.12692113440627,13,0.0412777777777778,6.5616743162393e-06,0.00039
"mascotte","0_10",33.05,6,2.4,0,1.3509262485482,0.246635757280942,0,NA,NA,NA
"mascotte","10_20",63.6,4,2.7,0,1.5096443452381,0.210069553241103,0,NA,NA,NA
"mascotte","20_40",28.05,4.6,1.15,0,1.50104635443921,0.215883238671701,0,NA,NA,NA
"mascotte","40_100",42.5555555555556,5.32,11.36,0,1.59451747615447,0.19649269329816,0,NA,NA,NA
"mattex","0_10",11.5,58,30.5,0,1.24,0.246635757280942,1,0.2,2.48e-05,0.00025
"mattex","10_20",46.7895312870223,30.4653139464118,15.1362533561418,2.95214027796427,1.5096443452381,0.210069553241103,0,0.16275,2.38441367432718e-05,0.00024
"mattex","20_40",23.3,46.25,30.45,0.5,1.47,0.0565685424949239,2,0.1255,1.83562575e-05,0.00037
"mattex","40_100",46.3,37.35,16.35,2,1.715,0.0212132034355964,2,0.035,5.88245e-06,0.00035
"mclaurin","0_10",53.2,40.6,6.2,0,1.4,0.246635757280942,1,0.064,8.96e-06,9e-05
"mclaurin","10_20",56.9,39,4.1,0,1.59,0.210069553241103,1,0.038,6.042e-06,6e-05
"mclaurin","20_40",50.4,39.5,10.1,0,1.62,0.215883238671701,1,0.02,3.24e-06,6e-05
"mclaurin","40_100",46.7,38.3,15,0,1.6,0.19649269329816,1,0.012,1.92e-06,0.00012
"mecklenburg","0_10",39.8333333333333,28.6,31.5666666666667,1.66666666666667,1.61,0.0424264068711927,2,0.136,2.15310666666667e-05,0.00022
"mecklenburg","10_20",40.7,33.9,25.4,0,1.5096443452381,0.210069553241103,0,0.108,1.63041589285715e-05,0.00016
"mecklenburg","20_40",21.2,21.15,57.65,0,1.41,0.215883238671701,1,0.08,1.128e-05,0.00023
"mecklenburg","40_100",25.36,33.84,40.8,0.1,1.346,0.146901327427631,5,0.04625,6.21902475e-06,0.00037
"meggett","0_10",69.0333333333333,21.7166666666667,8.13333333333333,0,1.37,0.113137084989848,2,0.0895,1.22615e-05,0.00012
"meggett","10_20",62.7,22.3666666666667,8.2,0,1.515,0.0494974746830584,2,0.055,8.3325e-06,8e-05
"meggett","20_40",48.25,18.65,20.8166666666667,0,1.7,0.0565685424949239,2,0.0565,9.605e-06,0.00019
"meggett","40_100",46.3285714285714,18.75,42.9642857142857,0.857142857142857,1.75,0.0707106781186548,5,0.085,1.47475e-05,0.00088
"moko","0_10",29.2196428571429,44.3776785714286,26.4017857142857,0.267857142857143,1.29,0.246635757280942,1,NA,NA,NA
"moko","10_20",32.4105263157895,40.5157894736842,27.0754385964912,0.508771929824561,1.37,0.210069553241103,1,NA,NA,NA
"moko","20_40",29.99,42.65,27.356,0.66,1.52,0.215883238671701,1,NA,NA,NA
"moko","40_100",46.1,33.075,20.825,0,1.47,0.19649269329816,1,NA,NA,NA
"mollville","0_10",39.7333333333333,46.3,13.9666666666667,0,1.335,0.388908729652601,2,0.288,3.8448e-05,0.00038
"mollville","10_20",61.9,28,10.1,0,1.57,0.0282842712474619,2,0.085,1.3345e-05,0.00013
"mollville","20_40",46.525,37.225,16.25,0,1.7125,0.199895806192459,4,0.043,7.36375e-06,0.00015
"mollville","40_100",49.4555555555556,31.0111111111111,19.5333333333333,0.111111111111111,1.65777777777778,0.158727579344122,9,0.043,7.12052395061729e-06,0.00043
"nikwasi","0_10",70,17.5,12.5,0,0.96,0.246635757280942,1,0.309,2.9664e-05,3e-04
"nikwasi","10_20",46.7895312870223,30.4653139464118,15.1362533561418,2.95214027796427,1.5096443452381,0.210069553241103,0,0.2025,2.96678199109834e-05,3e-04
"nikwasi","20_40",80.1,13.6,6.3,5,1.24,0.215883238671701,1,0.096,1.13088e-05,0.00023
"nikwasi","40_100",92.6666666666667,4.66666666666667,2.66666666666667,34,1.325,0.00707106781186548,2,0.074,6.4713e-06,0.00039
"nixa","0_10",21.9785714285714,68.2535714285714,9.75714285714286,2.39285714285714,1.3509262485482,0.246635757280942,0,NA,NA,NA
"nixa","10_20",19.2875,70.8875,9.8375,4.9375,1.5096443452381,0.210069553241103,0,NA,NA,NA
"nixa","20_40",22.6,66.0774193548387,11.3322580645161,2.41935483870968,1.50104635443921,0.215883238671701,0,NA,NA,NA
"nixa","40_100",22.3758620689655,47.9954022988506,29.6310344827586,1.64367816091954,1.96,0.212132034355964,2,NA,NA,NA
"noark","0_10",17.9860465116279,71.5581395348837,10.4581395348837,0,1.3509262485482,0.246635757280942,0,NA,NA,NA
"noark","10_20",16.5272727272727,73.5045454545455,9.95909090909091,0,1.5096443452381,0.210069553241103,0,NA,NA,NA
"noark","20_40",14.056,67.232,18.718,0.74,1.50104635443921,0.215883238671701,0,NA,NA,NA
"noark","40_100",13.0622807017544,38.480701754386,48.4605263157895,0.771929824561403,1.44,0.19649269329816,1,NA,NA,NA
"norfolk","0_10",76.7230769230769,13.1,4.5,0.153846153846154,1.735,0.0443471156521669,4,0.0875,1.51578942307692e-05,0.00015
"norfolk","10_20",82.6230769230769,12.0153846153846,4.52307692307692,0,1.72,0.0565685424949239,2,0.0345,5.934e-06,6e-05
"norfolk","20_40",68.3,13.5086956521739,10.9565217391304,0.260869565217391,1.774,0.0622896460095898,5,0.0241666666666667,4.27598275362319e-06,9e-05
"norfolk","40_100",63.2137931034483,11.4120689655172,25.4137931034483,0.413793103448276,1.70833333333333,0.0649207661873529,18,0.0154285714285714,2.62480788177339e-06,0.00016
"ocilla","0_10",64.4272727272727,8.90909090909091,2.93636363636364,0,1.3509262485482,0.246635757280942,0,NA,NA,NA
"ocilla","10_20",52.4,6.6,3.4,0,1.5096443452381,0.210069553241103,0,NA,NA,NA
"ocilla","20_40",55.2416666666667,8.175,3.31666666666667,0,1.50104635443921,0.215883238671701,0,NA,NA,NA
"ocilla","40_100",51.8027777777778,9.11842105263158,12.9078947368421,0,1.59451747615447,0.19649269329816,0,0.018,2.87013145707805e-06,0.00017
"olustee","0_10",36.025,7.75,2.225,0,1.3509262485482,0.246635757280942,0,NA,NA,NA
"olustee","10_20",46.7895312870223,30.4653139464118,15.1362533561418,2.95214027796427,1.5096443452381,0.210069553241103,0,NA,NA,NA
"olustee","20_40",46.86,5.4,3.1,0,1.50104635443921,0.215883238671701,0,NA,NA,NA
"olustee","40_100",52.8818181818182,5.21818181818182,9.81818181818182,0,1.59451747615447,0.19649269329816,0,NA,NA,NA
"orangeburg","0_10",69.8076923076923,13.1230769230769,7.66538461538462,0.192307692307692,1.76333333333333,0.185022521151706,3,0.0602,1.05948526923077e-05,0.00011
"orangeburg","10_20",68.4473684210526,12.0947368421053,8.32631578947368,0.842105263157895,1.83,0.210069553241103,1,0.0305,5.53449789473684e-06,6e-05
"orangeburg","20_40",66.3588235294118,13.4114285714286,14.8342857142857,0.257142857142857,1.73111111111111,0.0964940988408675,9,0.0263333333333333,4.54687049735449e-06,9e-05
"orangeburg","40_100",56.6493670886076,10.6625,26.32125,0.575,1.683125,0.0878421880419653,16,0.0198846153846154,3.32758505829327e-06,2e-04
"ouachita","0_10",48.2886660985049,31.5216808172776,14.2365984772959,2.55253239021966,1.3509262485482,0.246635757280942,0,0.183,2.40909145582943e-05,0.00024
"ouachita","10_20",16.6,60.7,22.7,1,1.54,0.210069553241103,1,0.183,2.790018e-05,0.00028
"ouachita","20_40",17.9,60,22.1,0,1.46,0.215883238671701,1,0.061,8.906e-06,0.00018
"ouachita","40_100",20.9,58,21.1,0,1.56,0.19649269329816,1,0.02,3.12e-06,0.00019
"pacolet","0_10",60.1285714285714,19.9714285714286,19.9,10.2857142857143,1.16,0.0888819441731559,3,0.0648333333333333,6.74711238095238e-06,7e-05
"pacolet","10_20",46.7895312870223,30.4653139464118,15.1362533561418,2.95214027796427,1.5096443452381,0.210069553241103,0,0.0482916666666667,7.07510355490324e-06,7e-05
"pacolet","20_40",50.52,20.96,28.52,12.6,1.4325,0.177270979012358,4,0.03175,3.975115875e-06,8e-05
"pacolet","40_100",45.7,15.4642857142857,38.8357142857143,7.14285714285714,1.60272727272727,0.269224475450911,11,0.027,4.01826623376623e-06,0.00024
"pamlico","0_10",48.2886660985049,31.5216808172776,14.2365984772959,2.55253239021966,1.3509262485482,0.246635757280942,0,2.096,0.000275926540514672,0.00276
"pamlico","10_20",9.15000000000001,34.9,26.45,0,1.5096443452381,0.210069553241103,0,2.096,0.000316421454761906,0.00316
"pamlico","20_40",68.45,28.95,2.6,0,1.50104635443921,0.215883238671701,0,0.5015,7.52774746751264e-05,0.00151
"pamlico","40_100",78.8066666666667,5.56666666666667,2.62666666666667,0,1.59451747615447,0.19649269329816,0,0.0278333333333333,4.43807364196327e-06,0.00027
"pantego","0_10",48.2886660985049,31.5216808172776,14.2365984772959,2.55253239021966,1.3509262485482,0.246635757280942,0,NA,NA,NA
"pantego","10_20",38.4,26.9,19.7,0,1.5096443452381,0.210069553241103,0,NA,NA,NA
"pantego","20_40",26.65,31.65,16.45,0,1.50104635443921,0.215883238671701,0,NA,NA,NA
"pantego","40_100",47.925,28.225,18.95,0,1.59451747615447,0.19649269329816,0,NA,NA,NA
"pelham","0_10",67.0181818181818,8.90909090909091,4.19090909090909,0.0909090909090909,1.6,0.246635757280942,1,0.07575,1.21089818181818e-05,0.00012
"pelham","10_20",31.2,7,2.2,0,1.5096443452381,0.210069553241103,0,0.0485,7.32177507440479e-06,7e-05
"pelham","20_40",60.9,9.24,3.54,0,1.65,0.215883238671701,1,0.02125,3.50625e-06,7e-05
"pelham","40_100",63.6935483870968,8.23870967741935,11.3387096774194,0.032258064516129,1.8,0.0360555127546399,3,0.0136363636363636,2.45375366568915e-06,0.00015
"plott","0_10",46.2,37.3,16.5,2,0.95,0.246635757280942,1,0.557,5.18567e-05,0.00052
"plott","10_20",46.7895312870223,30.4653139464118,15.1362533561418,2.95214027796427,1.5096443452381,0.210069553241103,0,0.375,5.49404072425619e-05,0.00055
"plott","20_40",46.9,40.7,12.4,8,0.96,0.215883238671701,1,0.193,1.704576e-05,0.00034
"plott","40_100",56.9666666666667,29.3666666666667,13.6666666666667,9.33333333333333,1.18666666666667,0.128970280814354,3,0.078,8.39210666666669e-06,5e-04
"plummer","0_10",40.34,7.56,4.52,0,1.3509262485482,0.246635757280942,0,NA,NA,NA
"plummer","10_20",52.3666666666667,5.96666666666667,2.4,0,1.5096443452381,0.210069553241103,0,NA,NA,NA
"plummer","20_40",66.675,7.35,3.225,0,1.50104635443921,0.215883238671701,0,NA,NA,NA
"plummer","40_100",52.2722222222222,4.71111111111111,2.12222222222222,0,1.59451747615447,0.19649269329816,0,NA,NA,NA
"poarch","0_10",51.3,25.2,4.66666666666667,0,1.3509262485482,0.246635757280942,0,0.069,9.32139111498258e-06,9e-05
"poarch","10_20",46.7895312870223,30.4653139464118,15.1362533561418,2.95214027796427,1.5096443452381,0.210069553241103,0,0.0345,5.05451746631569e-06,5e-05
"poarch","20_40",55.8333333333333,25.6333333333333,7.86666666666667,0.333333333333333,1.50104635443921,0.215883238671701,0,0,0,NA
"poarch","40_100",70.2555555555556,20.4666666666667,14.6,0.222222222222222,1.59451747615447,0.19649269329816,0,0.019,3.02285079757195e-06,0.00018
"ponzer","0_10",59.5,13.6,46.6,0,0.8,0.246635757280942,1,0.568,4.544e-05,0.00045
"ponzer","10_20",46.7895312870223,30.4653139464118,15.1362533561418,2.95214027796427,1.5096443452381,0.210069553241103,0,0.479166666666667,7.02016314766068e-05,7e-04
"ponzer","20_40",69.1666666666667,42.6333333333333,24.8666666666667,0,0.72,0.215883238671701,1,0.390333333333333,2.8104e-05,0.00056
"ponzer","40_100",33.3857142857143,49.9285714285714,13.7571428571429,0.142857142857143,1.15,0.240416305603426,2,0.265666666666667,3.05080214285714e-05,0.00183
"portia","0_10",34.0458333333333,55.7708333333333,10.1833333333333,0,1.3509262485482,0.246635757280942,0,NA,NA,NA
"portia","10_20",38.0384615384615,51.0538461538462,10.9,0,1.5096443452381,0.210069553241103,0,NA,NA,NA
"portia","20_40",28.7516129032258,53.6387096774194,17.6129032258065,0,1.50104635443921,0.215883238671701,0,NA,NA,NA
"portia","40_100",27.6267605633803,37.1450704225352,35.230985915493,0,1.59451747615447,0.19649269329816,0,NA,NA,NA
"pottsburg","0_10",47.425,4.175,1.7625,0,1.3509262485482,0.246635757280942,0,NA,NA,NA
"pottsburg","10_20",47.6,5,1.85,0,1.5096443452381,0.210069553241103,0,NA,NA,NA
"pottsburg","20_40",47.2,4.8375,1.6875,0,1.50104635443921,0.215883238671701,0,NA,NA,NA
"pottsburg","40_100",44.3944444444444,4.37777777777778,1.92777777777778,0,1.59451747615447,0.19649269329816,0,NA,NA,NA
"providence","0_10",14.5,75.5,10,0,1.21333333333333,0.204287379280594,3,0.1065,1.2922e-05,0.00013
"providence","10_20",15.625,68.425,15.95,0,1.5275,0.0846069343099804,4,0.039,5.95725e-06,6e-05
"providence","20_40",11.1666666666667,65.0333333333333,23.8,0,1.56666666666667,0.0152752523165195,3,0.0365,5.71833333333335e-06,0.00011
"providence","40_100",19.2285714285714,57.4071428571429,23.3642857142857,0,1.635,0.0988571053224161,12,0.0245,4.00575e-06,0.00024
"rains","0_10",58.4916666666667,25.2153846153846,10.2076923076923,0.153846153846154,1.35,0.06557438524302,3,0.168666666666667,2.27349692307692e-05,0.00023
"rains","10_20",61.8,25.74,8.72,0,1.465,0.0777817459305203,2,0.0973333333333333,1.42593333333333e-05,0.00014
"rains","20_40",69.58,20.0333333333333,12.1066666666667,0.133333333333333,1.5725,0.0602079728939614,4,0.026,4.08304866666667e-06,8e-05
"rains","40_100",61.1533333333333,19.1766666666667,23.5466666666667,0.133333333333333,1.69714285714286,0.0446147530585589,7,0.0326666666666667,5.53660800000001e-06,0.00033
"reddies","0_10",64.475,31.025,8.05,0,0.91,0.197989898732233,2,0.36925,3.360175e-05,0.00034
"reddies","10_20",68.2,21.8,10,3.33333333333333,1.34,0.210069553241103,1,0.204,2.64248e-05,0.00026
"reddies","20_40",69.95,23.375,6.675,0,1.24333333333333,0.280059517483933,3,0.104,1.29306666666666e-05,0.00026
"reddies","40_100",80.3636363636364,13.2272727272727,6.40909090909091,46.2727272727273,1.23,0.13076696830622,3,0.0735714285714286,4.86193441558441e-06,0.00029
"rexor","0_10",48.2886660985049,31.5216808172776,14.2365984772959,2.55253239021966,1.3509262485482,0.246635757280942,0,NA,NA,NA
"rexor","10_20",26.7,62.3,10.9,0,1.5096443452381,0.210069553241103,0,NA,NA,NA
"rexor","20_40",44.6474010593,29.3694540148412,19.535668248824,2.4242495503916,1.50104635443921,0.215883238671701,0,NA,NA,NA
"rexor","40_100",27.35,54.45,20.2,0,1.59451747615447,0.19649269329816,0,NA,NA,NA
"rosman","0_10",43.3,41.35,15.35,0,1.1,0.212132034355964,2,0.266,2.926e-05,0.00029
"rosman","10_20",62.4,25.2,12.4,1,1.33,0.210069553241103,1,0.142,1.869714e-05,0.00019
"rosman","20_40",43.7,41.7,14.6,0,1.24,0.127279220613579,2,0.1735,2.1514e-05,0.00043
"rosman","40_100",69.6222222222222,23.7555555555556,6.62222222222222,0,1.29,0.132233559604642,8,0.0645714285714286,8.32971428571429e-06,5e-04
"ruston","0_10",65.26,29.2666666666667,5.47333333333333,0.0666666666666667,1.49,0.0367423461417477,5,0.0772857142857143,1.15078943809524e-05,0.00012
"ruston","10_20",57.8,31.1888888888889,11.0111111111111,0,1.7175,0.17423642940939,4,0.0283333333333333,4.86625e-06,5e-05
"ruston","20_40",57.4733333333333,29.6933333333333,12.8333333333333,0.0666666666666667,1.7025,0.0394757309410901,4,0.0201428571428571,3.42703521428571e-06,7e-05
"ruston","40_100",56.6116279069767,23.5860465116279,19.8023255813953,0.116279069767442,1.75352941176471,0.0561183098986628,17,0.015125,2.64912926641588e-06,0.00016
"rutlege","0_10",76.75,7,3.25,0,1.3509262485482,0.246635757280942,0,NA,NA,NA
"rutlege","10_20",44,11.6,2.6,0,1.5096443452381,0.210069553241103,0,NA,NA,NA
"rutlege","20_40",58.3666666666667,5.83333333333333,2.96666666666667,0,1.50104635443921,0.215883238671701,0,NA,NA,NA
"rutlege","40_100",50.0444444444444,4.46666666666667,4.2,0,1.59451747615447,0.19649269329816,0,NA,NA,NA
"sacul","0_10",50.0142857142857,41.5428571428571,30.3,1.28571428571429,1.435,0.0919238815542511,2,0.095,1.3457225e-05,0.00013
"sacul","10_20",36.82,41.44,36.78,0,1.48,0.210069553241103,1,0.0635,9.398e-06,9e-05
"sacul","20_40",37.5142857142857,42.0142857142857,31.9857142857143,1.42857142857143,1.62666666666667,0.0513160143944688,3,0.032,5.13097142857144e-06,1e-04
"sacul","40_100",30.3095238095238,36.5,35.4904761904762,1.57142857142857,1.64,0.0728010988928051,5,0.034,5.48837714285714e-06,0.00033
"saffell","0_10",32.65,55.9875,11.3625,6.25,1.3509262485482,0.246635757280942,0,0.166,2.10237897430314e-05,0.00021
"saffell","10_20",18,65.775,16.225,11.75,1.38,0.210069553241103,1,0.0625,7.6115625e-06,8e-05
"saffell","20_40",32.9285714285714,50.7714285714286,16.3,15.2857142857143,1.36,0.215883238671701,1,0.053,6.10620571428571e-06,0.00012
"saffell","40_100",47.7714285714286,31.6142857142857,20.6142857142857,19.2857142857143,1.21,0.19649269329816,1,0.032,3.12525714285714e-06,0.00019
"sapelo","0_10",53.2846153846154,7.10714285714286,1.12857142857143,0,1.3509262485482,0.246635757280942,0,0.064,8.64592799070848e-06,9e-05
"sapelo","10_20",79.46,6.76666666666667,1.01666666666667,0,1.52,0.210069553241103,1,0.064,9.728e-06,1e-04
"sapelo","20_40",55.26,6.45,1.435,0,1.50104635443921,0.215883238671701,0,0.0471,7.06992832940868e-06,0.00014
"sapelo","40_100",56.3903225806452,5.73548387096774,4.24354838709677,0,1.61,0.0692820323027551,6,0.0302,4.8622e-06,0.00029
"saucier","0_10",40.75,29.55,12.525,2.5,1.42,0.127279220613579,2,0.097,1.342965e-05,0.00013
"saucier","10_20",44.3,39.5,16.2,1,1.59,0.210069553241103,1,0.087,1.369467e-05,0.00014
"saucier","20_40",53.65,25.925,14.175,1,1.67,0.014142135623731,2,0.0225,3.719925e-06,7e-05
"saucier","40_100",45.32,27.27,27.61,0.5,1.685,0.0404145188432738,4,0.0195,3.26932125e-06,2e-04
"saunook","0_10",43.1,32.2,24.7,16,1.3,0.246635757280942,1,0.373,4.07316e-05,0.00041
"saunook","10_20",40.8666666666667,37.9,21.2333333333333,7.66666666666667,1.29,0.175214154679352,3,0.276666666666667,3.29537666666667e-05,0.00033
"saunook","20_40",43.4333333333333,34.8,21.7666666666667,10.6666666666667,1.43,0.229128784747792,3,0.114,1.456312e-05,0.00029
"saunook","40_100",44.8,33.8375,21.3625,29.875,1.26,0.208885933785244,7,0.083,7.3336725e-06,0.00044
"sharkey","0_10",5.41904761904762,31.7333333333333,62.847619047619,0.19047619047619,1.54,0.346121365997536,7,0.39225,6.029144e-05,6e-04
"sharkey","10_20",1.27272727272727,32.0136363636364,66.7136363636364,0.0454545454545455,1.852,0.055703295619354,15,0.183625,3.39918921136364e-05,0.00034
"sharkey","20_40",3.63076923076923,31.5384615384615,64.8307692307692,0,1.80785714285714,0.0867515082048962,14,0.154391304347826,2.79117422360248e-05,0.00056
"sharkey","40_100",3.2125,30.6825,66.105,0.0125,1.81230769230769,0.104280686315643,26,0.114083333333333,2.06728258301282e-05,0.00124
"smithdale","0_10",74.7,19.7083333333333,5.59166666666667,2.5,1.57,0.0264575131106459,3,0.138,2.112435e-05,0.00021
"smithdale","10_20",74.72,19.94,5.34,4.2,1.5096443452381,0.210069553241103,0,0.0798,1.154098947625e-05,0.00012
"smithdale","20_40",68.1714285714286,20.7285714285714,11.1,3.42857142857143,1.5575,0.0903234926989282,4,0.0408,6.136728e-06,0.00012
"smithdale","40_100",62.636,16.14,21.224,1.04,1.7,0.05,5,0.0431666666666667,7.26201466666667e-06,0.00044
"smithton","0_10",48.6,45.5,5.9,0,1.3509262485482,0.246635757280942,0,NA,NA,NA
"smithton","10_20",46.7895312870223,30.4653139464118,15.1362533561418,2.95214027796427,1.5096443452381,0.210069553241103,0,NA,NA,NA
"smithton","20_40",51.7,41.6,6.7,0,1.50104635443921,0.215883238671701,0,NA,NA,NA
"smithton","40_100",51.8,40.05,8.15,0,1.59451747615447,0.19649269329816,0,NA,NA,NA
"susquehanna","0_10",59.6333333333333,36.2666666666667,4.1,0.333333333333333,1.36,0.226274169979695,2,0.082,1.11148266666667e-05,0.00011
"susquehanna","10_20",29.7,44.95,25.35,0.5,1.475,0.162634559672906,2,0.04,5.8705e-06,6e-05
"susquehanna","20_40",30.8,19.95,49.25,0,1.77,0.0761577310586392,4,0.038,6.726e-06,0.00013
"susquehanna","40_100",32.9857142857143,18.0571428571429,48.9571428571429,0,1.88333333333333,0.0553774924194538,6,0.0265,4.99083333333333e-06,3e-04
"tate","0_10",72.6666666666667,37,14.3,10.3333333333333,1.55,0.246635757280942,1,0.773,0.000107434116666667,0.00107
"tate","10_20",57.8,24.25,17.95,12,1.345,0.205060966544099,2,0.125,1.4795e-05,0.00015
"tate","20_40",51.95,24.5,23.55,9,1.505,0.0919238815542513,2,0.064,8.76512e-06,0.00018
"tate","40_100",58.04,21.62,20.34,16,1.526,0.0998999499499374,5,0.029,3.717336e-06,0.00022
"tippah","0_10",9.8,81.3,8.9,0,1.29,0.246635757280942,1,0.073,9.417e-06,9e-05
"tippah","10_20",46.7895312870223,30.4653139464118,15.1362533561418,2.95214027796427,1.5096443452381,0.210069553241103,0,0.0505,7.398641508665e-06,7e-05
"tippah","20_40",6.15,70.15,23.7,0,1.505,0.0919238815542513,2,0.028,4.214e-06,8e-05
"tippah","40_100",4.7,58.4333333333333,36.8666666666667,0,1.76333333333333,0.187171935218219,3,0.021,3.70299999999999e-06,0.00022
"toccoa","0_10",38.65,37.15,24.2,1,1.32,0.246635757280942,1,0.183,2.391444e-05,0.00024
"toccoa","10_20",62.25,23.925,13.825,0.25,1.45,0.210069553241103,1,0.084,1.214955e-05,0.00012
"toccoa","20_40",65.5333333333333,23.9333333333333,10.5333333333333,0,1.66,0.215883238671701,1,0.032,5.312e-06,0.00011
"toccoa","40_100",69.48,19.92,10.6,1.1,1.7,0.0360555127546399,3,0.0168,2.824584e-06,0.00017
"toinette","0_10",80.1,15.4,4.5,0,1.3509262485482,0.246635757280942,0,0.181,2.44517650987224e-05,0.00024
"toinette","10_20",46.7895312870223,30.4653139464118,15.1362533561418,2.95214027796427,1.5096443452381,0.210069553241103,0,0.1155,1.69216454307091e-05,0.00017
"toinette","20_40",84.3,11.8,3.9,0,1.50104635443921,0.215883238671701,0,0.05,7.50523177219605e-06,0.00015
"toinette","40_100",78.7666666666667,5.53333333333333,15.7,0,1.59451747615447,0.19649269329816,0,0.0436666666666667,6.96272631254119e-06,0.00042
"townley","0_10",21,52.5,26.5,0,1.3509262485482,0.246635757280942,0,NA,NA,NA
"townley","10_20",46.7895312870223,30.4653139464118,15.1362533561418,2.95214027796427,1.5096443452381,0.210069553241103,0,NA,NA,NA
"townley","20_40",9,39.9,51.1,0,1.50104635443921,0.215883238671701,0,NA,NA,NA
"townley","40_100",6.83333333333333,44.4666666666667,48.7,0,1.59451747615447,0.19649269329816,0,NA,NA,NA
"toxaway","0_10",7,58.8,34.2,0,1.06,0.246635757280942,1,0.418,4.4308e-05,0.00044
"toxaway","10_20",46.7895312870223,30.4653139464118,15.1362533561418,2.95214027796427,1.5096443452381,0.210069553241103,0,0.349,5.11312056737442e-05,0.00051
"toxaway","20_40",7.25,59.3,33.45,0,1.07,0.0282842712474619,2,0.28,2.996e-05,6e-04
"toxaway","40_100",9.83333333333333,62.0333333333333,28.1333333333333,0,1.23666666666667,0.0288675134594813,3,0.156666666666667,1.93744444444445e-05,0.00116
"trimont","0_10",50.6,28,21.4,2,0.95,0.246635757280942,1,0.3,2.793e-05,0.00028
"trimont","10_20",45.2,28.15,26.65,5.5,1.12,0.183847763108502,2,0.3,3.1752e-05,0.00032
"trimont","20_40",45.75,20.8,33.45,4.5,1.37,0.0282842712474618,2,0.1,1.30835e-05,0.00026
"trimont","40_100",63.4833333333333,15.5333333333333,20.9833333333333,5,1.42833333333333,0.170577450639487,6,0.043,5.83474166666665e-06,0.00035
"troup","0_10",76.3785714285714,7.36428571428571,3.5,0,1.58,0.0989949493661166,2,0.0636666666666667,1.00593333333333e-05,1e-04
"troup","10_20",87.6285714285714,8.52857142857143,3.84285714285714,0,1.71,0.210069553241103,1,0.042,7.182e-06,7e-05
"troup","20_40",73.025,8.425,3.965,0.05,1.5,0.215883238671701,1,0.0238,3.568215e-06,7e-05
"troup","40_100",74.2660377358491,7.7622641509434,5.13396226415094,0.188679245283019,1.87,0.459238500128201,3,0.0215,4.0129141509434e-06,0.00024
"tuckasegee","0_10",48.2886660985049,31.5216808172776,14.2365984772959,2.55253239021966,1.3509262485482,0.246635757280942,0,0.426,5.60804896275048e-05,0.00056
"tuckasegee","10_20",56.4,28.1,15.5,16,1.11,0.210069553241103,1,0.426,3.972024e-05,4e-04
"tuckasegee","20_40",58.5,31.1,10.4,16,0.97,0.215883238671701,1,0.206,1.678488e-05,0.00034
"tuckasegee","40_100",57.5333333333333,22.2333333333333,20.2333333333333,28.6666666666667,1.17,0.09,3,0.099,8.26254e-06,5e-04
"tusquitee","0_10",35.45,36.95,37.5,1,0.57,0.246635757280942,1,0.8865,5.0025195e-05,5e-04
"tusquitee","10_20",52.6,28.7,18.7,10,1.2,0.210069553241103,1,0.211,2.2788e-05,0.00023
"tusquitee","20_40",57.7,24.2,18.1,2,1.14,0.215883238671701,1,0.211,2.357292e-05,0.00047
"tusquitee","40_100",64.2,20.15,15.65,19,1.3,0.15556349186104,2,0.211,2.22183e-05,0.00133
"udorthents","0_10",32.2,45.2,22.6,0,1.3509262485482,0.246635757280942,0,NA,NA,NA
"udorthents","10_20",46.7895312870223,30.4653139464118,15.1362533561418,2.95214027796427,1.5096443452381,0.210069553241103,0,NA,NA,NA
"udorthents","20_40",22.3,44.8,32.9,0,1.50104635443921,0.215883238671701,0,NA,NA,NA
"udorthents","40_100",43.6,32.7,23.7,0,1.59451747615447,0.19649269329816,0,NA,NA,NA
"unaka","0_10",40.3,35.5,24.2,10,1.3509262485482,0.246635757280942,0,NA,NA,NA
"unaka","10_20",40.2,39.3,20.5,10,1.5096443452381,0.210069553241103,0,NA,NA,NA
"unaka","20_40",45.7,36,18.3,8,1.50104635443921,0.215883238671701,0,NA,NA,NA
"unaka","40_100",58.9,28.85,12.25,10,1.59451747615447,0.19649269329816,0,NA,NA,NA
"urban land","0_10",43.63,36.81,19.56,16.9,1.3509262485482,0.246635757280942,0,NA,NA,NA
"urban land","10_20",46.7895312870223,30.4653139464118,15.1362533561418,2.95214027796427,1.5096443452381,0.210069553241103,0,NA,NA,NA
"urban land","20_40",39.07,39.12,21.81,13.7,1.50104635443921,0.215883238671701,0,NA,NA,NA
"urban land","40_100",47.1527031434407,24.7802985973975,23.2730709428291,3.29052854268621,1.59451747615447,0.19649269329816,0,NA,NA,NA
"vance","0_10",24,51.7,24.3,0,1.3509262485482,0.246635757280942,0,0.169,2.28306536004646e-05,0.00023
"vance","10_20",26,56.5,17.5,0,1.5096443452381,0.210069553241103,0,0.088,1.32848702380953e-05,0.00013
"vance","20_40",27.3,55.8,16.9,0,1.50104635443921,0.215883238671701,0,0.067,1.00570105747427e-05,2e-04
"vance","40_100",35.84,44.48,26.56,0,1.59451747615447,0.19649269329816,0,0.0502,8.00447773029544e-06,0.00048
"wadley","0_10",62.5111111111111,10.0888888888889,3.22222222222222,0.555555555555556,1.3509262485482,0.246635757280942,0,0.10575,1.4206678161295e-05,0.00014
"wadley","10_20",46.3,6.5,1.9,0,1.5096443452381,0.210069553241103,0,0.065375,9.86929990699408e-06,1e-04
"wadley","20_40",76.625,10.5,3.5625,0.875,1.50104635443921,0.215883238671701,0,0.025,3.71978049709467e-06,7e-05
"wadley","40_100",61.5944444444444,8.85,5.42222222222222,0.5,1.59451747615447,0.19649269329816,0,0.03,4.75963466632109e-06,0.00029
"wagram","0_10",68.1333333333333,9.76666666666667,4.1,1,1.3509262485482,0.246635757280942,0,0.0855,1.14349152308362e-05,0.00011
"wagram","10_20",61.4333333333333,10.3,3.1,0,1.57,0.169705627484771,2,0.066,1.0362e-05,1e-04
"wagram","20_40",67.925,10.225,5.075,1.75,1.63,0.215883238671701,1,0.0163333333333333,2.6157425e-06,5e-05
"wagram","40_100",77.99,9.575,12.2,1.58333333333333,1.6775,0.105633012516605,4,0.016625,2.74468705729167e-06,0.00016
"wahee","0_10",61.8,27.4666666666667,10.6,0,1.3509262485482,0.246635757280942,0,0.186,2.51272282229965e-05,0.00025
"wahee","10_20",46.7895312870223,30.4653139464118,15.1362533561418,2.95214027796427,1.5096443452381,0.210069553241103,0,0.14,2.05110853705564e-05,0.00021
"wahee","20_40",47.675,33.275,19,0.25,1.50104635443921,0.215883238671701,0,0.094,1.40745611423993e-05,0.00028
"wahee","40_100",28.73,20.03,51.17,0.4,1.59451747615447,0.19649269329816,0,0.0275,4.36738336718709e-06,0.00026
"wehadkee","0_10",45.95,34.4,19.65,0,1.3509262485482,0.246635757280942,0,0.1265,1.70892170441347e-05,0.00017
"wehadkee","10_20",16.3,35.3,48.4,0,1.5096443452381,0.210069553241103,0,0.231,3.48727843750001e-05,0.00035
"wehadkee","20_40",22.75,41.4,35.85,0,1.50104635443921,0.215883238671701,0,0.1475,2.21404337279784e-05,0.00044
"wehadkee","40_100",38.8666666666667,32.1333333333333,29,0,1.59451747615447,0.19649269329816,0,0.109,1.73802404900837e-05,0.00104
"whiteside","0_10",48.2886660985049,31.5216808172776,14.2365984772959,2.55253239021966,1.3509262485482,0.246635757280942,0,0.064,8.42523787831058e-06,8e-05
"whiteside","10_20",46.7895312870223,30.4653139464118,15.1362533561418,2.95214027796427,1.5096443452381,0.210069553241103,0,0.064,9.37649616939722e-06,9e-05
"whiteside","20_40",47,26.9,26.1,0,1.21,0.215883238671701,1,0.064,7.744e-06,0.00015
"whiteside","40_100",54.5,24.0666666666667,21.4333333333333,0.333333333333333,1.30666666666667,0.0550757054728611,3,0.037,4.81855111111112e-06,0.00029
"wickham","0_10",56.8578947368421,36.7315789473684,20.335,0,1.41,0.246635757280942,1,0.152,2.1432e-05,0.00021
"wickham","10_20",65.4666666666667,36.62,23.2333333333333,0.0666666666666667,1.5096443452381,0.210069553241103,0,0.031,4.67677753859129e-06,5e-05
"wickham","20_40",53.3888888888889,26.2555555555556,20.3555555555556,0.111111111111111,1.71,0.215883238671701,1,0.021,3.58701e-06,7e-05
"wickham","40_100",52.3052631578947,24.1552631578947,23.5394736842105,0.157894736842105,1.69,0.19649269329816,1,0.015,2.53099736842105e-06,0.00015
"wilkes","0_10",70.8,23.9,5.3,0,1.3509262485482,0.246635757280942,0,NA,NA,NA
"wilkes","10_20",72.4,23.4,4.2,0,1.5096443452381,0.210069553241103,0,NA,NA,NA
"wilkes","20_40",48.7,22.9,28.4,0,1.50104635443921,0.215883238671701,0,NA,NA,NA
"wilkes","40_100",81.2,9.9,8.9,5,1.59451747615447,0.19649269329816,0,NA,NA,NA
"woden","0_10",73.35,23.625,3.025,0,1.3509262485482,0.246635757280942,0,NA,NA,NA
"woden","10_20",67.55,28.2,4.25,0,1.5096443452381,0.210069553241103,0,NA,NA,NA
"woden","20_40",65.1,28.75,6.15,0,1.50104635443921,0.215883238671701,0,NA,NA,NA
"woden","40_100",59.85,25.3125,14.8375,0,1.59451747615447,0.19649269329816,0,NA,NA,NA
"wrightsville","0_10",18.3555555555556,59.0555555555556,22.5888888888889,1.44444444444444,1.42666666666667,0.11060440015358,3,0.159444444444444,2.2418833744856e-05,0.00022
"wrightsville","10_20",15.5428571428571,58,26.4571428571429,0.142857142857143,1.67,0.210069553241103,1,0.0722,1.20401751428571e-05,0.00012
"wrightsville","20_40",17.7111111111111,56.0666666666667,26.2222222222222,0.222222222222222,1.598,0.0807465169527454,5,0.04,6.37779555555556e-06,0.00013
"wrightsville","40_100",11.9222222222222,45.3555555555556,42.7222222222222,0,1.78454545454545,0.0951171526448975,11,0.0376111111111111,6.71187373737372e-06,4e-04
