"soil_name","horizon","mg_per","bulk_density","bulk_density_sd","n","sand","silt","clay","frag","mg_g_m2","total_mg_horizon"
"acadia","0_10",0.00384,1.4,0.246635757280942,1,58.5,36.4,5.1,2,5.26848e-07,1e-05
"acadia","10_20",0.00894,1.5096443452381,0.210069553241103,NA,46.7895312870223,30.4653139464118,15.1362533561418,2.95214027796427,1.30977930866267e-06,1e-05
"acadia","20_40",0.01404,1.62,0.215883238671701,1,40.9,37.5,21.6,2,2.2289904e-06,4e-05
"acadia","40_100",0.03812,1.81,0.05,3,35.8333333333333,33.0333333333333,31.1333333333333,1.66666666666667,6.78472466666667e-06,0.00041
"albany","0_10",0.0151955555555556,1.6,0.246635757280942,1,46.4333333333333,7.40555555555556,2.86666666666667,0.0555555555555556,2.42993817283951e-06,2e-05
"albany","10_20",0.00114857142857143,1.5096443452381,0.210069553241103,NA,45.6285714285714,5.97142857142857,2.24285714285714,NA,1.7339343622449e-07,0
"albany","20_40",0.00319111111111111,1.69,0.014142135623731,2,57.1647058823529,7.74444444444444,2.60555555555556,0.0555555555555556,5.38998167901235e-07,1e-05
"albany","40_100",0.00201735849056604,1.74666666666667,0.0956382071489562,6,53.5452830188679,6.73962264150943,2.40754716981132,0.0754716981132075,3.52099346956213e-07,2e-05
"allanton","0_10",0.00108,1.3509262485482,0.246635757280942,NA,21.2,6.2,7.8,NA,1.45900034843206e-07,0
"allanton","10_20",0.00024,1.5096443452381,0.210069553241103,NA,95.2,6.5,2,NA,3.62314642857144e-08,0
"allanton","20_40",0.00024,1.50104635443921,0.215883238671701,NA,17.25,8.15,3.05,NA,3.6025112506541e-08,0
"allanton","40_100",0.00012,1.59451747615447,0.19649269329816,NA,68.1,7,2.68,NA,1.91342097138536e-08,0
"angelina","0_10",3.96,1.53,0.246635757280942,1,30.2,40.5,29.3,NA,0.00060588,0.00606
"angelina","10_20",4.835,1.5096443452381,0.210069553241103,NA,46.7895312870223,30.4653139464118,15.1362533561418,2.95214027796427,0.000708364984047431,0.00708
"angelina","20_40",5.71,1.81,0.215883238671701,1,16.6,42.1,41.3,NA,0.00103351,0.02067
"angelina","40_100",3.27,1.69666666666667,0.0550757054728611,3,52.5333333333333,22.9666666666667,24.5,NA,0.000554810000000001,0.03329
"appling","0_10",8e-04,1.3509262485482,0.246635757280942,NA,65.0666666666667,21.1333333333333,12.6,4,1.03751135888502e-07,0
"appling","10_20",0.00555,1.5096443452381,0.210069553241103,NA,31.175,38.425,15.125,NA,8.37852611607146e-07,1e-05
"appling","20_40",0.0066,1.50104635443921,0.215883238671701,NA,36.8,20.6,42.6,NA,9.90690593929879e-07,2e-05
"appling","40_100",0.00441818181818182,1.31,0.19649269329816,1,42.0181818181818,25.5,32.9090909090909,2.72727272727273,5.62996859504132e-07,3e-05
"arkana","0_10",1.63335,1.3509262485482,0.246635757280942,NA,26.26875,54.1375,19.6,NA,0.00022065353880662,0.00221
"arkana","10_20",2.94417142857143,1.5096443452381,0.210069553241103,NA,26.5285714285714,49.4571428571429,24.0142857142857,NA,0.000444465174855444,0.00444
"arkana","20_40",4.06987368421053,1.50104635443921,0.215883238671701,NA,19.9578947368421,39.3421052631579,40.6947368421053,NA,0.000610906905671229,0.01222
"arkana","40_100",7.63332972972973,1.59451747615447,0.19649269329816,NA,11.5108108108108,26.2378378378378,62.2378378378378,NA,0.00121714776553035,0.07303
"ashe","0_10",0.0168,1.26,0.246635757280942,1,48.7666666666667,35.2333333333333,16,6.33333333333333,1.982736e-06,2e-05
"ashe","10_20",0.00564,1.5096443452381,0.210069553241103,NA,49.2,36.75,14.05,2,8.34410622500003e-07,1e-05
"ashe","20_40",NA,1.58,0.215883238671701,1,63.5,22.7,13.8,1,NA,NA
"ashe","40_100",0.011256,1.79,0.19649269329816,1,59.06,27.64,13.3,8,1.85363808e-06,0.00011
"ashlar","0_10",0.00132,1.3509262485482,0.246635757280942,NA,48.2886660985049,31.5216808172776,14.2365984772959,2.55253239021966,1.73770531240156e-07,0
"ashlar","10_20",0.00132,1.5096443452381,0.210069553241103,NA,46.7895312870223,30.4653139464118,15.1362533561418,2.95214027796427,1.93390233493818e-07,0
"ashlar","20_40",0.00132,1.57,0.215883238671701,1,74.2,20.1,5.7,14,1.782264e-07,0
"ashlar","40_100",0.00192,1.55,0.19649269329816,1,75.2,19.4,5.4,30,2.0832e-07,1e-05
"attoyac","0_10",0.13236,1.63,0.226274169979695,2,64.0333333333333,31.7333333333333,4.23333333333333,0.333333333333333,2.15027644e-05,0.00022
"attoyac","10_20",0.00426,1.585,0.134350288425444,2,72.75,24.25,3,1,6.684579e-07,1e-05
"attoyac","20_40",0.146506666666667,1.648,0.122351951353462,5,61.2333333333333,30.45,8.31666666666667,0.333333333333333,2.40638176711111e-05,0.00048
"attoyac","40_100",0.0775854545454545,1.7775,0.0337003603202442,8,49.0545454545455,26.5636363636364,24.3818181818182,0.181818181818182,1.37657403371901e-05,0.00083
"bayboro","0_10",0.0372,1.3509262485482,0.246635757280942,NA,44.8,20.4,34.8,NA,5.0254456445993e-06,5e-05
"bayboro","10_20",0.02608,1.5096443452381,0.210069553241103,NA,36,31.2666666666667,32.7333333333333,NA,3.93715245238097e-06,4e-05
"bayboro","20_40",0.0246,1.50104635443921,0.215883238671701,NA,31.95,32.85,35.2,NA,3.69257403192046e-06,7e-05
"bayboro","40_100",0.0356,1.59451747615447,0.19649269329816,NA,26.6666666666667,24.5,48.8333333333333,NA,5.67648221510991e-06,0.00034
"beauregard","0_10",0.00684,1.39,0.246635757280942,1,39.1833333333333,55.1333333333333,5.68333333333333,1.16666666666667,9.396678e-07,1e-05
"beauregard","10_20",0.00538,1.6,0.210069553241103,1,36.0666666666667,54.7,9.23333333333333,1,8.52192e-07,1e-05
"beauregard","20_40",0.00656,1.62,0.215883238671701,1,30.8166666666667,52.3666666666667,16.8166666666667,1,1.0520928e-06,2e-05
"beauregard","40_100",0.008235,1.70666666666667,0.0850490054811538,3,27.90625,52.375,19.71875,1.25,1.387872e-06,8e-05
"benndale","0_10",NA,1.53,0.246635757280942,1,71.4,18.95,9.65,0.5,NA,NA
"benndale","10_20",NA,1.5096443452381,0.210069553241103,NA,46.7895312870223,30.4653139464118,15.1362533561418,2.95214027796427,NA,NA
"benndale","20_40",NA,1.63,0.215883238671701,1,64.15,20.1,15.75,NA,NA,NA
"benndale","40_100",NA,1.69,0.0173205080756888,3,69.12,17.16,13.72,0.6,NA,NA
"bernaldo","0_10",0.516533333333333,1.3509262485482,0.246635757280942,NA,62.0666666666667,35.5,2.43333333333333,NA,6.97798438250097e-05,7e-04
"bernaldo","10_20",0.006,1.44,0.210069553241103,1,52.3,42.1,5.6,NA,8.64e-07,1e-05
"bernaldo","20_40",0.138,1.51,0.0800000000000001,3,56.625,37.875,5.5,NA,2.0838e-05,0.00042
"bernaldo","40_100",1.16737142857143,1.67142857142857,0.0817370930542087,7,41.4857142857143,32.4428571428571,26.0714285714286,0.142857142857143,0.000194839056209912,0.01169
"besner","0_10",0.0024,1.24,0.246635757280942,1,66,31.2,2.8,NA,2.976e-07,0
"besner","10_20",0.0024,1.5096443452381,0.210069553241103,NA,46.7895312870223,30.4653139464118,15.1362533561418,2.95214027796427,3.51618606352396e-07,0
"besner","20_40",0.0024,1.47,0.014142135623731,2,65.45,31.85,2.7,NA,3.528e-07,1e-05
"besner","40_100",0.0024,1.688,0.148895936814945,5,61.6,35.62,2.78,NA,4.0512e-07,2e-05
"bethera","0_10",1.04656,1.27,0.246635757280942,1,48.9,54.65,31.7,NA,0.00013291312,0.00133
"bethera","10_20",0.00084,1.5096443452381,0.210069553241103,NA,6.8,51.5,24.3,NA,1.26810125e-07,0
"bethera","20_40",1.24024,1.34,0.215883238671701,1,46.1,49.95,38.55,NA,0.00016619216,0.00332
"bethera","40_100",0.723733333333333,1.74,0.19649269329816,1,15.5666666666667,30.1,53.9,NA,0.0001259296,0.00756
"betis","0_10",0.14602,1.3509262485482,0.246635757280942,NA,48.2886660985049,31.5216808172776,14.2365984772959,2.55253239021966,1.9222706796733e-05,0.00019
"betis","10_20",0.14602,1.5096443452381,0.210069553241103,NA,90.85,7.35,1.8,NA,2.20438267291667e-05,0.00022
"betis","20_40",0.0012,1.50104635443921,0.215883238671701,NA,84.3,13.1,2.6,NA,1.80125562532705e-07,0
"betis","40_100",0.022616,1.72,0.19649269329816,1,86.76,9.2,4.04,NA,3.889952e-06,0.00023
"bibb","0_10",0.3825,1.3509262485482,0.246635757280942,NA,70.375,21.9,7.725,NA,5.16729290069687e-05,0.00052
"bibb","10_20",0.085,1.5096443452381,0.210069553241103,NA,48.3,37.55,14.05,NA,1.28319769345239e-05,0.00013
"bibb","20_40",0.022,1.14,0.215883238671701,1,61.52,27.56,10.88,NA,2.508e-06,5e-05
"bibb","40_100",0.013,1.38,0.127279220613579,2,76.28,15.69,7.99,0.2,1.790412e-06,0.00011
"blanton","0_10",0.0327705263157895,1.45,0.246635757280942,1,54.0944444444444,6.24736842105263,2.58947368421053,NA,4.75172631578947e-06,5e-05
"blanton","10_20",0.079515,1.5096443452381,0.210069553241103,NA,64.475,8.375,2.9875,NA,1.20039370111608e-05,0.00012
"blanton","20_40",0.00985142857142857,1.50104635443921,0.215883238671701,NA,51.1769230769231,7.76428571428571,3.35714285714286,NA,1.47874509431611e-06,3e-05
"blanton","40_100",0.0109183673469388,1.57,0.0264575131106459,3,58.4387755102041,6.66734693877551,2.73877551020408,NA,1.71418367346939e-06,1e-04
"bonneau","0_10",0.331552727272727,1.66,0.246635757280942,1,76.54,11.3454545454545,4.59090909090909,1.81818181818182,5.40370663140496e-05,0.00054
"bonneau","10_20",0.00092,1.81,0.210069553241103,1,75.9833333333333,8.43333333333333,2.73333333333333,4.16666666666667,1.59581666666667e-07,0
"bonneau","20_40",0.121129230769231,1.50104635443921,0.215883238671701,NA,65.4692307692308,11.6076923076923,6.16923076923077,1.46153846153846,1.79163212404502e-05,0.00036
"bonneau","40_100",0.0518881481481481,1.64,0.0299999999999999,3,55.8648148148148,9.37592592592593,18.2851851851852,1.18518518518519,8.40880111056241e-06,5e-04
"boulogne","0_10",0.00096,1.3509262485482,0.246635757280942,NA,59.3333333333333,4.66666666666667,1.86666666666667,NA,1.29688919860627e-07,0
"boulogne","10_20",0.000576,1.5096443452381,0.210069553241103,NA,46.7895312870223,30.4653139464118,15.1362533561418,2.95214027796427,8.4388465524575e-08,0
"boulogne","20_40",0.000192,1.50104635443921,0.215883238671701,NA,33.675,5.22,2.54,NA,2.88200900052328e-08,0
"boulogne","40_100",0.00012,1.59451747615447,0.19649269329816,NA,67.5444444444445,4.33,2.65,NA,1.91342097138536e-08,0
"bude","0_10",0.0072,1.54,0.127279220613579,2,24.4,65.55,10.05,NA,1.1088e-06,1e-05
"bude","10_20",0.0078,1.5096443452381,0.210069553241103,NA,46.7895312870223,30.4653139464118,15.1362533561418,2.95214027796427,1.14276047064529e-06,1e-05
"bude","20_40",0.0084,1.50104635443921,0.215883238671701,NA,16.15,64.55,19.3,NA,1.26087893772894e-06,3e-05
"bude","40_100",0.0205333333333333,1.675,0.124766448481419,4,14.8888888888889,61.2222222222222,23.8888888888889,NA,3.43933333333333e-06,0.00021
"burton","0_10",0.00468,0.7225,0.12737739202857,4,55.0444444444444,29.3111111111111,20.5125,11.7777777777778,2.983058e-07,0
"burton","10_20",0.0409,0.935,0.275771644662753,2,55.35,28.125,16.525,5.25,3.623382125e-06,4e-05
"burton","20_40",0.00243,1.046,0.114367827643966,5,54.7625,30.6875,14.55,15.75,2.14144965e-07,0
"burton","40_100",0.0152,1.27166666666667,0.0847152091815081,6,56.1636363636364,30.5181818181818,13.3181818181818,10.7272727272727,1.72558230303031e-06,1e-04
"caddo","0_10",0.00291428571428571,1.465,0.0494974746830584,2,24.4285714285714,69.4571428571429,6.11428571428571,0.714285714285714,4.23893265306122e-07,0
"caddo","10_20",0.00489,1.6,0.210069553241103,1,19.1,69.575,11.325,0.5,7.78488e-07,1e-05
"caddo","20_40",0.003765,1.685,0.0212132034355964,2,21.4,66.675,11.925,0.25,6.3281649375e-07,1e-05
"caddo","40_100",0.0117675,1.7075,0.0713559154286921,4,18.26875,63.74375,17.9875,0.3125,2.00302156054687e-06,0.00012
"cahaba","0_10",0.7309,1.4,0.0556776436283002,3,51.35,34.175,14.4666666666667,NA,0.000102326,0.00102
"cahaba","10_20",0.313657142857143,1.37,0.210069553241103,1,51.3,31.5,17.2,NA,4.29710285714286e-05,0.00043
"cahaba","20_40",0.3276,1.47333333333333,0.0757187779440037,3,47.9466666666667,32.9,19.14,NA,4.82663999999999e-05,0.00097
"cahaba","40_100",0.24369696969697,1.526,0.0439317652729776,5,46.1545454545455,28.3606060606061,25.469696969697,NA,3.71881575757576e-05,0.00223
"carnasaw","0_10",0.01944,1.5,0.325269119345812,2,27.6,61.4,10.975,8.25,2.67543e-06,3e-05
"carnasaw","10_20",0.01308,1.59,0.0565685424949237,2,29.775,56.975,14.3,9.75,1.8769473e-06,2e-05
"carnasaw","20_40",0.03448,1.43333333333333,0.155349069303081,3,11.4333333333333,36.4666666666667,52.0666666666667,4.66666666666667,4.71150044444443e-06,9e-05
"carnasaw","40_100",0.0473261538461539,1.55142857142857,0.110064915910047,7,15.6923076923077,33.7153846153846,51.8769230769231,5.61538461538461,6.93001551377853e-06,0.00042
"cartecay","0_10",NA,1.3509262485482,0.246635757280942,NA,53.1,26,20.9,NA,NA,NA
"cartecay","10_20",NA,1.5096443452381,0.210069553241103,NA,46.7895312870223,30.4653139464118,15.1362533561418,2.95214027796427,NA,NA
"cartecay","20_40",NA,1.50104635443921,0.215883238671701,NA,71.2,16.3,12.5,NA,NA,NA
"cartecay","40_100",NA,1.59451747615447,0.19649269329816,NA,69,18.8,12.2,NA,NA,NA
"cashiers","0_10",0.00372,1.3509262485482,0.246635757280942,NA,54.6,25.6,19.8,8,4.62340999303136e-07,0
"cashiers","10_20",0.003,1.5096443452381,0.210069553241103,NA,46.7895312870223,30.4653139464118,15.1362533561418,2.95214027796427,4.39523257940495e-07,0
"cashiers","20_40",0.00228,1.04,0.215883238671701,1,59.3,23,17.7,9,2.157792e-07,0
"cashiers","40_100",0.00348,1.31,0.0989949493661166,2,66.4,18.5,15.1,7.5,4.21689e-07,3e-05
"cataula","0_10",1.46,1.39,0.246635757280942,1,66.2,18.5,15.3,4,0.0001948224,0.00195
"cataula","10_20",0.77,1.72,0.210069553241103,1,68,18,14,11,0.0001178716,0.00118
"cataula","20_40",1.25,1.51,0.215883238671701,1,36.7,13.5,49.8,4,0.0001812,0.00362
"cataula","40_100",0.48,1.505,0.120208152801713,2,32.0333333333333,15.6,52.3666666666667,2.66666666666667,7.03136e-05,0.00422
"cecil","0_10",0.80352,1.58571428571429,0.13226956602045,7,58.4710526315789,21.9894736842105,21.9684210526316,6.13157894736842,0.000119602743699248,0.0012
"cecil","10_20",0.369668,1.64666666666667,0.102143689640297,3,53.74,20.095,29.655,5.6,5.74631654826668e-05,0.00057
"cecil","20_40",0.164306086956522,1.59083333333333,0.124568953766275,12,46.504347826087,20.4652173913043,36.6217391304348,5.21739130434783,2.47746194782608e-05,5e-04
"cecil","40_100",0.262009444444444,1.498,0.097689087900015,20,35.9277777777778,21.0986111111111,42.8472222222222,2.30555555555556,3.83441069370679e-05,0.0023
"chandler","0_10",0.00816,1.3509262485482,0.246635757280942,NA,40.35,22.05,29.3,22,8.59837538675959e-07,1e-05
"chandler","10_20",0.00228,1.62,0.210069553241103,1,65,22,13,47,1.957608e-07,0
"chandler","20_40",0.00696,1.50104635443921,0.215883238671701,NA,44.2,18.4,37.4,10,9.40255436420721e-07,2e-05
"chandler","40_100",0.00561,2.07666666666667,0.271538824725551,3,80.75,10.1,9.15,21.75,9.11620325000002e-07,5e-05
"chestnut","0_10",0.066,1.3509262485482,0.246635757280942,NA,34.7,48.6,14.6333333333333,3,8.64862984320558e-06,9e-05
"chestnut","10_20",0.03381,1.5096443452381,0.210069553241103,NA,46.7895312870223,30.4653139464118,15.1362533561418,2.95214027796427,4.95342711698938e-06,5e-05
"chestnut","20_40",0.00162,1.13,0.215883238671701,1,42.05,37.05,20.9,10,1.64754e-07,0
"chestnut","40_100",0.00176,1.45,0.0989949493661167,2,65,29.3,5.7,1.66666666666667,2.50946666666667e-07,2e-05
"chewacla","0_10",1.33744,1.355,0.190918830920368,2,13.0714285714286,48.3571428571429,38.5714285714286,1.28571428571429,0.000178893108457143,0.00179
"chewacla","10_20",2.535,1.5096443452381,0.210069553241103,NA,12.45,41,46.55,0.5,0.000380781367310269,0.00381
"chewacla","20_40",0.19855,1.48,0.0692820323027551,3,11.45,48.925,39.625,3.5,2.8356911e-05,0.00057
"chewacla","40_100",1.50608,1.53333333333333,0.118462370959446,3,15.65,46.3285714285714,38.0214285714286,0.5,0.000229777605333333,0.01379
"clarksville","0_10",0.548765443786982,1.3509262485482,0.246635757280942,NA,26.5863905325444,63.2307692307692,10.1786982248521,0.93491124260355,7.34410755947996e-05,0.00073
"clarksville","10_20",0.230934117647059,1.5096443452381,0.210069553241103,NA,24.1833333333333,65.2088235294118,10.6098039215686,0.235294117647059,3.47808082746483e-05,0.00035
"clarksville","20_40",0.27876218579235,1.50104635443921,0.215883238671701,NA,24.6770491803279,62.575956284153,12.7448087431694,1.2568306010929,4.13175944081736e-05,0.00083
"clarksville","40_100",0.678613046875,2.04,0.0916515138991169,3,26.1935546875,46.393359375,27.41328125,1.05078125,0.00013698239087655,0.00822
"clebit","0_10",0.01776,1.48,0.246635757280942,1,57.1,28.5,14.4,10,2.365632e-06,2e-05
"clebit","10_20",0.01602,1.5096443452381,0.210069553241103,NA,46.7895312870223,30.4653139464118,15.1362533561418,2.95214027796427,2.34705419740224e-06,2e-05
"clebit","20_40",0.01428,1.51,0.215883238671701,1,56.5,30,13.5,14,1.8544008e-06,4e-05
"clebit","40_100",0.01428,1.59451747615447,0.19649269329816,NA,47.1527031434407,24.7802985973975,23.2730709428291,3.29052854268621,2.20204657673442e-06,0.00013
"clifton","0_10",0.35602,1.29857142857143,0.108386433872598,7,36.05,35.75,28.2,11.375,4.0972879575e-05,0.00041
"clifton","10_20",0.0268,1.53,0.0916515138991168,3,27.4666666666667,37.0666666666667,35.4666666666667,2,4.018392e-06,4e-05
"clifton","20_40",0.1693,1.47166666666667,0.0820771994324043,6,28.0125,31.425,40.5625,5.75,2.34826859583334e-05,0.00047
"clifton","40_100",0.260912727272727,1.3935,0.106389304963076,20,38.1909090909091,27.1363636363636,34.6727272727273,5.45454545454545,3.43750146247934e-05,0.00206
"congaree","0_10",0.37,1.3509262485482,0.246635757280942,NA,48.2886660985049,31.5216808172776,14.2365984772959,2.55253239021966,4.8708406483983e-05,0.00049
"congaree","10_20",0.37,1.5096443452381,0.210069553241103,NA,53.2,29,17.8,NA,5.58568407738097e-05,0.00056
"congaree","20_40",0.42655,1.50104635443921,0.215883238671701,NA,44.6474010593,29.3694540148412,19.535668248824,2.4242495503916,6.24749547829391e-05,0.00125
"congaree","40_100",0.4831,1.59451747615447,0.19649269329816,NA,43.05,35.725,21.225,NA,7.70311392730225e-05,0.00462
"cowarts","0_10",0.144083333333333,1.525,0.088881944173156,4,73.7916666666667,9.60833333333333,8.75,3.83333333333333,2.11304211805556e-05,0.00021
"cowarts","10_20",0.000384,1.65,0.0282842712474619,2,79.2,10.26,10.54,3.4,6.120576e-08,0
"cowarts","20_40",0.0960371428571429,1.66333333333333,0.091796877216312,6,65.7857142857143,8.22857142857143,23.6357142857143,5.42857142857143,1.51070084272109e-05,3e-04
"cowarts","40_100",0.106148108108108,1.70055555555556,0.108653373420044,18,61.2027777777778,6.44864864864865,31.6567567567568,2.75675675675676,1.75534512521062e-05,0.00105
"cowee","0_10",0.0024,1.33,0.246635757280942,1,67.2,20.6,12.2,20,2.5536e-07,0
"cowee","10_20",0.00582,1.5096443452381,0.210069553241103,NA,46.7895312870223,30.4653139464118,15.1362533561418,2.95214027796427,8.5267512040456e-07,1e-05
"cowee","20_40",0.00924,1.64,0.215883238671701,1,62.8,18.6,18.6,17,1.2577488e-06,3e-05
"cowee","40_100",0.00816,1.83,0.395979797464466,2,78.9666666666667,9.6,11.4333333333333,18.3333333333333,1.219512e-06,7e-05
"craggey","0_10",0.00711,0.76,0.10816653826392,3,60.075,33.2,23.625,6.75,5.038857e-07,1e-05
"craggey","10_20",1.1506,1.04,0.210069553241103,1,71.85,20.6,7.55,21,9.4533296e-05,0.00095
"craggey","20_40",8e-05,0.97,0.215883238671701,1,79.6666666666667,16.9,3.43333333333333,20.3333333333333,6.18213333333334e-09,0
"craggey","40_100",NA,1.59451747615447,0.19649269329816,NA,68.1,23.5,8.4,20,NA,NA
"craven","0_10",0.00228,1.45,0.014142135623731,2,23.3,67.2,9.5,NA,3.306e-07,0
"craven","10_20",0.00024,1.62,0.210069553241103,1,25.9,63.9,10.2,NA,3.888e-08,0
"craven","20_40",0.00352,1.58333333333333,0.153079500042734,3,15.0666666666667,57.7666666666667,27.1666666666667,NA,5.57333333333332e-07,1e-05
"craven","40_100",0.01128,1.588,0.0402492235949962,5,15.24,38.26,46.5,NA,1.791264e-06,0.00011
"cullasaja","0_10",0.37274,0.925,0.0353553390593273,2,58.7,29,12.3,57,1.48257335e-05,0.00015
"cullasaja","10_20",0.009,0.84,0.210069553241103,1,55.3,23.7,21,51,3.7044e-07,0
"cullasaja","20_40",0.13128,1.32666666666667,0.319426569548204,3,58.0666666666667,28.8,13.1333333333333,46.6666666666667,9.28878933333335e-06,0.00019
"cullasaja","40_100",0.4548,1.54666666666667,0.185022521151706,3,63.9428571428571,23.8571428571429,12.2,58.8571428571429,2.89408731428572e-05,0.00174
"davidson","0_10",0.695474285714286,1.59,0.12,3,47.1571428571429,23.3,29.5428571428571,1,0.000109474607314286,0.00109
"davidson","10_20",0.62472,1.5096443452381,0.210069553241103,NA,30.9333333333333,34.0333333333333,30.7,1.33333333333333,9.30530281819051e-05,0.00093
"davidson","20_40",0.0384733333333333,1.5725,0.0206155281280883,4,40.1,20.9666666666667,38.9333333333333,0.666666666666667,6.00959878888889e-06,0.00012
"davidson","40_100",0.346728571428571,1.57666666666667,0.104626319187223,6,27.2,16.3357142857143,56.4642857142857,0.785714285714286,5.42380074387756e-05,0.00325
"dorovan","0_10",0.0018,1.3509262485482,0.246635757280942,NA,48.2886660985049,31.5216808172776,14.2365984772959,2.55253239021966,2.36959815327485e-07,0
"dorovan","10_20",0.0018,1.5096443452381,0.210069553241103,NA,21,0.1,17.9,NA,2.71735982142858e-07,0
"dorovan","20_40",0.0015,1.50104635443921,0.215883238671701,NA,44.6474010593,29.3694540148412,19.535668248824,2.4242495503916,2.19698586741082e-07,0
"dorovan","40_100",0.0012,1.59451747615447,0.19649269329816,NA,65.3,0.8,22.2,NA,1.91342097138536e-07,1e-05
"dothan","0_10",1.7071975,1.405,0.346482322781408,2,74.3809523809524,14.13125,7.63125,1.8125,0.000235513763616406,0.00236
"dothan","10_20",0.371332380952381,1.65666666666667,0.124525767079214,6,78.5595238095238,13.047619047619,7.08095238095238,2.19047619047619,6.01698738264552e-05,6e-04
"dothan","20_40",0.27691593220339,1.778,0.0834865258589673,5,66.6610169491525,13.3305084745763,15.0779661016949,2.91525423728814,4.78003082928354e-05,0.00096
"dothan","40_100",0.162928148148148,1.636,0.068677992593455,25,55.375,12.6240740740741,27.6231481481481,3.31481481481481,2.57714796552538e-05,0.00155
"duplin","0_10",0.00252,1.3509262485482,0.246635757280942,NA,37.2,23.2,9.4,NA,3.40433414634146e-07,0
"duplin","10_20",0.006,1.5096443452381,0.210069553241103,NA,7.3,17.8,12,NA,9.0578660714286e-07,1e-05
"duplin","20_40",0.004,1.50104635443921,0.215883238671701,NA,52.9333333333333,21.7666666666667,24.9333333333333,NA,6.00418541775684e-07,1e-05
"duplin","40_100",0.01008,1.59451747615447,0.19649269329816,NA,38.5,18.2857142857143,49.5714285714286,NA,1.60727361596371e-06,1e-04
"edneyville","0_10",0.0036,0.82,0.246635757280942,1,32.7,38.7,28.6,5,2.8044e-07,0
"edneyville","10_20",0.00408,1.19,0.210069553241103,1,36.5,34.2,29.3,2,4.758096e-07,0
"edneyville","20_40",0.002568,1.50104635443921,0.215883238671701,NA,44.6474010593,29.3694540148412,19.535668248824,2.4242495503916,3.76123980500733e-07,1e-05
"edneyville","40_100",0.001056,1.075,0.0493288286231624,4,66.5,24.24,9.26,0.6,1.1283888e-07,1e-05
"enon","0_10",0.00822,1.07,0.246635757280942,1,60.1,29.95,9.95,27.5,6.376665e-07,1e-05
"enon","10_20",0.01656,1.48,0.210069553241103,1,46.3,40.6,13.1,29,1.7401248e-06,2e-05
"enon","20_40",0.0405,1.52,0.215883238671701,1,30.75,19.9,49.35,8,5.66352e-06,0.00011
"enon","40_100",1.78066285714286,1.76333333333333,0.0873689494805411,3,32.3857142857143,17.5285714285714,50.0857142857143,2.57142857142857,0.000305916182987755,0.01835
"escambia","0_10",0.00064,1.3509262485482,0.246635757280942,NA,60.7333333333333,29.2666666666667,7.6,NA,8.64592799070848e-08,0
"escambia","10_20",0.00042,1.33,0.210069553241103,1,48.525,31.9,6.7,0.5,5.55807e-08,0
"escambia","20_40",NA,1.7,0.215883238671701,1,49.56,29.92,9.44,0.6,NA,NA
"escambia","40_100",0.000664615384615385,1.78,0.0282842712474619,2,57.0076923076923,29.0076923076923,15.3538461538462,0.615384615384615,1.17573528994083e-07,1e-05
"estate","0_10",1.4069,1.3509262485482,0.246635757280942,NA,45.975,45.375,8.65,NA,0.000190061813908246,0.0019
"estate","10_20",1.1036,1.64,0.210069553241103,1,37.175,47.8,15.025,NA,0.0001809904,0.00181
"estate","20_40",2.44672,1.50104635443921,0.215883238671701,NA,23.96,49.14,26.9,NA,0.00036726401363335,0.00735
"estate","40_100",1.81966153846154,1.74,0.19649269329816,1,29.3923076923077,30,40.6076923076923,NA,0.000316621107692308,0.019
"esto","0_10",0.005268,1.3509262485482,0.246635757280942,NA,57.84,13.68,11.89,NA,7.11667947735192e-07,1e-05
"esto","10_20",0.00288,1.5096443452381,0.210069553241103,NA,38.78,18.04,21.58,NA,4.34777571428573e-07,0
"esto","20_40",0.00736363636363636,1.50104635443921,0.215883238671701,NA,38.5363636363636,13.2272727272727,39.6,NA,1.10531595190524e-06,2e-05
"esto","40_100",0.00636,1.59451747615447,0.19649269329816,NA,44.1565217391304,8.68695652173913,53.5130434782609,NA,1.01411311483424e-06,6e-05
"evard","0_10",0.00204,1.3509262485482,0.246635757280942,NA,49.9,28.7,21.4,6,2.59053617421603e-07,0
"evard","10_20",0.00234,1.5096443452381,0.210069553241103,NA,46.7895312870223,30.4653139464118,15.1362533561418,2.95214027796427,3.42828141193586e-07,0
"evard","20_40",0.00264,1.49,0.215883238671701,1,40.6,32.8,26.6,4,3.776256e-07,1e-05
"evard","40_100",0.00348,1.555,0.0636396103067893,2,42.05,26.35,31.6,4,5.194944e-07,3e-05
"evergreen","0_10",0.00124,1.3509262485482,0.246635757280942,NA,48.2886660985049,31.5216808172776,14.2365984772959,2.55253239021966,1.63238983892268e-07,0
"evergreen","10_20",0.00124,1.5096443452381,0.210069553241103,NA,46.7895312870223,30.4653139464118,15.1362533561418,2.95214027796427,1.81669613282071e-07,0
"evergreen","20_40",0.00124,1.50104635443921,0.215883238671701,NA,56.1333333333333,4.9,4.2,NA,1.86129747950462e-07,0
"evergreen","40_100",0.00104,1.59451747615447,0.19649269329816,NA,44.9,1.45,1.75,NA,1.65829817520065e-07,1e-05
"fannin","0_10",0.03416,1.19,0.212132034355964,2,40.3833333333333,29.0833333333333,21.1,4.5,3.8821132e-06,4e-05
"fannin","10_20",0.0877,1.305,0.0212132034355964,2,61.55,18.7,19.75,13.5,9.89979525e-06,1e-04
"fannin","20_40",0.00876,1.3075,0.0590903263374528,4,48.36,17.68,33.96,2.8,1.11329964e-06,2e-05
"fannin","40_100",0.154351578947368,1.35818181818182,0.124082084268292,11,62.5631578947368,17.3736842105263,20.0631578947368,9.05263157894737,1.90659796871317e-05,0.00114
"forestdale","0_10",1.71861818181818,1.595,0.141539158303748,4,14.2272727272727,52.6,33.1636363636364,NA,0.0002741196,0.00274
"forestdale","10_20",2.8945,1.5096443452381,0.210069553241103,NA,12.8125,52.2875,34.9,NA,0.000436966555729168,0.00437
"forestdale","20_40",2.58636923076923,1.686,0.133341666406266,5,9.60769230769231,52.8,37.5923076923077,NA,0.000436061852307692,0.00872
"forestdale","40_100",4.72423157894737,1.70538461538462,0.08471672253412,13,12.1447368421053,44.3947368421053,43.4631578947368,NA,0.000805663185425104,0.04834
"foxworth","0_10",0.00341111111111111,1.3509262485482,0.246635757280942,NA,44.8055555555556,3.75,1.8,NA,4.60815953671442e-07,0
"foxworth","10_20",0.0158488888888889,1.5096443452381,0.210069553241103,NA,78.3222222222222,3.52222222222222,1.74444444444444,NA,2.39261854894181e-06,2e-05
"foxworth","20_40",0.007725,1.50104635443921,0.215883238671701,NA,58.0875,4.1625,1.8125,NA,1.15955830880429e-06,2e-05
"foxworth","40_100",0.007725,1.795,0.00707106781186548,2,69.3025641025641,3.5325,2.055,NA,1.3866375e-06,8e-05
"fuquay","0_10",0.281825454545455,1.43,0.246635757280942,1,75.1590909090909,12.25,4.24090909090909,3.04545454545455,3.90736901454545e-05,0.00039
"fuquay","10_20",0.0363353846153846,1.805,0.106066017177982,2,77.2076923076923,9.32307692307692,3.96153846153846,5.69230769230769,6.18520482130178e-06,6e-05
"fuquay","20_40",0.082384,1.69,0.215883238671701,1,65.6533333333333,11.1866666666667,5.38666666666667,7.2,1.2920447488e-05,0.00026
"fuquay","40_100",0.0423275471698113,1.704,0.045752959831396,10,67.2641509433962,9.54339622641509,13.9320754716981,1.75471698113208,7.08605307443218e-06,0.00043
"glenmora","0_10",0.01224,1.42,0.246635757280942,1,43.3,50.9,5.8,NA,1.73808e-06,2e-05
"glenmora","10_20",0.0099,1.5096443452381,0.210069553241103,NA,46.7895312870223,30.4653139464118,15.1362533561418,2.95214027796427,1.45042675120363e-06,1e-05
"glenmora","20_40",0.00756,1.59,0.215883238671701,1,35.7,52.1,12.2,1,1.1900196e-06,2e-05
"glenmora","40_100",0.009,1.635,0.0353553390593273,2,30.15,51.2,18.65,2,1.44207e-06,9e-05
"goldsboro","0_10",0.00352,1.38,0.246635757280942,1,64.5333333333333,28.7,10,NA,4.8576e-07,0
"goldsboro","10_20",0.04848,1.5096443452381,0.210069553241103,NA,74.78,18.88,6.34,0.2,7.30411827414288e-06,7e-05
"goldsboro","20_40",0.0519066666666667,1.55,0.062449979983984,3,61.5916666666667,26.8666666666667,11.5416666666667,0.166666666666667,8.03212411111111e-06,0.00016
"goldsboro","40_100",0.0207664,1.668,0.0396232255123179,5,56.004,22.38,21.62,0.2,3.45690784896e-06,0.00021
"greenville","0_10",0.0325418181818182,1.765,0.109498858441538,6,64.2727272727273,17.5272727272727,20.4818181818182,NA,5.74363090909091e-06,6e-05
"greenville","10_20",0.009096,1.69,0.0707106781186548,2,51.3,24.32,24.38,NA,1.537224e-06,2e-05
"greenville","20_40",0.10372,1.6375,0.0747854072854935,8,45.08,16.9333333333333,40.22,NA,1.698415e-05,0.00034
"greenville","40_100",0.0451565714285714,1.62611111111111,0.0825433140406324,18,41.9485714285714,14.68,43.0828571428571,NA,7.34296025396825e-06,0.00044
"guyton","0_10",0.381666666666667,1.4525,0.097082439194738,4,29.45,54.3666666666667,15.9666666666667,NA,5.54370833333333e-05,0.00055
"guyton","10_20",0.87,1.655,0.120208152801713,2,20.65,59.5,19.85,NA,0.000143985,0.00144
"guyton","20_40",0.2142,1.58,0.0724568837309472,5,21.06,64.76,14.18,NA,3.38436e-05,0.00068
"guyton","40_100",0.742866666666667,1.646,0.135088448391744,10,19.3916666666667,57.5333333333333,23.075,0.25,0.0001219701637,0.00732
"gwinnett","0_10",NA,1.3509262485482,0.246635757280942,NA,48.6333333333333,31,20.3666666666667,NA,NA,NA
"gwinnett","10_20",NA,1.5096443452381,0.210069553241103,NA,46.7895312870223,30.4653139464118,15.1362533561418,2.95214027796427,NA,NA
"gwinnett","20_40",NA,1.50104635443921,0.215883238671701,NA,26,35.6,38.4,NA,NA,NA
"gwinnett","40_100",NA,1.59451747615447,0.19649269329816,NA,37.55,20.75,41.7,NA,NA,NA
"hard labor","0_10",NA,1.3509262485482,0.246635757280942,NA,75.3,17.9,6.8,NA,NA,NA
"hard labor","10_20",NA,1.5096443452381,0.210069553241103,NA,79.9,15.3,4.8,NA,NA,NA
"hard labor","20_40",NA,1.50104635443921,0.215883238671701,NA,75.9,18.1,6,NA,NA,NA
"hard labor","40_100",NA,1.59451747615447,0.19649269329816,NA,36.75,14,49.25,NA,NA,NA
"harleston","0_10",NA,1.28,0.246635757280942,1,67.8333333333333,27.5666666666667,4.6,0.333333333333333,NA,NA
"harleston","10_20",NA,1.49,0.210069553241103,1,44.5,45,10.5,2,NA,NA
"harleston","20_40",NA,1.565,0.0494974746830584,2,53.45,34.9,11.65,0.25,NA,NA
"harleston","40_100",NA,1.7,0.03,3,55.775,27.2375,16.9875,0.375,NA,NA
"helena","0_10",0.00672,1.3509262485482,0.246635757280942,NA,76.75,32.45,11.3,NA,9.07822439024391e-07,1e-05
"helena","10_20",0.00414,1.5096443452381,0.210069553241103,NA,46.7895312870223,30.4653139464118,15.1362533561418,2.95214027796427,6.06542095957883e-07,1e-05
"helena","20_40",0.00156,1.50104635443921,0.215883238671701,NA,27.4,31.6,17.75,NA,2.34163231292517e-07,0
"helena","40_100",0.00582,1.59451747615447,0.19649269329816,NA,21.875,20.575,48.175,NA,9.28009171121902e-07,6e-05
"hemphill","0_10",0.04398,1.3509262485482,0.246635757280942,NA,48.2886660985049,31.5216808172776,14.2365984772959,2.55253239021966,5.78971815450155e-06,6e-05
"hemphill","10_20",0.04398,1.53,0.15556349186104,2,26.3,37.2,36.5,NA,6.72894e-06,7e-05
"hemphill","20_40",0.05472,1.64,0.215883238671701,1,8.8,33.8,57.4,NA,8.97408e-06,0.00018
"hemphill","40_100",0.0318342857142857,1.45571428571429,0.11355720186425,7,35.5857142857143,35.3142857142857,29.1,NA,4.63416244897961e-06,0.00028
"hiwassee","0_10",0.0138830769230769,1.60333333333333,0.159457413332421,6,31.3769230769231,29.2,39.4230769230769,1.46153846153846,2.19338732307692e-06,2e-05
"hiwassee","10_20",0.0093,1.645,0.0881286937760152,4,57.1,22.525,20.375,3.25,1.480129875e-06,1e-05
"hiwassee","20_40",0.013552,1.625,0.0808879295250975,8,23.7066666666667,22.0066666666667,54.2866666666667,1.13333333333333,2.17724173333333e-06,4e-05
"hiwassee","40_100",0.00803076923076923,1.56769230769231,0.0953199739608516,13,22.7269230769231,23.0730769230769,55.0192307692308,0.846153846153846,1.24832462812927e-06,7e-05
"hurricane","0_10",0.0141305263157895,1.3509262485482,0.246635757280942,NA,46.3666666666667,3.52631578947368,1.56315789473684,NA,1.90892989058011e-06,2e-05
"hurricane","10_20",0.000274285714285714,1.5096443452381,0.210069553241103,NA,62.3428571428571,3.44285714285714,1.3,NA,4.14073877551022e-08,0
"hurricane","20_40",0.000436363636363636,1.50104635443921,0.215883238671701,NA,56.68,4.65454545454545,1.80909090909091,NA,6.55002045573474e-08,0
"hurricane","40_100",0.00412558139534884,1.59451747615447,0.19649269329816,NA,51.8738095238095,3.25581395348837,1.62790697674419,NA,6.57831163418147e-07,4e-05
"kingsferry","0_10",0.00048,1.3509262485482,0.246635757280942,NA,46.6,4.3,1.1,NA,6.48444599303136e-08,0
"kingsferry","10_20",0.00024,1.5096443452381,0.210069553241103,NA,55.8,3.6,1.3,NA,3.62314642857144e-08,0
"kingsferry","20_40",0.00048,1.50104635443921,0.215883238671701,NA,32.4,5.5,1.4,NA,7.20502250130821e-08,0
"kingsferry","40_100",0.00024,1.59451747615447,0.19649269329816,NA,67.22,4.6,2.52,NA,3.82684194277073e-08,0
"kinston","0_10",0.01428,1.3509262485482,0.246635757280942,NA,1.3,40.6,46.3,NA,1.92912268292683e-06,2e-05
"kinston","10_20",0.02064,1.5096443452381,0.210069553241103,NA,21.1,33.7,29.3,NA,3.11590592857144e-06,3e-05
"kinston","20_40",0.02064,1.50104635443921,0.215883238671701,NA,44.6474010593,29.3694540148412,19.535668248824,2.4242495503916,3.02305255355729e-06,6e-05
"kinston","40_100",0.02064,1.59451747615447,0.19649269329816,NA,41.05,34.15,32.7,NA,3.29108407078283e-06,2e-04
"kolin","0_10",0.136973333333333,1.435,0.0494974746830584,2,33.9333333333333,57.8666666666667,8.2,NA,1.96556733333333e-05,2e-04
"kolin","10_20",0.20714,1.53,0.210069553241103,1,23.1,64.6,12.3,NA,3.169242e-05,0.00032
"kolin","20_40",0.141013333333333,1.56,0.215883238671701,1,26.8666666666667,57.1333333333333,16,0.333333333333333,2.19247530666667e-05,0.00044
"kolin","40_100",0.877938181818182,1.706,0.105261578935526,5,20.1545454545455,51.7818181818182,28.0636363636364,0.545454545454545,0.000148959292433719,0.00894
"lakeland","0_10",0.00308421052631579,1.3509262485482,0.246635757280942,NA,65.7052631578947,4.18421052631579,2.32631578947368,NA,4.16654095604866e-07,0
"lakeland","10_20",0.000925714285714286,1.5096443452381,0.210069553241103,NA,42.3857142857143,5.55714285714286,2.45714285714286,NA,1.3974993367347e-07,0
"lakeland","20_40",0.000826666666666667,1.50104635443921,0.215883238671701,NA,63.5625,4.87777777777778,3.25555555555556,NA,1.24086498633641e-07,0
"lakeland","40_100",0.000557333333333333,1.59451747615447,0.19649269329816,NA,75.0088888888889,4.51333333333333,3.22888888888889,NA,8.88677740043425e-08,1e-05
"latonia","0_10",0.00516,1.51,0.246635757280942,1,58.7,36,5.3,1,7.713684e-07,1e-05
"latonia","10_20",0.00549,1.5096443452381,0.210069553241103,NA,46.7895312870223,30.4653139464118,15.1362533561418,2.95214027796427,8.04327562031106e-07,1e-05
"latonia","20_40",0.00582,1.58,NA,2,52.95,35.9,11.15,NA,9.1956e-07,2e-05
"latonia","40_100",0.01364,1.65333333333333,0.0305505046330388,3,51.3666666666667,32.7333333333333,15.9,0.666666666666667,2.24011235555555e-06,0.00013
"leadvale","0_10",0.00861230769230769,1.3509262485482,0.246635757280942,NA,23.6461538461538,63.9,12.4615384615385,NA,1.1634592522112e-06,1e-05
"leadvale","10_20",0.0076,1.5096443452381,0.210069553241103,NA,21.3333333333333,63.6666666666667,15,NA,1.14732970238096e-06,1e-05
"leadvale","20_40",0.0076,1.50104635443921,0.215883238671701,NA,15.575,62.75,21.6833333333333,NA,1.1407952293738e-06,2e-05
"leadvale","40_100",0.0147434482758621,1.59451747615447,0.19649269329816,NA,16.4655172413793,55.3344827586207,28.2034482758621,NA,2.35086859346416e-06,0.00014
"leefield","0_10",0.00238,1.3509262485482,0.246635757280942,NA,38.7666666666667,8.31666666666667,5.63333333333333,NA,3.21520447154472e-07,0
"leefield","10_20",0.003336,1.5096443452381,0.210069553241103,NA,56.58,7.98,5.02,NA,5.0361735357143e-07,1e-05
"leefield","20_40",0.00066,1.50104635443921,0.215883238671701,NA,33.8571428571429,10.7875,5.25,NA,9.90690593929879e-08,0
"leefield","40_100",0.00212666666666667,1.59451747615447,0.19649269329816,NA,52.0571428571429,8.46111111111111,11.4777777777778,NA,3.39100716595517e-07,2e-05
"lenoir","0_10",2.65333333333333,1.41,NA,2,14.0333333333333,52.6333333333333,33.3333333333333,NA,0.00037412,0.00374
"lenoir","10_20",2.27,1.61,0.210069553241103,1,6,45.2,48.8,NA,0.00036547,0.00365
"lenoir","20_40",1.395,1.47,0.215883238671701,1,16.5,48.55,34.95,NA,0.000205065,0.0041
"lenoir","40_100",0.97,1.486,0.0702139587261679,5,7.74285714285714,46.4714285714286,45.7857142857143,NA,0.000144142,0.00865
"leon","0_10",0.317705,1.05,0.29698484809835,2,50.95,8.12916666666667,1.325,NA,3.3359025e-05,0.00033
"leon","10_20",0.01709,1.5096443452381,0.210069553241103,NA,68.85,4.9125,0.6125,NA,2.57998218601191e-06,3e-05
"leon","20_40",0.00143,1.47666666666667,0.21594752448994,3,64.9035714285714,3.72142857142857,1.00357142857143,NA,2.11163333333334e-07,0
"leon","40_100",0.00326518518518519,1.45,0.321403173599764,3,64.0475,4.40740740740741,2.3,NA,4.73451851851852e-07,3e-05
"lexington","0_10",0.313376,1.3509262485482,0.246635757280942,NA,19.16,67.86,12.98,NA,4.23347864065041e-05,0.00042
"lexington","10_20",0.0336,1.5096443452381,0.210069553241103,NA,6.45,65.45,28.1,NA,5.07240500000002e-06,5e-05
"lexington","20_40",1.29235,1.50104635443921,0.215883238671701,NA,7.825,59.825,32.35,NA,0.000193987725615951,0.00388
"lexington","40_100",0.836363636363636,1.59451747615447,0.19649269329816,NA,24.5272727272727,52.9818181818182,22.4909090909091,NA,0.000133359643460192,0.008
"lily","0_10",1.2661147826087,1.39333333333333,0.300222139978605,3,43.6695652173913,43.9326086956522,11.1130434782609,1.1304347826087,0.000174417770513421,0.00174
"lily","10_20",0.584764651162791,1.35833333333333,0.128127540625217,6,43.1093023255814,44.2767441860465,12.6186046511628,2.23255813953488,7.76571989803496e-05,0.00078
"lily","20_40",1.2859925,1.55875,0.122408858222878,8,41.4625,39.3395833333333,19.1958333333333,1.6875,0.00019707141832168,0.00394
"lily","40_100",1.63793076923077,1.65714285714286,0.112552795914326,14,51.4365384615385,28.2048076923077,20.3586538461538,1.27884615384615,0.000267957374188504,0.01608
"lloyd","0_10",0.8725,1.415,0.558614357137373,2,58.725,20.675,20.6,7.25,0.000114507990625,0.00115
"lloyd","10_20",0.09948,1.51,0.210069553241103,1,50.65,24.05,25.3,11,1.33691172e-05,0.00013
"lloyd","20_40",0.489057142857143,1.57,0.254558441227157,2,35.6,20.6571428571429,43.7428571428571,2.42857142857143,7.49172664081633e-05,0.0015
"lloyd","40_100",0.382068,1.558,0.228516957795259,5,33.81,23.39,42.8,1.7,5.85142490952e-05,0.00351
"louisburg","0_10",NA,1.3509262485482,0.246635757280942,NA,65.2,27.8,7,NA,NA,NA
"louisburg","10_20",NA,1.5096443452381,0.210069553241103,NA,46.7895312870223,30.4653139464118,15.1362533561418,2.95214027796427,NA,NA
"louisburg","20_40",NA,1.50104635443921,0.215883238671701,NA,60.2,30.9,8.9,NA,NA,NA
"louisburg","40_100",NA,1.59451747615447,0.19649269329816,NA,62.4,24.6333333333333,12.9666666666667,NA,NA,NA
"lucy","0_10",0.22,1.3509262485482,0.246635757280942,NA,71.9,7.88571428571429,4.21428571428571,1.85714285714286,2.91684276007964e-05,0.00029
"lucy","10_20",0.00654,1.58,0.210069553241103,1,73.3,5.65,5.45,NA,1.03332e-06,1e-05
"lucy","20_40",0.0157771428571429,1.50104635443921,0.215883238671701,NA,59.0428571428571,8.75714285714286,6.37142857142857,0.142857142857143,2.36483910223678e-06,5e-05
"lucy","40_100",0.0316963636363636,1.616,0.0512835256198323,5,61.7863636363636,7.00909090909091,13.7954545454545,0.0454545454545455,5.11980412165289e-06,0.00031
"lynchburg","0_10",0.002856,1.33,0.29698484809835,2,52.36,27.4,10.38,NA,3.79848e-07,0
"lynchburg","10_20",0.002928,1.7,0.0565685424949239,2,74.02,21.9,7.8,NA,4.9776e-07,0
"lynchburg","20_40",0.00102,1.71,0.0989949493661167,2,56.32,18.9,9.27,NA,1.7442e-07,0
"lynchburg","40_100",0.00296470588235294,1.816,0.0931665175908169,5,61.5529411764706,16.3294117647059,17.8058823529412,NA,5.38390588235294e-07,3e-05
"madison","0_10",1.887392,1.35,0.306104557300279,3,59.84,19.96,20.2,4.4,0.00024358681152,0.00244
"madison","10_20",0.473386666666667,1.765,0.0212132034355964,2,49.45,21.5666666666667,28.9833333333333,4.5,7.97928730666667e-05,8e-04
"madison","20_40",0.50114,1.47666666666667,0.0929157324317756,3,37.65,18.1333333333333,44.2166666666667,0.833333333333333,7.33849927222224e-05,0.00147
"madison","40_100",0.32688,1.46444444444444,0.07650344945019,9,41.00625,17.0875,41.90625,0.25,4.77500855999999e-05,0.00287
"malbis","0_10",0.00224666666666667,1.58666666666667,0.108750478926148,6,60.0388888888889,31.9444444444444,6.41666666666667,1,3.52906400000001e-07,0
"malbis","10_20",0.0212425,1.63857142857143,0.162729691147474,7,58.26875,33.7875,7.23125,1.5,3.42852432678572e-06,3e-05
"malbis","20_40",0.0139485714285714,1.67,0.0616441400296898,9,53.3095238095238,31.7619047619048,17.0047619047619,1.57142857142857,2.29280639183673e-06,5e-05
"malbis","40_100",0.0147171830985915,1.72321428571429,0.0730830867310459,28,45.630985915493,29.369014084507,24.5154929577465,1.74647887323944,2.49179380961828e-06,0.00015
"mantachie","0_10",0.50749,1.55,0.0294392028877595,4,44.425,31.2083333333333,24.375,0.583333333333333,7.82020944583333e-05,0.00078
"mantachie","10_20",0.22511,1.635,0.0777817459305201,2,43.1125,35.275,21.6125,1.5,3.6253402725e-05,0.00036
"mantachie","20_40",0.145254545454545,1.595,0.106160256216722,6,54.4727272727273,27.8909090909091,17.6363636363636,1.45454545454545,2.28311094545455e-05,0.00046
"mantachie","40_100",0.1679325,1.61384615384615,0.12692113440627,13,56.19375,24.603125,19.203125,1.5,2.66951960942307e-05,0.0016
"mascotte","0_10",0.00558,1.3509262485482,0.246635757280942,NA,33.05,6,2.4,NA,7.53816846689896e-07,1e-05
"mascotte","10_20",0.0012,1.5096443452381,0.210069553241103,NA,63.6,4,2.7,NA,1.81157321428572e-07,0
"mascotte","20_40",0.00024,1.50104635443921,0.215883238671701,NA,28.05,4.6,1.15,NA,3.6025112506541e-08,0
"mascotte","40_100",0.001968,1.59451747615447,0.19649269329816,NA,42.5555555555556,5.32,11.36,NA,3.138010393072e-07,2e-05
"mattex","0_10",0.0168,1.24,0.246635757280942,1,11.5,58,30.5,NA,2.0832e-06,2e-05
"mattex","10_20",0.01434,1.5096443452381,0.210069553241103,NA,46.7895312870223,30.4653139464118,15.1362533561418,2.95214027796427,2.10092117295557e-06,2e-05
"mattex","20_40",0.01188,1.47,0.0565685424949239,2,23.3,46.25,30.45,0.5,1.7376282e-06,3e-05
"mattex","40_100",0.00666,1.715,0.0212132034355964,2,46.3,37.35,16.35,2,1.1193462e-06,7e-05
"mclaurin","0_10",0.00192,1.4,0.246635757280942,1,53.2,40.6,6.2,NA,2.688e-07,0
"mclaurin","10_20",0.00084,1.59,0.210069553241103,1,56.9,39,4.1,NA,1.3356e-07,0
"mclaurin","20_40",0.00192,1.62,0.215883238671701,1,50.4,39.5,10.1,NA,3.1104e-07,1e-05
"mclaurin","40_100",0.00588,1.6,0.19649269329816,1,46.7,38.3,15,NA,9.408e-07,6e-05
"mecklenburg","0_10",0.01788,1.61,0.0424264068711927,2,39.8333333333333,28.6,31.5666666666667,1.66666666666667,2.830702e-06,3e-05
"mecklenburg","10_20",NA,1.5096443452381,0.210069553241103,NA,40.7,33.9,25.4,NA,NA,NA
"mecklenburg","20_40",0.012,1.41,0.215883238671701,1,21.2,21.15,57.65,NA,1.692e-06,3e-05
"mecklenburg","40_100",0.03444,1.346,0.146901327427631,5,25.36,33.84,40.8,0.1,4.630988376e-06,0.00028
"meggett","0_10",0.00538,1.37,0.113137084989848,2,69.0333333333333,21.7166666666667,8.13333333333333,NA,7.3706e-07,1e-05
"meggett","10_20",0.00408,1.515,0.0494974746830584,2,62.7,22.3666666666667,8.2,NA,6.1812e-07,1e-05
"meggett","20_40",0.02048,1.7,0.0565685424949239,2,48.25,18.65,20.8166666666667,NA,3.4816e-06,7e-05
"meggett","40_100",0.0608914285714286,1.75,0.0707106781186548,5,46.3285714285714,18.75,42.9642857142857,0.857142857142857,1.05646628571429e-05,0.00063
"moko","0_10",5.54045428571429,1.29,0.246635757280942,1,29.2196428571429,44.3776785714286,26.4017857142857,0.267857142857143,0.000712804178028061,0.00713
"moko","10_20",5.94476070175439,1.37,0.210069553241103,1,32.4105263157895,40.5157894736842,27.0754385964912,0.508771929824561,0.000810288613637181,0.0081
"moko","20_40",5.9997488,1.52,0.215883238671701,1,29.99,42.65,27.356,0.66,0.00090594286960384,0.01812
"moko","40_100",6.0298,1.47,0.19649269329816,1,46.1,33.075,20.825,NA,0.0008863806,0.05318
"mollville","0_10",0.01048,1.335,0.388908729652601,2,39.7333333333333,46.3,13.9666666666667,NA,1.39908e-06,1e-05
"mollville","10_20",0.00378,1.57,0.0282842712474619,2,61.9,28,10.1,NA,5.9346e-07,1e-05
"mollville","20_40",0.02757,1.7125,0.199895806192459,4,46.525,37.225,16.25,NA,4.7213625e-06,9e-05
"mollville","40_100",0.0207866666666667,1.65777777777778,0.158727579344122,9,49.4555555555556,31.0111111111111,19.5333333333333,0.111111111111111,3.44213855473252e-06,0.00021
"nikwasi","0_10",0.0018,0.96,0.246635757280942,1,70,17.5,12.5,NA,1.728e-07,0
"nikwasi","10_20",0.00102,1.5096443452381,0.210069553241103,NA,46.7895312870223,30.4653139464118,15.1362533561418,2.95214027796427,1.49437907699768e-07,0
"nikwasi","20_40",0.00024,1.24,0.215883238671701,1,80.1,13.6,6.3,5,2.8272e-08,0
"nikwasi","40_100",0.00016,1.325,0.00707106781186548,2,92.6666666666667,4.66666666666667,2.66666666666667,34,1.3992e-08,0
"nixa","0_10",0.460314285714286,1.3509262485482,0.246635757280942,NA,21.9785714285714,68.2535714285714,9.75714285714286,2.39285714285714,6.06970653429123e-05,0.00061
"nixa","10_20",0.3264325,1.5096443452381,0.210069553241103,NA,19.2875,70.8875,9.8375,4.9375,4.68465126951669e-05,0.00047
"nixa","20_40",0.378774193548387,1.50104635443921,0.215883238671701,NA,22.6,66.0774193548387,11.3322580645161,2.41935483870968,5.5480219603352e-05,0.00111
"nixa","40_100",1.05289011494253,1.96,0.212132034355964,2,22.3758620689655,47.9954022988506,29.6310344827586,1.64367816091954,0.000202974462052689,0.01218
"noark","0_10",0.427888372093023,1.3509262485482,0.246635757280942,NA,17.9860465116279,71.5581395348837,10.4581395348837,NA,5.78045633309024e-05,0.00058
"noark","10_20",0.156781818181818,1.5096443452381,0.210069553241103,NA,16.5272727272727,73.5045454545455,9.95909090909091,NA,2.3668478525433e-05,0.00024
"noark","20_40",0.241936,1.50104635443921,0.215883238671701,NA,14.056,67.232,18.718,0.74,3.60469787891628e-05,0.00072
"noark","40_100",1.06752280701754,1.44,0.19649269329816,1,13.0622807017544,38.480701754386,48.4605263157895,0.771929824561403,0.00015253664833241,0.00915
"norfolk","0_10",0.259784615384615,1.735,0.0443471156521669,4,76.7230769230769,13.1,4.5,0.153846153846154,4.5003288260355e-05,0.00045
"norfolk","10_20",0.0431569230769231,1.72,0.0565685424949239,2,82.6230769230769,12.0153846153846,4.52307692307692,NA,7.42299076923077e-06,7e-05
"norfolk","20_40",0.0334852173913043,1.774,0.0622896460095898,5,68.3,13.5086956521739,10.9565217391304,0.260869565217391,5.9247811889603e-06,0.00012
"norfolk","40_100",0.0832724137931034,1.70833333333333,0.0649207661873529,18,63.2137931034483,11.4120689655172,25.4137931034483,0.413793103448276,1.41668390408244e-05,0.00085
"ocilla","0_10",0.00363272727272727,1.3509262485482,0.246635757280942,NA,64.4272727272727,8.90909090909091,2.93636363636364,NA,4.90754662654419e-07,0
"ocilla","10_20",0.00208,1.5096443452381,0.210069553241103,NA,52.4,6.6,3.4,NA,3.14006023809525e-07,0
"ocilla","20_40",0.00075,1.50104635443921,0.215883238671701,NA,55.2416666666667,8.175,3.31666666666667,NA,1.12578476582941e-07,0
"ocilla","40_100",0.00244736842105263,1.59451747615447,0.19649269329816,NA,51.8027777777778,9.11842105263158,12.9078947368421,NA,3.90237171795699e-07,2e-05
"olustee","0_10",0.00198,1.3509262485482,0.246635757280942,NA,36.025,7.75,2.225,NA,2.67483397212544e-07,0
"olustee","10_20",0.001146,1.5096443452381,0.210069553241103,NA,46.7895312870223,30.4653139464118,15.1362533561418,2.95214027796427,1.67897884533269e-07,0
"olustee","20_40",0.000312,1.50104635443921,0.215883238671701,NA,46.86,5.4,3.1,NA,4.68326462585034e-08,0
"olustee","40_100",0.00189818181818182,1.59451747615447,0.19649269329816,NA,52.8818181818182,5.21818181818182,9.81818181818182,NA,3.02668408200958e-07,2e-05
"orangeburg","0_10",0.129536923076923,1.76333333333333,0.185022521151706,3,69.8076923076923,13.1230769230769,7.66538461538462,0.192307692307692,2.27977511331361e-05,0.00023
"orangeburg","10_20",0.100726315789474,1.83,0.210069553241103,1,68.4473684210526,12.0947368421053,8.32631578947368,0.842105263157895,1.82776912354571e-05,0.00018
"orangeburg","20_40",0.0687177142857143,1.73111111111111,0.0964940988408675,9,66.3588235294118,13.4114285714286,14.8342857142857,0.257142857142857,1.18652106733424e-05,0.00024
"orangeburg","40_100",0.137841,1.683125,0.0878421880419653,16,56.6493670886076,10.6625,26.32125,0.575,2.30669612234531e-05,0.00138
"ouachita","0_10",0.8,1.3509262485482,0.246635757280942,NA,48.2886660985049,31.5216808172776,14.2365984772959,2.55253239021966,0.000105315473478882,0.00105
"ouachita","10_20",0.8,1.54,0.210069553241103,1,16.6,60.7,22.7,1,0.000121968,0.00122
"ouachita","20_40",0.16,1.46,0.215883238671701,1,17.9,60,22.1,NA,2.336e-05,0.00047
"ouachita","40_100",0.12,1.56,0.19649269329816,1,20.9,58,21.1,NA,1.872e-05,0.00112
"pacolet","0_10",0.00210857142857143,1.16,0.0888819441731559,3,60.1285714285714,19.9714285714286,19.9,10.2857142857143,2.19436016326531e-07,0
"pacolet","10_20",0.00127028571428571,1.5096443452381,0.210069553241103,NA,46.7895312870223,30.4653139464118,15.1362533561418,2.95214027796427,1.86106705219375e-07,0
"pacolet","20_40",0.000432,1.4325,0.177270979012358,4,50.52,20.96,28.52,12.6,5.4086616e-08,0
"pacolet","40_100",0.00293142857142857,1.60272727272727,0.269224475450911,11,45.7,15.4642857142857,38.8357142857143,7.14285714285714,4.36268905380333e-07,3e-05
"pamlico","0_10",3.14,1.3509262485482,0.246635757280942,NA,48.2886660985049,31.5216808172776,14.2365984772959,2.55253239021966,0.000413363233404613,0.00413
"pamlico","10_20",3.14,1.5096443452381,0.210069553241103,NA,9.15000000000001,34.9,26.45,NA,0.000474028324404764,0.00474
"pamlico","20_40",2.945,1.50104635443921,0.215883238671701,NA,68.45,28.95,2.6,NA,0.000442058151382347,0.00884
"pamlico","40_100",0.0175146666666667,1.59451747615447,0.19649269329816,NA,78.8066666666667,5.56666666666667,2.62666666666667,NA,2.79274420890202e-06,0.00017
"pantego","0_10",0.00288,1.3509262485482,0.246635757280942,NA,48.2886660985049,31.5216808172776,14.2365984772959,2.55253239021966,3.79135704523976e-07,0
"pantego","10_20",0.00288,1.5096443452381,0.210069553241103,NA,38.4,26.9,19.7,NA,4.34777571428573e-07,0
"pantego","20_40",0.00186,1.50104635443921,0.215883238671701,NA,26.65,31.65,16.45,NA,2.79194621925693e-07,1e-05
"pantego","40_100",0.00144,1.59451747615447,0.19649269329816,NA,47.925,28.225,18.95,NA,2.29610516566244e-07,1e-05
"pelham","0_10",0.0088,1.6,0.246635757280942,1,67.0181818181818,8.90909090909091,4.19090909090909,0.0909090909090909,1.40672e-06,1e-05
"pelham","10_20",0.00024,1.5096443452381,0.210069553241103,NA,31.2,7,2.2,NA,3.62314642857144e-08,0
"pelham","20_40",0.000252,1.65,0.215883238671701,1,60.9,9.24,3.54,NA,4.158e-08,0
"pelham","40_100",0.00076258064516129,1.8,0.0360555127546399,3,63.6935483870968,8.23870967741935,11.3387096774194,0.032258064516129,1.37220237252862e-07,1e-05
"plott","0_10",0.01968,0.95,0.246635757280942,1,46.2,37.3,16.5,2,1.832208e-06,2e-05
"plott","10_20",0.01116,1.5096443452381,0.210069553241103,NA,46.7895312870223,30.4653139464118,15.1362533561418,2.95214027796427,1.63502651953864e-06,2e-05
"plott","20_40",0.00264,0.96,0.215883238671701,1,46.9,40.7,12.4,8,2.331648e-07,0
"plott","40_100",0.0032,1.18666666666667,0.128970280814354,3,56.9666666666667,29.3666666666667,13.6666666666667,9.33333333333333,3.44291555555557e-07,2e-05
"plummer","0_10",0.001152,1.3509262485482,0.246635757280942,NA,40.34,7.56,4.52,NA,1.55626703832753e-07,0
"plummer","10_20",0.001,1.5096443452381,0.210069553241103,NA,52.3666666666667,5.96666666666667,2.4,NA,1.5096443452381e-07,0
"plummer","20_40",3e-04,1.50104635443921,0.215883238671701,NA,66.675,7.35,3.225,NA,4.50313906331763e-08,0
"plummer","40_100",0.000226666666666667,1.59451747615447,0.19649269329816,NA,52.2722222222222,4.71111111111111,2.12222222222222,NA,3.6142396126168e-08,0
"poarch","0_10",0.00092,1.3509262485482,0.246635757280942,NA,51.3,25.2,4.66666666666667,NA,1.24285214866434e-07,0
"poarch","10_20",7e-04,1.5096443452381,0.210069553241103,NA,46.7895312870223,30.4653139464118,15.1362533561418,2.95214027796427,1.02555426852782e-07,0
"poarch","20_40",0.00048,1.50104635443921,0.215883238671701,NA,55.8333333333333,25.6333333333333,7.86666666666667,0.333333333333333,7.18100575963718e-08,0
"poarch","40_100",0.0249377777777778,1.59451747615447,0.19649269329816,NA,70.2555555555556,20.4666666666667,14.6,0.222222222222222,3.9675358655383e-06,0.00024
"ponzer","0_10",0.03924,0.8,0.246635757280942,1,59.5,13.6,46.6,NA,3.1392e-06,3e-05
"ponzer","10_20",0.02256,1.5096443452381,0.210069553241103,NA,46.7895312870223,30.4653139464118,15.1362533561418,2.95214027796427,3.30521489971252e-06,3e-05
"ponzer","20_40",0.00588,0.72,0.215883238671701,1,69.1666666666667,42.6333333333333,24.8666666666667,NA,4.2336e-07,1e-05
"ponzer","40_100",0.00289714285714286,1.15,0.240416305603426,2,33.3857142857143,49.9285714285714,13.7571428571429,0.142857142857143,3.32695469387755e-07,2e-05
"portia","0_10",0.645766666666667,1.3509262485482,0.246635757280942,NA,34.0458333333333,55.7708333333333,10.1833333333333,NA,8.72383140437476e-05,0.00087
"portia","10_20",0.432430769230769,1.5096443452381,0.210069553241103,NA,38.0384615384615,51.0538461538462,10.9,NA,6.52816665476193e-05,0.00065
"portia","20_40",0.525909677419355,1.50104635443921,0.215883238671701,NA,28.7516129032258,53.6387096774194,17.6129032258065,NA,7.89414804054623e-05,0.00158
"portia","40_100",1.71904788732394,1.59451747615447,0.19649269329816,NA,27.6267605633803,37.1450704225352,35.230985915493,NA,0.000274105189868445,0.01645
"pottsburg","0_10",0.00072,1.3509262485482,0.246635757280942,NA,47.425,4.175,1.7625,NA,9.72666898954704e-08,0
"pottsburg","10_20",0.00018,1.5096443452381,0.210069553241103,NA,47.6,5,1.85,NA,2.71735982142858e-08,0
"pottsburg","20_40",0.000225,1.50104635443921,0.215883238671701,NA,47.2,4.8375,1.6875,NA,3.37735429748822e-08,0
"pottsburg","40_100",0.000133333333333333,1.59451747615447,0.19649269329816,NA,44.3944444444444,4.37777777777778,1.92777777777778,NA,2.12602330153929e-08,0
"providence","0_10",0.01516,1.21333333333333,0.204287379280594,3,14.5,75.5,10,NA,1.83941333333333e-06,2e-05
"providence","10_20",0.01092,1.5275,0.0846069343099804,4,15.625,68.425,15.95,NA,1.66803e-06,2e-05
"providence","20_40",0.02576,1.56666666666667,0.0152752523165195,3,11.1666666666667,65.0333333333333,23.8,NA,4.03573333333334e-06,8e-05
"providence","40_100",0.0320228571428571,1.635,0.0988571053224161,12,19.2285714285714,57.4071428571429,23.3642857142857,NA,5.23573714285714e-06,0.00031
"rains","0_10",0.00756615384615385,1.35,0.06557438524302,3,58.4916666666667,25.2153846153846,10.2076923076923,0.153846153846154,1.01985933727811e-06,1e-05
"rains","10_20",0.004656,1.465,0.0777817459305203,2,61.8,25.74,8.72,NA,6.82104e-07,1e-05
"rains","20_40",0.00489866666666667,1.5725,0.0602079728939614,4,69.58,20.0333333333333,12.1066666666667,0.133333333333333,7.69288246222222e-07,2e-05
"rains","40_100",0.00462533333333333,1.69714285714286,0.0446147530585589,7,61.1533333333333,19.1766666666667,23.5466666666667,0.133333333333333,7.83938496000001e-07,5e-05
"reddies","0_10",0.18883,0.91,0.197989898732233,2,64.475,31.025,8.05,NA,1.718353e-05,0.00017
"reddies","10_20",0.0464,1.34,0.210069553241103,1,68.2,21.8,10,3.33333333333333,6.01034666666667e-06,6e-05
"reddies","20_40",0.01786,1.24333333333333,0.280059517483933,3,69.95,23.375,6.675,NA,2.22059333333333e-06,4e-05
"reddies","40_100",0.00835272727272727,1.23,0.13076696830622,3,80.3636363636364,13.2272727272727,6.40909090909091,46.2727272727273,5.51986185123967e-07,3e-05
"rexor","0_10",0.02496,1.3509262485482,0.246635757280942,NA,48.2886660985049,31.5216808172776,14.2365984772959,2.55253239021966,3.28584277254113e-06,3e-05
"rexor","10_20",0.02496,1.5096443452381,0.210069553241103,NA,26.7,62.3,10.9,NA,3.7680722857143e-06,4e-05
"rexor","20_40",0.02865,1.50104635443921,0.215883238671701,NA,44.6474010593,29.3694540148412,19.535668248824,2.4242495503916,4.19624300675467e-06,8e-05
"rexor","40_100",0.03234,1.59451747615447,0.19649269329816,NA,27.35,54.45,20.2,NA,5.15666951788356e-06,0.00031
"rosman","0_10",0.01314,1.1,0.212132034355964,2,43.3,41.35,15.35,NA,1.4454e-06,1e-05
"rosman","10_20",0.01836,1.33,0.210069553241103,1,62.4,25.2,12.4,1,2.4174612e-06,2e-05
"rosman","20_40",0.00834,1.24,0.127279220613579,2,43.7,41.7,14.6,NA,1.03416e-06,2e-05
"rosman","40_100",0.0064,1.29,0.132233559604642,8,69.6222222222222,23.7555555555556,6.62222222222222,NA,8.256e-07,5e-05
"ruston","0_10",0.004728,1.49,0.0367423461417477,5,65.26,29.2666666666667,5.47333333333333,0.0666666666666667,7.04002352e-07,1e-05
"ruston","10_20",0.00788,1.7175,0.17423642940939,4,57.8,31.1888888888889,11.0111111111111,NA,1.35339e-06,1e-05
"ruston","20_40",0.006024,1.7025,0.0394757309410901,4,57.4733333333333,29.6933333333333,12.8333333333333,0.0666666666666667,1.024902276e-06,2e-05
"ruston","40_100",0.0135962790697674,1.75352941176471,0.0561183098986628,17,56.6116279069767,23.5860465116279,19.8023255813953,0.116279069767442,2.38137525937709e-06,0.00014
"rutlege","0_10",0.00054,1.3509262485482,0.246635757280942,NA,76.75,7,3.25,NA,7.29500174216028e-08,0
"rutlege","10_20",0.00048,1.5096443452381,0.210069553241103,NA,44,11.6,2.6,NA,7.24629285714288e-08,0
"rutlege","20_40",0.00024,1.50104635443921,0.215883238671701,NA,58.3666666666667,5.83333333333333,2.96666666666667,NA,3.6025112506541e-08,0
"rutlege","40_100",2e-04,1.59451747615447,0.19649269329816,NA,50.0444444444444,4.46666666666667,4.2,NA,3.18903495230894e-08,0
"sacul","0_10",0.00788571428571429,1.435,0.0919238815542511,2,50.0142857142857,41.5428571428571,30.3,1.28571428571429,1.11705085714286e-06,1e-05
"sacul","10_20",0.00348,1.48,0.210069553241103,1,36.82,41.44,36.78,NA,5.1504e-07,1e-05
"sacul","20_40",0.00881142857142857,1.62666666666667,0.0513160143944688,3,37.5142857142857,42.0142857142857,31.9857142857143,1.42857142857143,1.41284963265306e-06,3e-05
"sacul","40_100",0.0273314285714286,1.64,0.0728010988928051,5,30.3095238095238,36.5,35.4904761904762,1.57142857142857,4.41191728979592e-06,0.00026
"saffell","0_10",0.24218,1.3509262485482,0.246635757280942,NA,32.65,55.9875,11.3625,6.25,3.06719361443815e-05,0.00031
"saffell","10_20",0.07905,1.38,0.210069553241103,1,18,65.775,16.225,11.75,9.62710425e-06,1e-04
"saffell","20_40",0.197365714285714,1.36,0.215883238671701,1,32.9285714285714,50.7714285714286,16.3,15.2857142857143,2.27387858938775e-05,0.00045
"saffell","40_100",0.2577,1.21,0.19649269329816,1,47.7714285714286,31.6142857142857,20.6142857142857,19.2857142857143,2.51680864285714e-05,0.00151
"sapelo","0_10",0.00341142857142857,1.3509262485482,0.246635757280942,NA,53.2846153846154,7.10714285714286,1.12857142857143,NA,4.60858840219015e-07,0
"sapelo","10_20",0.0435666666666667,1.52,0.210069553241103,1,79.46,6.76666666666667,1.01666666666667,NA,6.62213333333333e-06,7e-05
"sapelo","20_40",0.000522,1.50104635443921,0.215883238671701,NA,55.26,6.45,1.435,NA,7.83546197017268e-08,0
"sapelo","40_100",0.00378387096774194,1.61,0.0692820323027551,6,56.3903225806452,5.73548387096774,4.24354838709677,NA,6.09203225806452e-07,4e-05
"saucier","0_10",0.00537,1.42,0.127279220613579,2,40.75,29.55,12.525,2.5,7.434765e-07,1e-05
"saucier","10_20",0.0096,1.59,0.210069553241103,1,44.3,39.5,16.2,1,1.511136e-06,2e-05
"saucier","20_40",0.00192,1.67,0.014142135623731,2,53.65,25.925,14.175,1,3.174336e-07,1e-05
"saucier","40_100",0.005424,1.685,0.0404145188432738,4,45.32,27.27,27.61,0.5,9.0937428e-07,5e-05
"saunook","0_10",0.02112,1.3,0.246635757280942,1,43.1,32.2,24.7,16,2.306304e-06,2e-05
"saunook","10_20",0.03572,1.29,0.175214154679352,3,40.8666666666667,37.9,21.2333333333333,7.66666666666667,4.2546092e-06,4e-05
"saunook","20_40",0.01836,1.43,0.229128784747792,3,43.4333333333333,34.8,21.7666666666667,10.6666666666667,2.3454288e-06,5e-05
"saunook","40_100",0.01635,1.26,0.208885933785244,7,44.8,33.8375,21.3625,29.875,1.444645125e-06,9e-05
"sharkey","0_10",1.44371238095238,1.54,0.346121365997536,7,5.41904761904762,31.7333333333333,62.847619047619,0.19047619047619,0.000221908217701587,0.00222
"sharkey","10_20",0.612234545454545,1.852,0.055703295619354,15,1.27272727272727,32.0136363636364,66.7136363636364,0.0454545454545455,0.000113334298800992,0.00113
"sharkey","20_40",2.12254666666667,1.80785714285714,0.0867515082048962,14,3.63076923076923,31.5384615384615,64.8307692307692,NA,0.000383726115238095,0.00767
"sharkey","40_100",2.9092415,1.81230769230769,0.104280686315643,26,3.2125,30.6825,66.105,0.0125,0.000527178169413711,0.03163
"smithdale","0_10",0.299533333333333,1.57,0.0264575131106459,3,74.7,19.7083333333333,5.59166666666667,2.5,4.5851065e-05,0.00046
"smithdale","10_20",0.064,1.5096443452381,0.210069553241103,NA,74.72,19.94,5.34,4.2,9.25593140952384e-06,9e-05
"smithdale","20_40",0.0275314285714286,1.5575,0.0903234926989282,4,68.1714285714286,20.7285714285714,11.1,3.42857142857143,4.14100217142857e-06,8e-05
"smithdale","40_100",0.318936,1.7,0.05,5,62.636,16.14,21.224,1.04,5.3655241152e-05,0.00322
"smithton","0_10",NA,1.3509262485482,0.246635757280942,NA,48.6,45.5,5.9,NA,NA,NA
"smithton","10_20",NA,1.5096443452381,0.210069553241103,NA,46.7895312870223,30.4653139464118,15.1362533561418,2.95214027796427,NA,NA
"smithton","20_40",NA,1.50104635443921,0.215883238671701,NA,51.7,41.6,6.7,NA,NA,NA
"smithton","40_100",NA,1.59451747615447,0.19649269329816,NA,51.8,40.05,8.15,NA,NA,NA
"susquehanna","0_10",0.180386666666667,1.36,0.226274169979695,2,59.6333333333333,36.2666666666667,4.1,0.333333333333333,2.44508113777778e-05,0.00024
"susquehanna","10_20",0.02814,1.475,0.162634559672906,2,29.7,44.95,25.35,0.5,4.12989675e-06,4e-05
"susquehanna","20_40",1.50812,1.77,0.0761577310586392,4,30.8,19.95,49.25,NA,0.00026693724,0.00534
"susquehanna","40_100",3.75974857142857,1.88333333333333,0.0553774924194538,6,32.9857142857143,18.0571428571429,48.9571428571429,NA,0.00070808598095238,0.04249
"tate","0_10",0.02388,1.55,0.246635757280942,1,72.6666666666667,37,14.3,10.3333333333333,3.318922e-06,3e-05
"tate","10_20",0.00078,1.345,0.205060966544099,2,57.8,24.25,17.95,12,9.23208e-08,0
"tate","20_40",0.00102,1.505,0.0919238815542513,2,51.95,24.5,23.55,9,1.396941e-07,0
"tate","40_100",0.004872,1.526,0.0998999499499374,5,58.04,21.62,20.34,16,6.24512448e-07,4e-05
"tippah","0_10",0.00516,1.29,0.246635757280942,1,9.8,81.3,8.9,NA,6.6564e-07,1e-05
"tippah","10_20",0.01032,1.5096443452381,0.210069553241103,NA,46.7895312870223,30.4653139464118,15.1362533561418,2.95214027796427,1.5119600073153e-06,2e-05
"tippah","20_40",0.01548,1.505,0.0919238815542513,2,6.15,70.15,23.7,NA,2.32974e-06,5e-05
"tippah","40_100",0.07336,1.76333333333333,0.187171935218219,3,4.7,58.4333333333333,36.8666666666667,NA,1.29358133333333e-05,0.00078
"toccoa","0_10",0.995,1.32,0.246635757280942,1,38.65,37.15,24.2,1,0.0001300266,0.0013
"toccoa","10_20",0.1825,1.45,0.210069553241103,1,62.25,23.925,13.825,0.25,2.639634375e-05,0.00026
"toccoa","20_40",0.21,1.66,0.215883238671701,1,65.5333333333333,23.9333333333333,10.5333333333333,NA,3.486e-05,7e-04
"toccoa","40_100",0.373,1.7,0.0360555127546399,3,69.48,19.92,10.6,1.1,6.271249e-05,0.00376
"toinette","0_10",0.55,1.3509262485482,0.246635757280942,NA,80.1,15.4,4.5,NA,7.4300943670151e-05,0.00074
"toinette","10_20",0.275,1.5096443452381,0.210069553241103,NA,46.7895312870223,30.4653139464118,15.1362533561418,2.95214027796427,4.02896319778787e-05,4e-04
"toinette","20_40",NA,1.50104635443921,0.215883238671701,NA,84.3,11.8,3.9,NA,NA,NA
"toinette","40_100",0.26,1.59451747615447,0.19649269329816,NA,78.7666666666667,5.53333333333333,15.7,NA,4.14574543800162e-05,0.00249
"townley","0_10",NA,1.3509262485482,0.246635757280942,NA,21,52.5,26.5,NA,NA,NA
"townley","10_20",NA,1.5096443452381,0.210069553241103,NA,46.7895312870223,30.4653139464118,15.1362533561418,2.95214027796427,NA,NA
"townley","20_40",NA,1.50104635443921,0.215883238671701,NA,9,39.9,51.1,NA,NA,NA
"townley","40_100",NA,1.59451747615447,0.19649269329816,NA,6.83333333333333,44.4666666666667,48.7,NA,NA,NA
"toxaway","0_10",0.00744,1.06,0.246635757280942,1,7,58.8,34.2,NA,7.8864e-07,1e-05
"toxaway","10_20",0.00522,1.5096443452381,0.210069553241103,NA,46.7895312870223,30.4653139464118,15.1362533561418,2.95214027796427,7.64770468816461e-07,1e-05
"toxaway","20_40",0.003,1.07,0.0282842712474619,2,7.25,59.3,33.45,NA,3.21e-07,1e-05
"toxaway","40_100",0.00364,1.23666666666667,0.0288675134594813,3,9.83333333333333,62.0333333333333,28.1333333333333,NA,4.50146666666668e-07,3e-05
"trimont","0_10",0.49,0.95,0.246635757280942,1,50.6,28,21.4,2,4.5619e-05,0.00046
"trimont","10_20",0.09822,1.12,0.183847763108502,2,45.2,28.15,26.65,5.5,1.03956048e-05,1e-04
"trimont","20_40",0.73704,1.37,0.0282842712474618,2,45.75,20.8,33.45,4.5,9.64306284e-05,0.00193
"trimont","40_100",0.294566666666667,1.42833333333333,0.170577450639487,6,63.4833333333333,15.5333333333333,20.9833333333333,5,3.99702419444443e-05,0.0024
"troup","0_10",0.0953342857142857,1.58,0.0989949493661166,2,76.3785714285714,7.36428571428571,3.5,NA,1.50628171428571e-05,0.00015
"troup","10_20",0.0132,1.71,0.210069553241103,1,87.6285714285714,8.52857142857143,3.84285714285714,NA,2.2572e-06,2e-05
"troup","20_40",0.044606,1.5,0.215883238671701,1,73.025,8.425,3.965,0.05,6.68755455e-06,0.00013
"troup","40_100",0.0132603773584906,1.87,0.459238500128201,3,74.2660377358491,7.7622641509434,5.13396226415094,0.188679245283019,2.47501190459238e-06,0.00015
"tuckasegee","0_10",0.00348,1.3509262485482,0.246635757280942,NA,48.2886660985049,31.5216808172776,14.2365984772959,2.55253239021966,4.58122309633138e-07,0
"tuckasegee","10_20",0.00348,1.11,0.210069553241103,1,56.4,28.1,15.5,16,3.244752e-07,0
"tuckasegee","20_40",0.00084,0.97,0.215883238671701,1,58.5,31.1,10.4,16,6.84432e-08,0
"tuckasegee","40_100",0.00352,1.17,0.09,3,57.5333333333333,22.2333333333333,20.2333333333333,28.6666666666667,2.937792e-07,2e-05
"tusquitee","0_10",0.03732,0.57,0.246635757280942,1,35.45,36.95,37.5,1,2.1059676e-06,2e-05
"tusquitee","10_20",0.0018,1.2,0.210069553241103,1,52.6,28.7,18.7,10,1.944e-07,0
"tusquitee","20_40",0.0018,1.14,0.215883238671701,1,57.7,24.2,18.1,2,2.01096e-07,0
"tusquitee","40_100",0.0036,1.3,0.15556349186104,2,64.2,20.15,15.65,19,3.7908e-07,2e-05
"udorthents","0_10",1.48,1.3509262485482,0.246635757280942,NA,32.2,45.2,22.6,NA,0.000199937084785134,0.002
"udorthents","10_20",1.75,1.5096443452381,0.210069553241103,NA,46.7895312870223,30.4653139464118,15.1362533561418,2.95214027796427,0.000256388567131955,0.00256
"udorthents","20_40",2.02,1.50104635443921,0.215883238671701,NA,22.3,44.8,32.9,NA,0.00030321136359672,0.00606
"udorthents","40_100",3.36,1.59451747615447,0.19649269329816,NA,43.6,32.7,23.7,NA,0.000535757871987902,0.03215
"unaka","0_10",0.00624,1.3509262485482,0.246635757280942,NA,40.3,35.5,24.2,10,7.58680181184669e-07,1e-05
"unaka","10_20",6e-04,1.5096443452381,0.210069553241103,NA,40.2,39.3,20.5,10,8.15207946428574e-08,0
"unaka","20_40",0.00084,1.50104635443921,0.215883238671701,NA,45.7,36,18.3,8,1.16000862271062e-07,0
"unaka","40_100",0.00024,1.59451747615447,0.19649269329816,NA,58.9,28.85,12.25,10,3.44415774849366e-08,0
"urban land","0_10",0.039288,1.3509262485482,0.246635757280942,NA,43.63,36.81,19.56,16.9,4.41054832664112e-06,4e-05
"urban land","10_20",0.037794,1.5096443452381,0.210069553241103,NA,46.7895312870223,30.4653139464118,15.1362533561418,2.95214027796427,5.53711400353435e-06,6e-05
"urban land","20_40",0.0363,1.50104635443921,0.215883238671701,NA,39.07,39.12,21.81,13.7,4.70231290408817e-06,9e-05
"urban land","40_100",0.0363,1.59451747615447,0.19649269329816,NA,47.1527031434407,24.7802985973975,23.2730709428291,3.29052854268621,5.59763940724506e-06,0.00034
"vance","0_10",0.039,1.3509262485482,0.246635757280942,NA,24,51.7,24.3,NA,5.26861236933798e-06,5e-05
"vance","10_20",0.03516,1.5096443452381,0.210069553241103,NA,26,56.5,17.5,NA,5.30790951785716e-06,5e-05
"vance","20_40",0.03372,1.50104635443921,0.215883238671701,NA,27.3,55.8,16.9,NA,5.06152830716902e-06,1e-04
"vance","40_100",0.016584,1.59451747615447,0.19649269329816,NA,35.84,44.48,26.56,NA,2.64434778245457e-06,0.00016
"wadley","0_10",0.0797377777777778,1.3509262485482,0.246635757280942,NA,62.5111111111111,10.0888888888889,3.22222222222222,0.555555555555556,1.07121413350898e-05,0.00011
"wadley","10_20",0.0018,1.5096443452381,0.210069553241103,NA,46.3,6.5,1.9,NA,2.71735982142858e-07,0
"wadley","20_40",0.00346,1.50104635443921,0.215883238671701,NA,76.625,10.5,3.5625,0.875,5.14817620797902e-07,1e-05
"wadley","40_100",0.0145,1.59451747615447,0.19649269329816,NA,61.5944444444444,8.85,5.42222222222222,0.5,2.30049008872186e-06,0.00014
"wagram","0_10",0.19072,1.3509262485482,0.246635757280942,NA,68.1333333333333,9.76666666666667,4.1,1,2.55072167581882e-05,0.00026
"wagram","10_20",0.001,1.57,0.169705627484771,2,61.4333333333333,10.3,3.1,NA,1.57e-07,0
"wagram","20_40",0.05271,1.63,0.215883238671701,1,67.925,10.225,5.075,1.75,8.441374725e-06,0.00017
"wagram","40_100",0.09468,1.6775,0.105633012516605,4,77.99,9.575,12.2,1.58333333333333,1.5631095975e-05,0.00094
"wahee","0_10",0.9,1.3509262485482,0.246635757280942,NA,61.8,27.4666666666667,10.6,NA,0.000121583362369338,0.00122
"wahee","10_20",0.80515,1.5096443452381,0.210069553241103,NA,46.7895312870223,30.4653139464118,15.1362533561418,2.95214027796427,0.000117960717043596,0.00118
"wahee","20_40",0.7103,1.50104635443921,0.215883238671701,NA,47.675,33.275,19,0.25,0.000106352774249428,0.00213
"wahee","40_100",0.90644,1.59451747615447,0.19649269329816,NA,28.73,20.03,51.17,0.4,0.000143955308340112,0.00864
"wehadkee","0_10",1.4,1.3509262485482,0.246635757280942,NA,45.95,34.4,19.65,NA,0.000189129674796748,0.00189
"wehadkee","10_20",1.11,1.5096443452381,0.210069553241103,NA,16.3,35.3,48.4,NA,0.000167570522321429,0.00168
"wehadkee","20_40",1.56,1.50104635443921,0.215883238671701,NA,22.75,41.4,35.85,NA,0.000234163231292517,0.00468
"wehadkee","40_100",1.18666666666667,1.59451747615447,0.19649269329816,NA,38.8666666666667,32.1333333333333,29,NA,0.000189216073836997,0.01135
"whiteside","0_10",6e-04,1.3509262485482,0.246635757280942,NA,48.2886660985049,31.5216808172776,14.2365984772959,2.55253239021966,7.89866051091617e-08,0
"whiteside","10_20",6e-04,1.5096443452381,0.210069553241103,NA,46.7895312870223,30.4653139464118,15.1362533561418,2.95214027796427,8.7904651588099e-08,0
"whiteside","20_40",6e-04,1.21,0.215883238671701,1,47,26.9,26.1,NA,7.26e-08,0
"whiteside","40_100",6e-04,1.30666666666667,0.0550757054728611,3,54.5,24.0666666666667,21.4333333333333,0.333333333333333,7.81386666666669e-08,0
"wickham","0_10",0.003054,1.41,0.246635757280942,1,56.8578947368421,36.7315789473684,20.335,NA,4.30614e-07,0
"wickham","10_20",0.004704,1.5096443452381,0.210069553241103,NA,65.4666666666667,36.62,23.2333333333333,0.0666666666666667,7.09663275533336e-07,1e-05
"wickham","20_40",0.00957333333333333,1.71,0.215883238671701,1,53.3888888888889,26.2555555555556,20.3555555555556,0.111111111111111,1.63522106666667e-06,3e-05
"wickham","40_100",0.0129157894736842,1.69,0.19649269329816,1,52.3052631578947,24.1552631578947,23.5394736842105,0.157894736842105,2.17932194459834e-06,0.00013
"wilkes","0_10",NA,1.3509262485482,0.246635757280942,NA,70.8,23.9,5.3,NA,NA,NA
"wilkes","10_20",NA,1.5096443452381,0.210069553241103,NA,72.4,23.4,4.2,NA,NA,NA
"wilkes","20_40",NA,1.50104635443921,0.215883238671701,NA,48.7,22.9,28.4,NA,NA,NA
"wilkes","40_100",0.04488,1.59451747615447,0.19649269329816,NA,81.2,9.9,8.9,5,6.7983847113322e-06,0.00041
"woden","0_10",0.0021,1.3509262485482,0.246635757280942,NA,73.35,23.625,3.025,NA,2.83694512195122e-07,0
"woden","10_20",0.0018,1.5096443452381,0.210069553241103,NA,67.55,28.2,4.25,NA,2.71735982142858e-07,0
"woden","20_40",0.003,1.50104635443921,0.215883238671701,NA,65.1,28.75,6.15,NA,4.50313906331763e-07,1e-05
"woden","40_100",0.01005,1.59451747615447,0.19649269329816,NA,59.85,25.3125,14.8375,NA,1.60249006353524e-06,1e-04
"wrightsville","0_10",0.185408888888889,1.42666666666667,0.11060440015358,3,18.3555555555556,59.0555555555556,22.5888888888889,1.44444444444444,2.60695884971194e-05,0.00026
"wrightsville","10_20",0.0355371428571429,1.67,0.210069553241103,1,15.5428571428571,58,26.4571428571429,0.142857142857143,5.92622471020408e-06,6e-05
"wrightsville","20_40",0.186466666666667,1.598,0.0807465169527454,5,17.7111111111111,56.0666666666667,26.2222222222222,0.222222222222222,2.97311569481482e-05,0.00059
"wrightsville","40_100",0.362872592592593,1.78454545454545,0.0951171526448975,11,11.9222222222222,45.3555555555556,42.7222222222222,NA,6.47562635690234e-05,0.00389
