"soil_name","horizon","ca_per","bulk_density","bulk_density_sd","n","sand","silt","clay","frag","ca_g_m2","total_ca_horizon"
"acadia","0_10",0.0176,1.4,0.246635757280942,1,58.5,36.4,5.1,2,0.0241472,0.24147
"acadia","10_20",0.0212,1.5096443452381,0.210069553241103,0,46.7895312870223,30.4653139464118,15.1362533561418,2.95214027796427,0.0310596435611283,0.3106
"acadia","20_40",0.0248,1.62,0.215883238671701,1,40.9,37.5,21.6,2,0.03937248,0.78745
"acadia","40_100",0.0376666666666667,1.81,0.05,3,35.8333333333333,33.0333333333333,31.1333333333333,1.66666666666667,0.0670403888888889,4.02242
"albany","0_10",0.0788444444444444,1.6,0.246635757280942,1,46.4333333333333,7.40555555555556,2.86666666666667,0.0555555555555556,0.126081027160494,1.26081
"albany","10_20",0.0118,1.5096443452381,0.210069553241103,0,45.6285714285714,5.97142857142857,2.24285714285714,0,0.0178138032738096,0.17814
"albany","20_40",0.00195555555555556,1.69,0.014142135623731,2,57.1647058823529,7.74444444444444,2.60555555555556,0.0555555555555556,0.00330305283950617,0.06606
"albany","40_100",0.00169811320754717,1.74666666666667,0.0956382071489562,6,53.5452830188679,6.73962264150943,2.40754716981132,0.0754716981132075,0.00296379921680314,0.17783
"allanton","0_10",0.0018,1.3509262485482,0.246635757280942,0,21.2,6.2,7.8,0,0.00243166724738676,0.02432
"allanton","10_20",6e-04,1.5096443452381,0.210069553241103,0,95.2,6.5,2,0,0.00090578660714286,0.00906
"allanton","20_40",4e-04,1.50104635443921,0.215883238671701,0,17.25,8.15,3.05,0,0.000600418541775684,0.01201
"allanton","40_100",0.00048,1.59451747615447,0.19649269329816,0,68.1,7,2.68,0,0.000765368388554146,0.04592
"angelina","0_10",8.42,1.53,0.246635757280942,1,30.2,40.5,29.3,0,12.8826,128.826
"angelina","10_20",9.385,1.5096443452381,0.210069553241103,0,46.7895312870223,30.4653139464118,15.1362533561418,2.95214027796427,13.7497525859051,137.49753
"angelina","20_40",10.35,1.81,0.215883238671701,1,16.6,42.1,41.3,0,18.7335,374.67
"angelina","40_100",5.61,1.69666666666667,0.0550757054728611,3,52.5333333333333,22.9666666666667,24.5,0,9.51830000000002,571.098
"appling","0_10",0.0046,1.3509262485482,0.246635757280942,0,65.0666666666667,21.1333333333333,12.6,4,0.00596569031358885,0.05966
"appling","10_20",0.0289,1.5096443452381,0.210069553241103,0,31.175,38.425,15.125,0,0.0436287215773811,0.43629
"appling","20_40",0.001,1.50104635443921,0.215883238671701,0,36.8,20.6,42.6,0,0.00150104635443921,0.03002
"appling","40_100",0.00227272727272727,1.31,0.19649269329816,1,42.0181818181818,25.5,32.9090909090909,2.72727272727273,0.00289607438016529,0.17376
"arkana","0_10",4.221125,1.3509262485482,0.246635757280942,0,26.26875,54.1375,19.6,0,5.70242856090302,57.02429
"arkana","10_20",7.21485714285714,1.5096443452381,0.210069553241103,0,26.5285714285714,49.4571428571429,24.0142857142857,0,10.891868287415,108.91868
"arkana","20_40",6.64757894736842,1.50104635443921,0.215883238671701,0,19.9578947368421,39.3421052631579,40.6947368421053,0,9.97832414479421,199.56648
"arkana","40_100",9.92843243243243,1.59451747615447,0.19649269329816,0,11.5108108108108,26.2378378378378,62.2378378378378,0,15.8310590243323,949.86354
"ashe","0_10",0.105133333333333,1.26,0.246635757280942,1,48.7666666666667,35.2333333333333,16,6.33333333333333,0.12407836,1.24078
"ashe","10_20",0.0089,1.5096443452381,0.210069553241103,0,49.2,36.75,14.05,2,0.0131671179791667,0.13167
"ashe","20_40",0,1.58,0.215883238671701,1,63.5,22.7,13.8,1,0,NA
"ashe","40_100",0.0038,1.79,0.19649269329816,1,59.06,27.64,13.3,8,0.00625784,0.37547
"ashlar","0_10",0.0066,1.3509262485482,0.246635757280942,0,48.2886660985049,31.5216808172776,14.2365984772959,2.55253239021966,0.00868852656200779,0.08689
"ashlar","10_20",0.0066,1.5096443452381,0.210069553241103,0,46.7895312870223,30.4653139464118,15.1362533561418,2.95214027796427,0.00966951167469089,0.0967
"ashlar","20_40",0.0066,1.57,0.215883238671701,1,74.2,20.1,5.7,14,0.00891132,0.17823
"ashlar","40_100",0.0123,1.55,0.19649269329816,1,75.2,19.4,5.4,30,0.0133455,0.80073
"attoyac","0_10",0.584466666666667,1.63,0.226274169979695,2,64.0333333333333,31.7333333333333,4.23333333333333,0.333333333333333,0.949505064444444,9.49505
"attoyac","10_20",0.0309,1.585,0.134350288425444,2,72.75,24.25,3,1,0.048486735,0.48487
"attoyac","20_40",0.8668,1.648,0.122351951353462,5,61.2333333333333,30.45,8.31666666666667,0.333333333333333,1.42372477866667,28.4745
"attoyac","40_100",0.222527272727273,1.7775,0.0337003603202442,8,49.0545454545455,26.5636363636364,24.3818181818182,0.181818181818182,0.394823059586777,23.68938
"bayboro","0_10",0.168,1.3509262485482,0.246635757280942,0,44.8,20.4,34.8,0,0.226955609756098,2.26956
"bayboro","10_20",0.094,1.5096443452381,0.210069553241103,0,36,31.2666666666667,32.7333333333333,0,0.141906568452381,1.41907
"bayboro","20_40",0.02,1.50104635443921,0.215883238671701,0,31.95,32.85,35.2,0,0.0300209270887842,0.60042
"bayboro","40_100",0.160888888888889,1.59451747615447,0.19649269329816,0,26.6666666666667,24.5,48.8333333333333,0,0.256540145052408,15.39241
"beauregard","0_10",0.0549666666666667,1.39,0.246635757280942,1,39.1833333333333,55.1333333333333,5.68333333333333,1.16666666666667,0.0755122905555555,0.75512
"beauregard","10_20",0.0142333333333333,1.6,0.210069553241103,1,36.0666666666667,54.7,9.23333333333333,1,0.0225456,0.22546
"beauregard","20_40",0.0093,1.62,0.215883238671701,1,30.8166666666667,52.3666666666667,16.8166666666667,1,0.01491534,0.29831
"beauregard","40_100",0.0090875,1.70666666666667,0.0850490054811538,3,27.90625,52.375,19.71875,1.25,0.0153154666666667,0.91893
"benndale","0_10",0,1.53,0.246635757280942,1,71.4,18.95,9.65,0.5,0,NA
"benndale","10_20",0,1.5096443452381,0.210069553241103,0,46.7895312870223,30.4653139464118,15.1362533561418,2.95214027796427,0,NA
"benndale","20_40",0,1.63,0.215883238671701,1,64.15,20.1,15.75,0,0,NA
"benndale","40_100",0,1.69,0.0173205080756888,3,69.12,17.16,13.72,0.6,0,NA
"bernaldo","0_10",2.65466666666667,1.3509262485482,0.246635757280942,0,62.0666666666667,35.5,2.43333333333333,0,3.58625888114595,35.86259
"bernaldo","10_20",0.026,1.44,0.210069553241103,1,52.3,42.1,5.6,0,0.03744,0.3744
"bernaldo","20_40",0.308,1.51,0.0800000000000001,3,56.625,37.875,5.5,0,0.46508,9.3016
"bernaldo","40_100",1.88571428571429,1.67142857142857,0.0817370930542087,7,41.4857142857143,32.4428571428571,26.0714285714286,0.142857142857143,3.14733411078717,188.84005
"besner","0_10",0.014,1.24,0.246635757280942,1,66,31.2,2.8,0,0.01736,0.1736
"besner","10_20",0.012,1.5096443452381,0.210069553241103,0,46.7895312870223,30.4653139464118,15.1362533561418,2.95214027796427,0.0175809303176198,0.17581
"besner","20_40",0.01,1.47,0.014142135623731,2,65.45,31.85,2.7,0,0.0147,0.294
"besner","40_100",0.0028,1.688,0.148895936814945,5,61.6,35.62,2.78,0,0.0047264,0.28358
"bethera","0_10",3.3474,1.27,0.246635757280942,1,48.9,54.65,31.7,0,4.251198,42.51198
"bethera","10_20",0.0092,1.5096443452381,0.210069553241103,0,6.8,51.5,24.3,0,0.0138887279761905,0.13889
"bethera","20_40",3.4925,1.34,0.215883238671701,1,46.1,49.95,38.55,0,4.67995,93.599
"bethera","40_100",1.8594,1.74,0.19649269329816,1,15.5666666666667,30.1,53.9,0,3.235356,194.12136
"betis","0_10",0.8714,1.3509262485482,0.246635757280942,0,48.2886660985049,31.5216808172776,14.2365984772959,2.55253239021966,1.14714879486872,11.47149
"betis","10_20",0.8714,1.5096443452381,0.210069553241103,0,90.85,7.35,1.8,0,1.31550408244048,13.15504
"betis","20_40",0.0058,1.50104635443921,0.215883238671701,0,84.3,13.1,2.6,0,0.00870606885574742,0.17412
"betis","40_100",0.12612,1.72,0.19649269329816,1,86.76,9.2,4.04,0,0.2169264,13.01558
"bibb","0_10",0.7975,1.3509262485482,0.246635757280942,0,70.375,21.9,7.725,0,1.07736368321719,10.77364
"bibb","10_20",0.095,1.5096443452381,0.210069553241103,0,48.3,37.55,14.05,0,0.14341621279762,1.43416
"bibb","20_40",0.124,1.14,0.215883238671701,1,61.52,27.56,10.88,0,0.14136,2.8272
"bibb","40_100",0.114,1.38,0.127279220613579,2,76.28,15.69,7.99,0.2,0.15700536,9.42032
"blanton","0_10",0.0999894736842105,1.45,0.246635757280942,1,54.0944444444444,6.24736842105263,2.58947368421053,0,0.144984736842105,1.44985
"blanton","10_20",0.16375,1.5096443452381,0.210069553241103,0,64.475,8.375,2.9875,0,0.247204261532739,2.47204
"blanton","20_40",0.004,1.50104635443921,0.215883238671701,0,51.1769230769231,7.76428571428571,3.35714285714286,0,0.00600418541775684,0.12008
"blanton","40_100",0.00310204081632653,1.57,0.0264575131106459,3,58.4387755102041,6.66734693877551,2.73877551020408,0,0.00487020408163265,0.29221
"bonneau","0_10",2.22496363636364,1.66,0.246635757280942,1,76.54,11.3454545454545,4.59090909090909,1.81818181818182,3.62628618842975,36.26286
"bonneau","10_20",0.1162,1.81,0.210069553241103,1,75.9833333333333,8.43333333333333,2.73333333333333,4.16666666666667,0.201558583333333,2.01559
"bonneau","20_40",0.428215384615385,1.50104635443921,0.215883238671701,0,65.4692307692308,11.6076923076923,6.16923076923077,1.46153846153846,0.633376794531829,12.66754
"bonneau","40_100",0.0871888888888889,1.64,0.0299999999999999,3,55.8648148148148,9.37592592592593,18.2851851851852,1.18518518518519,0.141295084115226,8.47771
"boulogne","0_10",0.00566666666666667,1.3509262485482,0.246635757280942,0,59.3333333333333,4.66666666666667,1.86666666666667,0,0.00765524874177313,0.07655
"boulogne","10_20",0.00371333333333333,1.5096443452381,0.210069553241103,0,46.7895312870223,30.4653139464118,15.1362533561418,2.95214027796427,0.00544032121495235,0.0544
"boulogne","20_40",0.00176,1.50104635443921,0.215883238671701,0,33.675,5.22,2.54,0,0.00264184158381301,0.05284
"boulogne","40_100",0.00088,1.59451747615447,0.19649269329816,0,67.5444444444445,4.33,2.65,0,0.00140317537901593,0.08419
"bude","0_10",0.055,1.54,0.127279220613579,2,24.4,65.55,10.05,0,0.0847,0.847
"bude","10_20",0.044,1.5096443452381,0.210069553241103,0,46.7895312870223,30.4653139464118,15.1362533561418,2.95214027796427,0.0644634111646059,0.64463
"bude","20_40",0.033,1.50104635443921,0.215883238671701,0,16.15,64.55,19.3,0,0.0495345296964939,0.99069
"bude","40_100",0.0277777777777778,1.675,0.124766448481419,4,14.8888888888889,61.2222222222222,23.8888888888889,0,0.0465277777777778,2.79167
"burton","0_10",0.0128222222222222,0.7225,0.12737739202857,4,55.0444444444444,29.3111111111111,20.5125,11.7777777777778,0.00817295567901235,0.08173
"burton","10_20",0.004,0.935,0.275771644662753,2,55.35,28.125,16.525,5.25,0.00354365,0.03544
"burton","20_40",0.00135,1.046,0.114367827643966,5,54.7625,30.6875,14.55,15.75,0.00118969425,0.02379
"burton","40_100",0.00194545454545455,1.27166666666667,0.0847152091815081,6,56.1636363636364,30.5181818181818,13.3181818181818,10.7272727272727,0.00220858022038568,0.13251
"caddo","0_10",0.012,1.465,0.0494974746830584,2,24.4285714285714,69.4571428571429,6.11428571428571,0.714285714285714,0.0174544285714286,0.17454
"caddo","10_20",0.0084,1.6,0.210069553241103,1,19.1,69.575,11.325,0.5,0.0133728,0.13373
"caddo","20_40",0.005325,1.685,0.0212132034355964,2,21.4,66.675,11.925,0.25,0.0089501934375,0.179
"caddo","40_100",0.014875,1.7075,0.0713559154286921,4,18.26875,63.74375,17.9875,0.3125,0.0253196904296875,1.51918
"cahaba","0_10",3.104,1.4,0.0556776436283002,3,51.35,34.175,14.4666666666667,0,4.3456,43.456
"cahaba","10_20",1.34171428571429,1.37,0.210069553241103,1,51.3,31.5,17.2,0,1.83814857142857,18.38149
"cahaba","20_40",2.4204,1.47333333333333,0.0757187779440037,3,47.9466666666667,32.9,19.14,0,3.56605599999999,71.32112
"cahaba","40_100",1.77981818181818,1.526,0.0439317652729776,5,46.1545454545455,28.3606060606061,25.469696969697,0,2.71600254545455,162.96015
"carnasaw","0_10",0.109,1.5,0.325269119345812,2,27.6,61.4,10.975,8.25,0.15001125,1.50011
"carnasaw","10_20",0.04285,1.59,0.0565685424949237,2,29.775,56.975,14.3,9.75,0.06148867875,0.61489
"carnasaw","20_40",0.0184666666666667,1.43333333333333,0.155349069303081,3,11.4333333333333,36.4666666666667,52.0666666666667,4.66666666666667,0.025233674074074,0.50467
"carnasaw","40_100",0.00809230769230769,1.55142857142857,0.110064915910047,7,15.6923076923077,33.7153846153846,51.8769230769231,5.61538461538461,0.0118496461876585,0.71098
"cartecay","0_10",0,1.3509262485482,0.246635757280942,0,53.1,26,20.9,0,0,NA
"cartecay","10_20",0,1.5096443452381,0.210069553241103,0,46.7895312870223,30.4653139464118,15.1362533561418,2.95214027796427,0,NA
"cartecay","20_40",0,1.50104635443921,0.215883238671701,0,71.2,16.3,12.5,0,0,NA
"cartecay","40_100",0,1.59451747615447,0.19649269329816,0,69,18.8,12.2,0,0,NA
"cashiers","0_10",0.0148,1.3509262485482,0.246635757280942,0,54.6,25.6,19.8,8,0.0183942118002323,0.18394
"cashiers","10_20",0.0119,1.5096443452381,0.210069553241103,0,46.7895312870223,30.4653139464118,15.1362533561418,2.95214027796427,0.017434422564973,0.17434
"cashiers","20_40",0.009,1.04,0.215883238671701,1,59.3,23,17.7,9,0.0085176,0.17035
"cashiers","40_100",0.01,1.31,0.0989949493661166,2,66.4,18.5,15.1,7.5,0.0121175,0.72705
"cataula","0_10",3,1.39,0.246635757280942,1,66.2,18.5,15.3,4,4.0032,40.032
"cataula","10_20",1.34,1.72,0.210069553241103,1,68,18,14,11,2.051272,20.51272
"cataula","20_40",2.34,1.51,0.215883238671701,1,36.7,13.5,49.8,4,3.392064,67.84128
"cataula","40_100",1.77333333333333,1.505,0.120208152801713,2,32.0333333333333,15.6,52.3666666666667,2.66666666666667,2.59769688888889,155.86181
"cecil","0_10",2.39220526315789,1.58571428571429,0.13226956602045,7,58.4710526315789,21.9894736842105,21.9684210526316,6.13157894736842,3.56076156119906,35.60762
"cecil","10_20",1.57466,1.64666666666667,0.102143689640297,3,53.74,20.095,29.655,5.6,2.44773548586667,24.47735
"cecil","20_40",0.468765217391304,1.59083333333333,0.124568953766275,12,46.504347826087,20.4652173913043,36.6217391304348,5.21739130434783,0.706819820289854,14.1364
"cecil","40_100",0.459955555555556,1.498,0.097689087900015,20,35.9277777777778,21.0986111111111,42.8472222222222,2.30555555555556,0.673127834987654,40.38767
"chandler","0_10",0.0182,1.3509262485482,0.246635757280942,0,40.35,22.05,29.3,22,0.0191777490243903,0.19178
"chandler","10_20",0.0038,1.62,0.210069553241103,1,65,22,13,47,0.00326268,0.03263
"chandler","20_40",0.011,1.50104635443921,0.215883238671701,0,44.2,18.4,37.4,10,0.0148603589089482,0.29721
"chandler","40_100",0.0095,2.07666666666667,0.271538824725551,3,80.75,10.1,9.15,21.75,0.0154374208333334,0.92625
"chestnut","0_10",0.476266666666667,1.3509262485482,0.246635757280942,0,34.7,48.6,14.6333333333333,3,0.624099107069299,6.24099
"chestnut","10_20",0.239583333333333,1.5096443452381,0.210069553241103,0,46.7895312870223,30.4653139464118,15.1362533561418,2.95214027796427,0.351008157383034,3.51008
"chestnut","20_40",0.0029,1.13,0.215883238671701,1,42.05,37.05,20.9,10,0.0029493,0.05899
"chestnut","40_100",0.00213333333333333,1.45,0.0989949493661167,2,65,29.3,5.7,1.66666666666667,0.00304177777777778,0.18251
"chewacla","0_10",3.39214285714286,1.355,0.190918830920368,2,13.0714285714286,48.3571428571429,38.5714285714286,1.28571428571429,4.53725759693878,45.37258
"chewacla","10_20",4.49,1.5096443452381,0.210069553241103,0,12.45,41,46.55,0.5,6.74441159456847,67.44412
"chewacla","20_40",0.3132,1.48,0.0692820323027551,3,11.45,48.925,39.625,3.5,0.44731224,8.94624
"chewacla","40_100",1.96107142857143,1.53333333333333,0.118462370959446,3,15.65,46.3285714285714,38.0214285714286,0.5,2.9919413095238,179.51648
"clarksville","0_10",2.80032189349112,1.3509262485482,0.246635757280942,0,26.5863905325444,63.2307692307692,10.1786982248521,0.93491124260355,3.74766039294351,37.4766
"clarksville","10_20",0.687298039215686,1.5096443452381,0.210069553241103,0,24.1833333333333,65.2088235294118,10.6098039215686,0.235294117647059,1.03513424404603,10.35134
"clarksville","20_40",0.654918032786885,1.50104635443921,0.215883238671701,0,24.6770491803279,62.575956284153,12.7448087431694,1.2568306010929,0.970706897435658,19.41414
"clarksville","40_100",0.833494140625,2.04,0.0916515138991169,3,26.1935546875,46.393359375,27.41328125,1.05078125,1.68246131856995,100.94768
"clebit","0_10",0.0972,1.48,0.246635757280942,1,57.1,28.5,14.4,10,0.1294704,1.2947
"clebit","10_20",0.0722,1.5096443452381,0.210069553241103,0,46.7895312870223,30.4653139464118,15.1362533561418,2.95214027796427,0.105778597411012,1.05779
"clebit","20_40",0.0472,1.51,0.215883238671701,1,56.5,30,13.5,14,0.06129392,1.22588
"clebit","40_100",0.0472,1.59451747615447,0.19649269329816,0,47.1527031434407,24.7802985973975,23.2730709428291,3.29052854268621,0.0727847327884206,4.36708
"clifton","0_10",1.1783,1.29857142857143,0.108386433872598,7,36.05,35.75,28.2,11.375,1.35605707553572,13.56057
"clifton","10_20",0.0866,1.53,0.0916515138991168,3,27.4666666666667,37.0666666666667,35.4666666666667,2,0.12984804,1.29848
"clifton","20_40",0.37645,1.47166666666667,0.0820771994324043,6,28.0125,31.425,40.5625,5.75,0.522153403958335,10.44307
"clifton","40_100",0.304672727272727,1.3935,0.106389304963076,20,38.1909090909091,27.1363636363636,34.6727272727273,5.45454545454545,0.401403548429752,24.08421
"congaree","0_10",0.42,1.3509262485482,0.246635757280942,0,48.2886660985049,31.5216808172776,14.2365984772959,2.55253239021966,0.552906235764132,5.52906
"congaree","10_20",0.42,1.5096443452381,0.210069553241103,0,53.2,29,17.8,0,0.634050625000002,6.34051
"congaree","20_40",0.97575,1.50104635443921,0.215883238671701,0,44.6474010593,29.3694540148412,19.535668248824,2.4242495503916,1.42913930675074,28.58279
"congaree","40_100",1.5315,1.59451747615447,0.19649269329816,0,43.05,35.725,21.225,0,2.44200351473057,146.52021
"cowarts","0_10",0.713483333333333,1.525,0.088881944173156,4,73.7916666666667,9.60833333333333,8.75,3.83333333333333,1.04635303680556,10.46353
"cowarts","10_20",0.00356,1.65,0.0282842712474619,2,79.2,10.26,10.54,3.4,0.005674284,0.05674
"cowarts","20_40",0.278928571428571,1.66333333333333,0.091796877216312,6,65.7857142857143,8.22857142857143,23.6357142857143,5.42857142857143,0.438765268707482,8.77531
"cowarts","40_100",0.18352972972973,1.70055555555556,0.108653373420044,18,61.2027777777778,6.44864864864865,31.6567567567568,2.75675675675676,0.303498594703353,18.20992
"cowee","0_10",0.0024,1.33,0.246635757280942,1,67.2,20.6,12.2,20,0.0025536,0.02554
"cowee","10_20",0.0024,1.5096443452381,0.210069553241103,0,46.7895312870223,30.4653139464118,15.1362533561418,2.95214027796427,0.00351618606352396,0.03516
"cowee","20_40",0.0024,1.64,0.215883238671701,1,62.8,18.6,18.6,17,0.00326688,0.06534
"cowee","40_100",0.00206666666666667,1.83,0.395979797464466,2,78.9666666666667,9.6,11.4333333333333,18.3333333333333,0.00308863333333333,0.18532
"craggey","0_10",0.038,0.76,0.10816653826392,3,60.075,33.2,23.625,6.75,0.0269306,0.26931
"craggey","10_20",1.225,1.04,0.210069553241103,1,71.85,20.6,7.55,21,1.00646,10.0646
"craggey","20_40",0,0.97,0.215883238671701,1,79.6666666666667,16.9,3.43333333333333,20.3333333333333,0,NA
"craggey","40_100",0,1.59451747615447,0.19649269329816,0,68.1,23.5,8.4,20,0,NA
"craven","0_10",0.0443,1.45,0.014142135623731,2,23.3,67.2,9.5,0,0.064235,0.64235
"craven","10_20",0.0014,1.62,0.210069553241103,1,25.9,63.9,10.2,0,0.002268,0.02268
"craven","20_40",0.0164,1.58333333333333,0.153079500042734,3,15.0666666666667,57.7666666666667,27.1666666666667,0,0.0259666666666666,0.51933
"craven","40_100",0.00692,1.588,0.0402492235949962,5,15.24,38.26,46.5,0,0.01098896,0.65934
"cullasaja","0_10",2.3648,0.925,0.0353553390593273,2,58.7,29,12.3,57,0.9405992,9.40599
"cullasaja","10_20",0.0798,0.84,0.210069553241103,1,55.3,23.7,21,51,0.03284568,0.32846
"cullasaja","20_40",0.566666666666667,1.32666666666667,0.319426569548204,3,58.0666666666667,28.8,13.1333333333333,46.6666666666667,0.400948148148149,8.01896
"cullasaja","40_100",0.788257142857143,1.54666666666667,0.185022521151706,3,63.9428571428571,23.8571428571429,12.2,58.8571428571429,0.50160180244898,30.09611
"davidson","0_10",2.43797142857143,1.59,0.12,3,47.1571428571429,23.3,29.5428571428571,1,3.83761082571429,38.37611
"davidson","10_20",1.12033333333333,1.5096443452381,0.210069553241103,0,30.9333333333333,34.0333333333333,30.7,1.33333333333333,1.66875414969577,16.68754
"davidson","20_40",0.179933333333333,1.5725,0.0206155281280883,4,40.1,20.9666666666667,38.9333333333333,0.666666666666667,0.281058865555556,5.62118
"davidson","40_100",0.3827,1.57666666666667,0.104626319187223,6,27.2,16.3357142857143,56.4642857142857,0.785714285714286,0.598649409285716,35.91896
"dorovan","0_10",0.002,1.3509262485482,0.246635757280942,0,48.2886660985049,31.5216808172776,14.2365984772959,2.55253239021966,0.00263288683697206,0.02633
"dorovan","10_20",0.002,1.5096443452381,0.210069553241103,0,21,0.1,17.9,0,0.0030192886904762,0.03019
"dorovan","20_40",0.0023,1.50104635443921,0.215883238671701,0,44.6474010593,29.3694540148412,19.535668248824,2.4242495503916,0.00336871166336326,0.06737
"dorovan","40_100",0.0026,1.59451747615447,0.19649269329816,0,65.3,0.8,22.2,0,0.00414574543800162,0.24874
"dothan","0_10",3.30215,1.405,0.346482322781408,2,74.3809523809524,14.13125,7.63125,1.8125,4.55542943640625,45.55429
"dothan","10_20",1.07478571428571,1.65666666666667,0.124525767079214,6,78.5595238095238,13.047619047619,7.08095238095238,2.19047619047619,1.74155888730159,17.41559
"dothan","20_40",0.552532203389831,1.778,0.0834865258589673,5,66.6610169491525,13.3305084745763,15.0779661016949,2.91525423728814,0.95376273418443,19.07525
"dothan","40_100",0.300057407407407,1.636,0.068677992593455,25,55.375,12.6240740740741,27.6231481481481,3.31481481481481,0.474621694182442,28.4773
"duplin","0_10",0.0143,1.3509262485482,0.246635757280942,0,37.2,23.2,9.4,0,0.0193182453542393,0.19318
"duplin","10_20",0.0464,1.5096443452381,0.210069553241103,0,7.3,17.8,12,0,0.0700474976190478,0.70047
"duplin","20_40",0.0160666666666667,1.50104635443921,0.215883238671701,0,52.9333333333333,21.7666666666667,24.9333333333333,0,0.02411681142799,0.48234
"duplin","40_100",0.0157142857142857,1.59451747615447,0.19649269329816,0,38.5,18.2857142857143,49.5714285714286,0,0.0250567031967131,1.5034
"edneyville","0_10",0.006,0.82,0.246635757280942,1,32.7,38.7,28.6,5,0.004674,0.04674
"edneyville","10_20",0.0028,1.19,0.210069553241103,1,36.5,34.2,29.3,2,0.00326536,0.03265
"edneyville","20_40",0.0018,1.50104635443921,0.215883238671701,0,44.6474010593,29.3694540148412,19.535668248824,2.4242495503916,0.00263638304089299,0.05273
"edneyville","40_100",8e-04,1.075,0.0493288286231624,4,66.5,24.24,9.26,0.6,0.00085484,0.05129
"enon","0_10",0.0876,1.07,0.246635757280942,1,60.1,29.95,9.95,27.5,0.0679557,0.67956
"enon","10_20",0.0566,1.48,0.210069553241103,1,46.3,40.6,13.1,29,0.05947528,0.59475
"enon","20_40",0.0787,1.52,0.215883238671701,1,30.75,19.9,49.35,8,0.11005408,2.20108
"enon","40_100",1.6276,1.76333333333333,0.0873689494805411,3,32.3857142857143,17.5285714285714,50.0857142857143,2.57142857142857,2.79620129904761,167.77208
"escambia","0_10",0.00113333333333333,1.3509262485482,0.246635757280942,0,60.7333333333333,29.2666666666667,7.6,0,0.00153104974835463,0.01531
"escambia","10_20",0.0026,1.33,0.210069553241103,1,48.525,31.9,6.7,0.5,0.00344071,0.03441
"escambia","20_40",4e-04,1.7,0.215883238671701,1,49.56,29.92,9.44,0.6,0.00067592,0.01352
"escambia","40_100",0.000769230769230769,1.78,0.0282842712474619,2,57.0076923076923,29.0076923076923,15.3538461538462,0.615384615384615,0.00136080473372781,0.08165
"estate","0_10",3.5915,1.3509262485482,0.246635757280942,0,45.975,45.375,8.65,0,4.85185162166086,48.51852
"estate","10_20",1.7395,1.64,0.210069553241103,1,37.175,47.8,15.025,0,2.85278,28.5278
"estate","20_40",4.1204,1.50104635443921,0.215883238671701,0,23.96,49.14,26.9,0,6.18491139883132,123.69823
"estate","40_100",1.48353846153846,1.74,0.19649269329816,1,29.3923076923077,30,40.6076923076923,0,2.58135692307692,154.88142
"esto","0_10",0.01798,1.3509262485482,0.246635757280942,0,57.84,13.68,11.89,0,0.0242896539488966,0.2429
"esto","10_20",0.00836,1.5096443452381,0.210069553241103,0,38.78,18.04,21.58,0,0.0126206267261905,0.12621
"esto","20_40",0.0123818181818182,1.50104635443921,0.215883238671701,0,38.5363636363636,13.2272727272727,39.6,0,0.0185856830431473,0.37171
"esto","40_100",0.00360869565217391,1.59451747615447,0.19649269329816,0,44.1565217391304,8.68695652173913,53.5130434782609,0,0.00575412828351396,0.34525
"evard","0_10",0.0072,1.3509262485482,0.246635757280942,0,49.9,28.7,21.4,6,0.00914306885017422,0.09143
"evard","10_20",0.0085,1.5096443452381,0.210069553241103,0,46.7895312870223,30.4653139464118,15.1362533561418,2.95214027796427,0.0124531589749807,0.12453
"evard","20_40",0.0098,1.49,0.215883238671701,1,40.6,32.8,26.6,4,0.01401792,0.28036
"evard","40_100",0.0099,1.555,0.0636396103067893,2,42.05,26.35,31.6,4,0.01477872,0.88672
"evergreen","0_10",0.00153333333333333,1.3509262485482,0.246635757280942,0,48.2886660985049,31.5216808172776,14.2365984772959,2.55253239021966,0.00201854657501191,0.02019
"evergreen","10_20",0.00153333333333333,1.5096443452381,0.210069553241103,0,46.7895312870223,30.4653139464118,15.1362533561418,2.95214027796427,0.00224645220725142,0.02246
"evergreen","20_40",0.00153333333333333,1.50104635443921,0.215883238671701,0,56.1333333333333,4.9,4.2,0,0.00230160441014012,0.04603
"evergreen","40_100",0.0021,1.59451747615447,0.19649269329816,0,44.9,1.45,1.75,0,0.00334848669992439,0.20091
"fannin","0_10",0.142433333333333,1.19,0.212132034355964,2,40.3833333333333,29.0833333333333,21.1,4.5,0.161868361666667,1.61868
"fannin","10_20",0.1945,1.305,0.0212132034355964,2,61.55,18.7,19.75,13.5,0.2195564625,2.19556
"fannin","20_40",0.01328,1.3075,0.0590903263374528,4,48.36,17.68,33.96,2.8,0.0168774192,0.33755
"fannin","40_100",0.0113578947368421,1.35818181818182,0.124082084268292,11,62.5631578947368,17.3736842105263,20.0631578947368,9.05263157894737,0.0140296193805087,0.84178
"forestdale","0_10",5.30454545454545,1.595,0.141539158303748,4,14.2272727272727,52.6,33.1636363636364,0,8.46075,84.6075
"forestdale","10_20",5.544,1.5096443452381,0.210069553241103,0,12.8125,52.2875,34.9,0,8.36946825000003,83.69468
"forestdale","20_40",4.83907692307692,1.686,0.133341666406266,5,9.60769230769231,52.8,37.5923076923077,0,8.15868369230769,163.17367
"forestdale","40_100",5.90421052631579,1.70538461538462,0.08471672253412,13,12.1447368421053,44.3947368421053,43.4631578947368,0,10.0689497975709,604.13699
"foxworth","0_10",0.0303444444444444,1.3509262485482,0.246635757280942,0,44.8055555555556,3.75,1.8,0,0.0409931064976126,0.40993
"foxworth","10_20",0.0160888888888889,1.5096443452381,0.210069553241103,0,78.3222222222222,3.52222222222222,1.74444444444444,0,0.0242885001322752,0.24289
"foxworth","20_40",0.028875,1.50104635443921,0.215883238671701,0,58.0875,4.1625,1.8125,0,0.0433427134844322,0.86685
"foxworth","40_100",0.01468,1.795,0.00707106781186548,2,69.3025641025641,3.5325,2.055,0,0.0263506,1.58104
"fuquay","0_10",0.911472727272727,1.43,0.246635757280942,1,75.1590909090909,12.25,4.24090909090909,3.04545454545455,1.26371136272727,12.63711
"fuquay","10_20",0.0845076923076923,1.805,0.106066017177982,2,77.2076923076923,9.32307692307692,3.96153846153846,5.69230769230769,0.143853544260355,1.43854
"fuquay","20_40",0.146853333333333,1.69,0.215883238671701,1,65.6533333333333,11.1866666666667,5.38666666666667,7.2,0.230313019733333,4.60626
"fuquay","40_100",0.0530264150943396,1.704,0.045752959831396,10,67.2641509433962,9.54339622641509,13.9320754716981,1.75471698113208,0.088771501499466,5.32629
"glenmora","0_10",0.1038,1.42,0.246635757280942,1,43.3,50.9,5.8,0,0.147396,1.47396
"glenmora","10_20",0.074,1.5096443452381,0.210069553241103,0,46.7895312870223,30.4653139464118,15.1362533561418,2.95214027796427,0.108415736958655,1.08416
"glenmora","20_40",0.0442,1.59,0.215883238671701,1,35.7,52.1,12.2,1,0.06957522,1.3915
"glenmora","40_100",0.0158,1.635,0.0353553390593273,2,30.15,51.2,18.65,2,0.02531634,1.51898
"goldsboro","0_10",0.00755555555555556,1.38,0.246635757280942,1,64.5333333333333,28.7,10,0,0.0104266666666667,0.10427
"goldsboro","10_20",0.4984,1.5096443452381,0.210069553241103,0,74.78,18.88,6.34,0.2,0.750901928183336,7.50902
"goldsboro","20_40",0.225766666666667,1.55,0.062449979983984,3,61.5916666666667,26.8666666666667,11.5416666666667,0.166666666666667,0.349355102777778,6.9871
"goldsboro","40_100",0.083936,1.668,0.0396232255123179,5,56.004,22.38,21.62,0.2,0.139725237504,8.38351
"greenville","0_10",0.175709090909091,1.765,0.109498858441538,6,64.2727272727273,17.5272727272727,20.4818181818182,0,0.310126545454545,3.10127
"greenville","10_20",0.0658,1.69,0.0707106781186548,2,51.3,24.32,24.38,0,0.111202,1.11202
"greenville","20_40",0.24192,1.6375,0.0747854072854935,8,45.08,16.9333333333333,40.22,0,0.396144,7.92288
"greenville","40_100",0.22052,1.62611111111111,0.0825433140406324,18,41.9485714285714,14.68,43.0828571428571,0,0.358590022222222,21.5154
"guyton","0_10",1.2848,1.4525,0.097082439194738,4,29.45,54.3666666666667,15.9666666666667,0,1.866172,18.66172
"guyton","10_20",5.48,1.655,0.120208152801713,2,20.65,59.5,19.85,0,9.0694,90.694
"guyton","20_40",1.49808,1.58,0.0724568837309472,5,21.06,64.76,14.18,0,2.3669664,47.33933
"guyton","40_100",1.60615,1.646,0.135088448391744,10,19.3916666666667,57.5333333333333,23.075,0.25,2.63711359275,158.22682
"gwinnett","0_10",0,1.3509262485482,0.246635757280942,0,48.6333333333333,31,20.3666666666667,0,0,NA
"gwinnett","10_20",0,1.5096443452381,0.210069553241103,0,46.7895312870223,30.4653139464118,15.1362533561418,2.95214027796427,0,NA
"gwinnett","20_40",0,1.50104635443921,0.215883238671701,0,26,35.6,38.4,0,0,NA
"gwinnett","40_100",0,1.59451747615447,0.19649269329816,0,37.55,20.75,41.7,0,0,NA
"hard labor","0_10",0,1.3509262485482,0.246635757280942,0,75.3,17.9,6.8,0,0,NA
"hard labor","10_20",0,1.5096443452381,0.210069553241103,0,79.9,15.3,4.8,0,0,NA
"hard labor","20_40",0,1.50104635443921,0.215883238671701,0,75.9,18.1,6,0,0,NA
"hard labor","40_100",0,1.59451747615447,0.19649269329816,0,36.75,14,49.25,0,0,NA
"harleston","0_10",0,1.28,0.246635757280942,1,67.8333333333333,27.5666666666667,4.6,0.333333333333333,0,NA
"harleston","10_20",0,1.49,0.210069553241103,1,44.5,45,10.5,2,0,NA
"harleston","20_40",0,1.565,0.0494974746830584,2,53.45,34.9,11.65,0.25,0,NA
"harleston","40_100",0,1.7,0.03,3,55.775,27.2375,16.9875,0.375,0,NA
"helena","0_10",0.0095,1.3509262485482,0.246635757280942,0,76.75,32.45,11.3,0,0.0128337993612079,0.12834
"helena","10_20",0.00605,1.5096443452381,0.210069553241103,0,46.7895312870223,30.4653139464118,15.1362533561418,2.95214027796427,0.00886371903513331,0.08864
"helena","20_40",0.0026,1.50104635443921,0.215883238671701,0,27.4,31.6,17.75,0,0.00390272052154195,0.07805
"helena","40_100",0.0052,1.59451747615447,0.19649269329816,0,21.875,20.575,48.175,0,0.00829149087600324,0.49749
"hemphill","0_10",0.2533,1.3509262485482,0.246635757280942,0,48.2886660985049,31.5216808172776,14.2365984772959,2.55253239021966,0.333455117902511,3.33455
"hemphill","10_20",0.2533,1.53,0.15556349186104,2,26.3,37.2,36.5,0,0.387549,3.87549
"hemphill","20_40",0.2782,1.64,0.215883238671701,1,8.8,33.8,57.4,0,0.456248,9.12496
"hemphill","40_100",0.105228571428571,1.45571428571429,0.11355720186425,7,35.5857142857143,35.3142857142857,29.1,0,0.153182734693878,9.19096
"hiwassee","0_10",0.0546,1.60333333333333,0.159457413332421,6,31.3769230769231,29.2,39.4230769230769,1.46153846153846,0.0862625399999998,0.86263
"hiwassee","10_20",0.0508,1.645,0.0881286937760152,4,57.1,22.525,20.375,3.25,0.080850105,0.8085
"hiwassee","20_40",0.0467733333333333,1.625,0.0808879295250975,8,23.7066666666667,22.0066666666667,54.2866666666667,1.13333333333333,0.0751452577777778,1.50291
"hiwassee","40_100",0.0248307692307692,1.56769230769231,0.0953199739608516,13,22.7269230769231,23.0730769230769,55.0192307692308,0.846153846153846,0.0385976235593992,2.31586
"hurricane","0_10",0.0287894736842105,1.3509262485482,0.246635757280942,0,46.3666666666667,3.52631578947368,1.56315789473684,0,0.0388924556818876,0.38892
"hurricane","10_20",0.00117142857142857,1.5096443452381,0.210069553241103,0,62.3428571428571,3.44285714285714,1.3,0,0.00176844051870749,0.01768
"hurricane","20_40",0.00181818181818182,1.50104635443921,0.215883238671701,0,56.68,4.65454545454545,1.80909090909091,0,0.00272917518988947,0.05458
"hurricane","40_100",0.000748837209302326,1.59451747615447,0.19649269329816,0,51.8738095238095,3.25581395348837,1.62790697674419,0,0.0011940340170273,0.07164
"kingsferry","0_10",6e-04,1.3509262485482,0.246635757280942,0,46.6,4.3,1.1,0,0.00081055574912892,0.00811
"kingsferry","10_20",0.001,1.5096443452381,0.210069553241103,0,55.8,3.6,1.3,0,0.0015096443452381,0.0151
"kingsferry","20_40",0.0012,1.50104635443921,0.215883238671701,0,32.4,5.5,1.4,0,0.00180125562532705,0.03603
"kingsferry","40_100",0.00056,1.59451747615447,0.19649269329816,0,67.22,4.6,2.52,0,0.000892929786646503,0.05358
"kinston","0_10",0.131,1.3509262485482,0.246635757280942,0,1.3,40.6,46.3,0,0.176971338559814,1.76971
"kinston","10_20",0.162,1.5096443452381,0.210069553241103,0,21.1,33.7,29.3,0,0.244562383928572,2.44562
"kinston","20_40",0.15735,1.50104635443921,0.215883238671701,0,44.6474010593,29.3694540148412,19.535668248824,2.4242495503916,0.230463817491395,4.60928
"kinston","40_100",0.1527,1.59451747615447,0.19649269329816,0,41.05,34.15,32.7,0,0.243482818608788,14.60897
"kolin","0_10",0.98,1.435,0.0494974746830584,2,33.9333333333333,57.8666666666667,8.2,0,1.4063,14.063
"kolin","10_20",1.2259,1.53,0.210069553241103,1,23.1,64.6,12.3,0,1.875627,18.75627
"kolin","20_40",1.1568,1.56,0.215883238671701,1,26.8666666666667,57.1333333333333,16,0.333333333333333,1.79859264,35.97185
"kolin","40_100",2.50390909090909,1.706,0.105261578935526,5,20.1545454545455,51.7818181818182,28.0636363636364,0.545454545454545,4.2483688968595,254.90213
"lakeland","0_10",0.0234631578947368,1.3509262485482,0.246635757280942,0,65.7052631578947,4.18421052631579,2.32631578947368,0,0.0316969958738309,0.31697
"lakeland","10_20",0.00525714285714286,1.5096443452381,0.210069553241103,0,42.3857142857143,5.55714285714286,2.45714285714286,0,0.00793641598639458,0.07936
"lakeland","20_40",0.00495555555555556,1.50104635443921,0.215883238671701,0,63.5625,4.87777777777778,3.25555555555556,0,0.00743851860088764,0.14877
"lakeland","40_100",0.00217777777777778,1.59451747615447,0.19649269329816,0,75.0088888888889,4.51333333333333,3.22888888888889,0,0.00347250472584751,0.20835
"latonia","0_10",0.0452,1.51,0.246635757280942,1,58.7,36,5.3,1,0.06756948,0.67569
"latonia","10_20",0.0445,1.5096443452381,0.210069553241103,0,46.7895312870223,30.4653139464118,15.1362533561418,2.95214027796427,0.0651959499278401,0.65196
"latonia","20_40",0.0438,1.58,0,2,52.95,35.9,11.15,0,0.069204,1.38408
"latonia","40_100",0.0231333333333333,1.65333333333333,0.0305505046330388,3,51.3666666666667,32.7333333333333,15.9,0.666666666666667,0.0379921303703703,2.27953
"leadvale","0_10",0.0396461538461538,1.3509262485482,0.246635757280942,0,23.6461538461538,63.9,12.4615384615385,0,0.0535590298847494,0.53559
"leadvale","10_20",0.0243333333333333,1.5096443452381,0.210069553241103,0,21.3333333333333,63.6666666666667,15,0,0.0367346790674604,0.36735
"leadvale","20_40",0.0235333333333333,1.50104635443921,0.215883238671701,0,15.575,62.75,21.6833333333333,0,0.0353246242078027,0.70649
"leadvale","40_100",0.0161034482758621,1.59451747615447,0.19649269329816,0,16.4655172413793,55.3344827586207,28.2034482758621,0,0.0256772297022116,1.54063
"leefield","0_10",0.0153666666666667,1.3509262485482,0.246635757280942,0,38.7666666666667,8.31666666666667,5.63333333333333,0,0.0207592333526907,0.20759
"leefield","10_20",0.0454,1.5096443452381,0.210069553241103,0,56.58,7.98,5.02,0,0.0685378532738097,0.68538
"leefield","20_40",0.0036,1.50104635443921,0.215883238671701,0,33.8571428571429,10.7875,5.25,0,0.00540376687598116,0.10808
"leefield","40_100",0.00632222222222222,1.59451747615447,0.19649269329816,0,52.0571428571429,8.46111111111111,11.4777777777778,0,0.0100808938214655,0.60485
"lenoir","0_10",12.16,1.41,0,2,14.0333333333333,52.6333333333333,33.3333333333333,0,17.1456,171.456
"lenoir","10_20",20.57,1.61,0.210069553241103,1,6,45.2,48.8,0,33.1177,331.177
"lenoir","20_40",7.71,1.47,0.215883238671701,1,16.5,48.55,34.95,0,11.3337,226.674
"lenoir","40_100",8.52428571428571,1.486,0.0702139587261679,5,7.74285714285714,46.4714285714286,45.7857142857143,0,12.6670885714286,760.02531
"leon","0_10",0.462008333333333,1.05,0.29698484809835,2,50.95,8.12916666666667,1.325,0,0.48510875,4.85109
"leon","10_20",0.00865,1.5096443452381,0.210069553241103,0,68.85,4.9125,0.6125,0,0.0130584235863096,0.13058
"leon","20_40",0.00142142857142857,1.47666666666667,0.21594752448994,3,64.9035714285714,3.72142857142857,1.00357142857143,0,0.0020989761904762,0.04198
"leon","40_100",0.00104197530864198,1.45,0.321403173599764,3,64.0475,4.40740740740741,2.3,0,0.00151086419753086,0.09065
"lexington","0_10",1.5772,1.3509262485482,0.246635757280942,0,19.16,67.86,12.98,0,2.13068087921022,21.30681
"lexington","10_20",0.11,1.5096443452381,0.210069553241103,0,6.45,65.45,28.1,0,0.166060877976191,1.66061
"lexington","20_40",0.717,1.50104635443921,0.215883238671701,0,7.825,59.825,32.35,0,1.07625023613291,21.525
"lexington","40_100",0.2986,1.59451747615447,0.19649269329816,0,24.5272727272727,52.9818181818182,22.4909090909091,0,0.476122918379725,28.56738
"lily","0_10",5.85002608695652,1.39333333333333,0.300222139978605,3,43.6695652173913,43.9326086956522,11.1130434782609,1.1304347826087,8.05889419780716,80.58894
"lily","10_20",1.08162790697674,1.35833333333333,0.128127540625217,6,43.1093023255814,44.2767441860465,12.6186046511628,2.23255813953488,1.43641024517757,14.3641
"lily","20_40",1.40665833333333,1.55875,0.122408858222878,8,41.4625,39.3395833333333,19.1958333333333,1.6875,2.15562806815755,43.11256
"lily","40_100",1.09251538461538,1.65714285714286,0.112552795914326,14,51.4365384615385,28.2048076923077,20.3586538461538,1.27884615384615,1.78730114374472,107.23807
"lloyd","0_10",1.9975,1.415,0.558614357137373,2,58.725,20.675,20.6,7.25,2.62154396875,26.21544
"lloyd","10_20",0.0905,1.51,0.210069553241103,1,50.65,24.05,25.3,11,0.12162295,1.21623
"lloyd","20_40",0.8066,1.57,0.254558441227157,2,35.6,20.6571428571429,43.7428571428571,2.42857142857143,1.23560749428571,24.71215
"lloyd","40_100",0.59568,1.558,0.228516957795259,5,33.81,23.39,42.8,1.7,0.91229225952,54.73754
"louisburg","0_10",0,1.3509262485482,0.246635757280942,0,65.2,27.8,7,0,0,NA
"louisburg","10_20",0,1.5096443452381,0.210069553241103,0,46.7895312870223,30.4653139464118,15.1362533561418,2.95214027796427,0,NA
"louisburg","20_40",0,1.50104635443921,0.215883238671701,0,60.2,30.9,8.9,0,0,NA
"louisburg","40_100",0,1.59451747615447,0.19649269329816,0,62.4,24.6333333333333,12.9666666666667,0,0,NA
"lucy","0_10",0.5218,1.3509262485482,0.246635757280942,0,71.9,7.88571428571429,4.21428571428571,1.85714285714286,0.691822069186162,6.91822
"lucy","10_20",0.0297,1.58,0.210069553241103,1,73.3,5.65,5.45,0,0.046926,0.46926
"lucy","20_40",0.0217142857142857,1.50104635443921,0.215883238671701,0,59.0428571428571,8.75714285714286,6.37142857142857,0.142857142857143,0.0325475863400933,0.65095
"lucy","40_100",0.0864363636363636,1.616,0.0512835256198323,5,61.7863636363636,7.00909090909091,13.7954545454545,0.0454545454545455,0.139617672198347,8.37706
"lynchburg","0_10",0.0118,1.33,0.29698484809835,2,52.36,27.4,10.38,0,0.015694,0.15694
"lynchburg","10_20",0.01028,1.7,0.0565685424949239,2,74.02,21.9,7.8,0,0.017476,0.17476
"lynchburg","20_40",0.00164,1.71,0.0989949493661167,2,56.32,18.9,9.27,0,0.0028044,0.05609
"lynchburg","40_100",0.00265882352941176,1.816,0.0931665175908169,5,61.5529411764706,16.3294117647059,17.8058823529412,0,0.00482842352941176,0.28971
"madison","0_10",4.62864,1.35,0.306104557300279,3,59.84,19.96,20.2,4.4,5.973722784,59.73723
"madison","10_20",1.19136666666667,1.765,0.0212132034355964,2,49.45,21.5666666666667,28.9833333333333,4.5,2.00813786916667,20.08138
"madison","20_40",0.751,1.47666666666667,0.0929157324317756,3,37.65,18.1333333333333,44.2166666666667,0.833333333333333,1.09973519444445,21.9947
"madison","40_100",0.59345,1.46444444444444,0.07650344945019,9,41.00625,17.0875,41.90625,0.25,0.866901869166664,52.01411
"malbis","0_10",0.0188444444444444,1.58666666666667,0.108750478926148,6,60.0388888888889,31.9444444444444,6.41666666666667,1,0.0296008533333334,0.29601
"malbis","10_20",0.2549375,1.63857142857143,0.162729691147474,7,58.26875,33.7875,7.23125,1.5,0.411467304017857,4.11467
"malbis","20_40",0.137361904761905,1.67,0.0616441400296898,9,53.3095238095238,31.7619047619048,17.0047619047619,1.57142857142857,0.225789612108844,4.51579
"malbis","40_100",0.10090985915493,1.72321428571429,0.0730830867310459,28,45.630985915493,29.369014084507,24.5154929577465,1.74647887323944,0.170852370788109,10.25114
"mantachie","0_10",2.7291,1.55,0.0294392028877595,4,44.425,31.2083333333333,24.375,0.583333333333333,4.2054293875,42.05429
"mantachie","10_20",1.285975,1.635,0.0777817459305201,2,43.1125,35.275,21.6125,1.5,2.071030588125,20.71031
"mantachie","20_40",1.15432727272727,1.595,0.106160256216722,6,54.4727272727273,27.8909090909091,17.6363636363636,1.45454545454545,1.81437160727273,36.28743
"mantachie","40_100",0.47999375,1.61384615384615,0.12692113440627,13,56.19375,24.603125,19.203125,1.5,0.763016526298075,45.78099
"mascotte","0_10",0.0197,1.3509262485482,0.246635757280942,0,33.05,6,2.4,0,0.0266132470963995,0.26613
"mascotte","10_20",0.0052,1.5096443452381,0.210069553241103,0,63.6,4,2.7,0,0.00785015059523812,0.0785
"mascotte","20_40",0.0021,1.50104635443921,0.215883238671701,0,28.05,4.6,1.15,0,0.00315219734432234,0.06304
"mascotte","40_100",0.00208,1.59451747615447,0.19649269329816,0,42.5555555555556,5.32,11.36,0,0.0033165963504013,0.199
"mattex","0_10",0.0984,1.24,0.246635757280942,1,11.5,58,30.5,0,0.122016,1.22016
"mattex","10_20",0.1046,1.5096443452381,0.210069553241103,0,46.7895312870223,30.4653139464118,15.1362533561418,2.95214027796427,0.153247109268586,1.53247
"mattex","20_40",0.1108,1.47,0.0565685424949239,2,23.3,46.25,30.45,0.5,0.16206162,3.24123
"mattex","40_100",0.011,1.715,0.0212132034355964,2,46.3,37.35,16.35,2,0.0184877,1.10926
"mclaurin","0_10",0.0116,1.4,0.246635757280942,1,53.2,40.6,6.2,0,0.01624,0.1624
"mclaurin","10_20",0.0042,1.59,0.210069553241103,1,56.9,39,4.1,0,0.006678,0.06678
"mclaurin","20_40",0.006,1.62,0.215883238671701,1,50.4,39.5,10.1,0,0.00972,0.1944
"mclaurin","40_100",0.009,1.6,0.19649269329816,1,46.7,38.3,15,0,0.0144,0.864
"mecklenburg","0_10",0.0985333333333333,1.61,0.0424264068711927,2,39.8333333333333,28.6,31.5666666666667,1.66666666666667,0.155994688888889,1.55995
"mecklenburg","10_20",0,1.5096443452381,0.210069553241103,0,40.7,33.9,25.4,0,0,NA
"mecklenburg","20_40",0.0622,1.41,0.215883238671701,1,21.2,21.15,57.65,0,0.087702,1.75404
"mecklenburg","40_100",0.0872,1.346,0.146901327427631,5,25.36,33.84,40.8,0.1,0.1172538288,7.03523
"meggett","0_10",0.0317,1.37,0.113137084989848,2,69.0333333333333,21.7166666666667,8.13333333333333,0,0.043429,0.43429
"meggett","10_20",0.0274666666666667,1.515,0.0494974746830584,2,62.7,22.3666666666667,8.2,0,0.041612,0.41612
"meggett","20_40",0.0645333333333333,1.7,0.0565685424949239,2,48.25,18.65,20.8166666666667,0,0.109706666666667,2.19413
"meggett","40_100",0.292728571428571,1.75,0.0707106781186548,5,46.3285714285714,18.75,42.9642857142857,0.857142857142857,0.507884071428572,30.47304
"moko","0_10",20.7068071428571,1.29,0.246635757280942,1,29.2196428571429,44.3776785714286,26.4017857142857,0.267857142857143,26.6402318003189,266.40232
"moko","10_20",13.0684070175439,1.37,0.210069553241103,1,32.4105263157895,40.5157894736842,27.0754385964912,0.508771929824561,17.8126285244198,178.12629
"moko","20_40",19.07646,1.52,0.215883238671701,1,29.99,42.65,27.356,0.66,28.80484415328,576.09688
"moko","40_100",14.21415,1.47,0.19649269329816,1,46.1,33.075,20.825,0,20.8948005,1253.68803
"mollville","0_10",0.0768,1.335,0.388908729652601,2,39.7333333333333,46.3,13.9666666666667,0,0.102528,1.02528
"mollville","10_20",0.031,1.57,0.0282842712474619,2,61.9,28,10.1,0,0.04867,0.4867
"mollville","20_40",0.06325,1.7125,0.199895806192459,4,46.525,37.225,16.25,0,0.108315625,2.16631
"mollville","40_100",0.0416222222222222,1.65777777777778,0.158727579344122,9,49.4555555555556,31.0111111111111,19.5333333333333,0.111111111111111,0.0689237279561043,4.13542
"nikwasi","0_10",0.003,0.96,0.246635757280942,1,70,17.5,12.5,0,0.00288,0.0288
"nikwasi","10_20",0.0025,1.5096443452381,0.210069553241103,0,46.7895312870223,30.4653139464118,15.1362533561418,2.95214027796427,0.00366269381617079,0.03663
"nikwasi","20_40",0.002,1.24,0.215883238671701,1,80.1,13.6,6.3,5,0.002356,0.04712
"nikwasi","40_100",0.0018,1.325,0.00707106781186548,2,92.6666666666667,4.66666666666667,2.66666666666667,34,0.0015741,0.09445
"nixa","0_10",2.09465714285714,1.3509262485482,0.246635757280942,0,21.9785714285714,68.2535714285714,9.75714285714286,2.39285714285714,2.76201598379053,27.62016
"nixa","10_20",1.4886,1.5096443452381,0.210069553241103,0,19.2875,70.8875,9.8375,4.9375,2.13629827906307,21.36298
"nixa","20_40",1.23206451612903,1.50104635443921,0.215883238671701,0,22.6,66.0774193548387,11.3322580645161,2.41935483870968,1.80464274189271,36.09285
"nixa","40_100",1.47529655172414,1.96,0.212132034355964,2,22.3758620689655,47.9954022988506,29.6310344827586,1.64367816091954,2.84405295200951,170.64318
"noark","0_10",2.59186046511628,1.3509262485482,0.246635757280942,0,17.9860465116279,71.5581395348837,10.4581395348837,0,3.50141233489993,35.01412
"noark","10_20",0.815,1.5096443452381,0.210069553241103,0,16.5272727272727,73.5045454545455,9.95909090909091,0,1.23036014136905,12.3036
"noark","20_40",0.70792,1.50104635443921,0.215883238671701,0,14.056,67.232,18.718,0.74,1.05475734179387,21.09515
"noark","40_100",1.03764912280702,1.44,0.19649269329816,1,13.0622807017544,38.480701754386,48.4605263157895,0.771929824561403,1.48268044764543,88.96083
"norfolk","0_10",1.31161538461538,1.735,0.0443471156521669,4,76.7230769230769,13.1,4.5,0.153846153846154,2.27215168816568,22.72152
"norfolk","10_20",0.151938461538462,1.72,0.0565685424949239,2,82.6230769230769,12.0153846153846,4.52307692307692,0,0.261334153846154,2.61334
"norfolk","20_40",0.113878260869565,1.774,0.0622896460095898,5,68.3,13.5086956521739,10.9565217391304,0.260869565217391,0.201493025996219,4.02986
"norfolk","40_100",0.250658620689655,1.70833333333333,0.0649207661873529,18,63.2137931034483,11.4120689655172,25.4137931034483,0.413793103448276,0.426436579865239,25.58619
"ocilla","0_10",0.0218,1.3509262485482,0.246635757280942,0,64.4272727272727,8.90909090909091,2.93636363636364,0,0.0294501922183508,0.2945
"ocilla","10_20",0.0162666666666667,1.5096443452381,0.210069553241103,0,52.4,6.6,3.4,0,0.0245568813492064,0.24557
"ocilla","20_40",0.0037,1.50104635443921,0.215883238671701,0,55.2416666666667,8.175,3.31666666666667,0,0.00555387151142508,0.11108
"ocilla","40_100",0.00635789473684211,1.59451747615447,0.19649269329816,0,51.8027777777778,9.11842105263158,12.9078947368421,0,0.0101377742694453,0.60827
"olustee","0_10",0.00715,1.3509262485482,0.246635757280942,0,36.025,7.75,2.225,0,0.00965912267711963,0.09659
"olustee","10_20",0.004255,1.5096443452381,0.210069553241103,0,46.7895312870223,30.4653139464118,15.1362533561418,2.95214027796427,0.00623390487512269,0.06234
"olustee","20_40",0.00136,1.50104635443921,0.215883238671701,0,46.86,5.4,3.1,0,0.00204142304203733,0.04083
"olustee","40_100",0.00214545454545455,1.59451747615447,0.19649269329816,0,52.8818181818182,5.21818181818182,9.81818181818182,0,0.00342096476702232,0.20526
"orangeburg","0_10",0.466207692307692,1.76333333333333,0.185022521151706,3,69.8076923076923,13.1230769230769,7.66538461538462,0.192307692307692,0.820498641863904,8.20499
"orangeburg","10_20",0.291147368421053,1.83,0.210069553241103,1,68.4473684210526,12.0947368421053,8.32631578947368,0.842105263157895,0.528312950027701,5.28313
"orangeburg","20_40",0.230274285714286,1.73111111111111,0.0964940988408675,9,66.3588235294118,13.4114285714286,14.8342857142857,0.257142857142857,0.39760532506848,7.95211
"orangeburg","40_100",0.26787,1.683125,0.0878421880419653,16,56.6493670886076,10.6625,26.32125,0.575,0.448266256260937,26.89598
"ouachita","0_10",8.53,1.3509262485482,0.246635757280942,0,48.2886660985049,31.5216808172776,14.2365984772959,2.55253239021966,11.2292623596858,112.29262
"ouachita","10_20",8.53,1.54,0.210069553241103,1,16.6,60.7,22.7,1,13.004838,130.04838
"ouachita","20_40",3.07,1.46,0.215883238671701,1,17.9,60,22.1,0,4.4822,89.644
"ouachita","40_100",1.22,1.56,0.19649269329816,1,20.9,58,21.1,0,1.9032,114.192
"pacolet","0_10",0.0108285714285714,1.16,0.0888819441731559,3,60.1285714285714,19.9714285714286,19.9,10.2857142857143,0.0112691395918367,0.11269
"pacolet","10_20",0.00643428571428571,1.5096443452381,0.210069553241103,0,46.7895312870223,30.4653139464118,15.1362533561418,2.95214027796427,0.00942672739887614,0.09427
"pacolet","20_40",0.00204,1.4325,0.177270979012358,4,50.52,20.96,28.52,12.6,0.0025540902,0.05108
"pacolet","40_100",0.000785714285714286,1.60272727272727,0.269224475450911,11,45.7,15.4642857142857,38.8357142857143,7.14285714285714,0.00116933673469388,0.07016
"pamlico","0_10",1.63,1.3509262485482,0.246635757280942,0,48.2886660985049,31.5216808172776,14.2365984772959,2.55253239021966,2.14580277213223,21.45803
"pamlico","10_20",1.63,1.5096443452381,0.210069553241103,0,9.15000000000001,34.9,26.45,0,2.4607202827381,24.6072
"pamlico","20_40",1.325,1.50104635443921,0.215883238671701,0,68.45,28.95,2.6,0,1.98888641963195,39.77773
"pamlico","40_100",0.0337866666666667,1.59451747615447,0.19649269329816,0,78.8066666666667,5.56666666666667,2.62666666666667,0,0.0538734304610057,3.23241
"pantego","0_10",0.0082,1.3509262485482,0.246635757280942,0,48.2886660985049,31.5216808172776,14.2365984772959,2.55253239021966,0.0107948360315854,0.10795
"pantego","10_20",0.0082,1.5096443452381,0.210069553241103,0,38.4,26.9,19.7,0,0.0123790836309524,0.12379
"pantego","20_40",0.0035,1.50104635443921,0.215883238671701,0,26.65,31.65,16.45,0,0.00525366224053724,0.10507
"pantego","40_100",0.0019,1.59451747615447,0.19649269329816,0,47.925,28.225,18.95,0,0.00302958320469349,0.18177
"pelham","0_10",0.0231818181818182,1.6,0.246635757280942,1,67.0181818181818,8.90909090909091,4.19090909090909,0.0909090909090909,0.0370571900826446,0.37057
"pelham","10_20",4e-04,1.5096443452381,0.210069553241103,0,31.2,7,2.2,0,0.00060385773809524,0.00604
"pelham","20_40",0.0012,1.65,0.215883238671701,1,60.9,9.24,3.54,0,0.00198,0.0396
"pelham","40_100",0.00190322580645161,1.8,0.0360555127546399,3,63.6935483870968,8.23870967741935,11.3387096774194,0.032258064516129,0.00342470135275754,0.20548
"plott","0_10",0.236,0.95,0.246635757280942,1,46.2,37.3,16.5,2,0.219716,2.19716
"plott","10_20",0.1295,1.5096443452381,0.210069553241103,0,46.7895312870223,30.4653139464118,15.1362533561418,2.95214027796427,0.189727539677647,1.89728
"plott","20_40",0.023,0.96,0.215883238671701,1,46.9,40.7,12.4,8,0.0203136,0.40627
"plott","40_100",0.0114,1.18666666666667,0.128970280814354,3,56.9666666666667,29.3666666666667,13.6666666666667,9.33333333333333,0.0122653866666667,0.73592
"plummer","0_10",0.00508,1.3509262485482,0.246635757280942,0,40.34,7.56,4.52,0,0.00686270534262486,0.06863
"plummer","10_20",0.0142666666666667,1.5096443452381,0.210069553241103,0,52.3666666666667,5.96666666666667,2.4,0,0.0215375926587302,0.21538
"plummer","20_40",0.001,1.50104635443921,0.215883238671701,0,66.675,7.35,3.225,0,0.00150104635443921,0.03002
"plummer","40_100",0.000844444444444444,1.59451747615447,0.19649269329816,0,52.2722222222222,4.71111111111111,2.12222222222222,0,0.00134648142430822,0.08079
"poarch","0_10",0.0556666666666667,1.3509262485482,0.246635757280942,0,51.3,25.2,4.66666666666667,0,0.0752015611691831,0.75202
"poarch","10_20",0.0453,1.5096443452381,0.210069553241103,0,46.7895312870223,30.4653139464118,15.1362533561418,2.95214027796427,0.0663680119490147,0.66368
"poarch","20_40",0.0349333333333333,1.50104635443921,0.215883238671701,0,55.8333333333333,25.6333333333333,7.86666666666667,0.333333333333333,0.0522617641395817,1.04524
"poarch","40_100",0.0503111111111111,1.59451747615447,0.19649269329816,0,70.2555555555556,20.4666666666667,14.6,0.222222222222222,0.0800436749205017,4.80262
"ponzer","0_10",0.2622,0.8,0.246635757280942,1,59.5,13.6,46.6,0,0.20976,2.0976
"ponzer","10_20",0.147533333333333,1.5096443452381,0.210069553241103,0,46.7895312870223,30.4653139464118,15.1362533561418,2.95214027796427,0.216147771071626,2.16148
"ponzer","20_40",0.0328666666666667,0.72,0.215883238671701,1,69.1666666666667,42.6333333333333,24.8666666666667,0,0.023664,0.47328
"ponzer","40_100",0.008,1.15,0.240416305603426,2,33.3857142857143,49.9285714285714,13.7571428571429,0.142857142857143,0.00918685714285714,0.55121
"portia","0_10",2.04966666666667,1.3509262485482,0.246635757280942,0,34.0458333333333,55.7708333333333,10.1833333333333,0,2.76894850077429,27.68949
"portia","10_20",0.797230769230769,1.5096443452381,0.210069553241103,0,38.0384615384615,51.0538461538462,10.9,0,1.20353492261905,12.03535
"portia","20_40",0.807806451612903,1.50104635443921,0.215883238671701,0,28.7516129032258,53.6387096774194,17.6129032258065,0,1.21255492928602,24.2511
"portia","40_100",1.55557746478873,1.59451747615447,0.19649269329816,0,27.6267605633803,37.1450704225352,35.230985915493,0,2.4803954531177,148.82373
"pottsburg","0_10",0.003825,1.3509262485482,0.246635757280942,0,47.425,4.175,1.7625,0,0.00516729290069686,0.05167
"pottsburg","10_20",9e-04,1.5096443452381,0.210069553241103,0,47.6,5,1.85,0,0.00135867991071429,0.01359
"pottsburg","20_40",0.000425,1.50104635443921,0.215883238671701,0,47.2,4.8375,1.6875,0,0.000637944700636664,0.01276
"pottsburg","40_100",0.000377777777777778,1.59451747615447,0.19649269329816,0,44.3944444444444,4.37777777777778,1.92777777777778,0,0.000602373268769466,0.03614
"providence","0_10",0.0821333333333333,1.21333333333333,0.204287379280594,3,14.5,75.5,10,0,0.0996551111111108,0.99655
"providence","10_20",0.0245,1.5275,0.0846069343099804,4,15.625,68.425,15.95,0,0.03742375,0.37424
"providence","20_40",0.0338,1.56666666666667,0.0152752523165195,3,11.1666666666667,65.0333333333333,23.8,0,0.0529533333333334,1.05907
"providence","40_100",0.0159285714285714,1.635,0.0988571053224161,12,19.2285714285714,57.4071428571429,23.3642857142857,0,0.0260432142857143,1.56259
"rains","0_10",0.0202153846153846,1.35,0.06557438524302,3,58.4916666666667,25.2153846153846,10.2076923076923,0.153846153846154,0.0272487834319527,0.27249
"rains","10_20",0.02636,1.465,0.0777817459305203,2,61.8,25.74,8.72,0,0.0386174,0.38617
"rains","20_40",0.00772,1.5725,0.0602079728939614,4,69.58,20.0333333333333,12.1066666666667,0.133333333333333,0.0121235137333333,0.24247
"rains","40_100",0.0219933333333333,1.69714285714286,0.0446147530585589,7,61.1533333333333,19.1766666666667,23.5466666666667,0.133333333333333,0.0372760608000001,2.23656
"reddies","0_10",1.72695,0.91,0.197989898732233,2,64.475,31.025,8.05,0,1.5715245,15.71524
"reddies","10_20",0.489733333333333,1.34,0.210069553241103,1,68.2,21.8,10,3.33333333333333,0.634367911111111,6.34368
"reddies","20_40",0.17795,1.24333333333333,0.280059517483933,3,69.95,23.375,6.675,0,0.221251166666666,4.42502
"reddies","40_100",0.0463090909090909,1.23,0.13076696830622,3,80.3636363636364,13.2272727272727,6.40909090909091,46.2727272727273,0.0306031522314049,1.83619
"rexor","0_10",0.0772,1.3509262485482,0.246635757280942,0,48.2886660985049,31.5216808172776,14.2365984772959,2.55253239021966,0.101629431907121,1.01629
"rexor","10_20",0.0772,1.5096443452381,0.210069553241103,0,26.7,62.3,10.9,0,0.116544543452381,1.16545
"rexor","20_40",0.07675,1.50104635443921,0.215883238671701,0,44.6474010593,29.3694540148412,19.535668248824,2.4242495503916,0.112412443549187,2.24825
"rexor","40_100",0.0763,1.59451747615447,0.19649269329816,0,27.35,54.45,20.2,0,0.121661683430586,7.2997
"rosman","0_10",0.0974,1.1,0.212132034355964,2,43.3,41.35,15.35,0,0.10714,1.0714
"rosman","10_20",0.1872,1.33,0.210069553241103,1,62.4,25.2,12.4,1,0.24648624,2.46486
"rosman","20_40",0.0801,1.24,0.127279220613579,2,43.7,41.7,14.6,0,0.099324,1.98648
"rosman","40_100",0.0514888888888889,1.29,0.132233559604642,8,69.6222222222222,23.7555555555556,6.62222222222222,0,0.0664206666666667,3.98524
"ruston","0_10",0.0388933333333333,1.49,0.0367423461417477,5,65.26,29.2666666666667,5.47333333333333,0.0666666666666667,0.0579124326222222,0.57912
"ruston","10_20",0.0377555555555556,1.7175,0.17423642940939,4,57.8,31.1888888888889,11.0111111111111,0,0.0648451666666667,0.64845
"ruston","20_40",0.0223866666666667,1.7025,0.0394757309410901,4,57.4733333333333,29.6933333333333,12.8333333333333,0.0666666666666667,0.0380878911333333,0.76176
"ruston","40_100",0.0252325581395349,1.75352941176471,0.0561183098986628,17,56.6116279069767,23.5860465116279,19.8023255813953,0.116279069767442,0.0441945839563517,2.65168
"rutlege","0_10",9e-04,1.3509262485482,0.246635757280942,0,76.75,7,3.25,0,0.00121583362369338,0.01216
"rutlege","10_20",2e-04,1.5096443452381,0.210069553241103,0,44,11.6,2.6,0,0.00030192886904762,0.00302
"rutlege","20_40",0.0018,1.50104635443921,0.215883238671701,0,58.3666666666667,5.83333333333333,2.96666666666667,0,0.00270188343799058,0.05404
"rutlege","40_100",0.0207111111111111,1.59451747615447,0.19649269329816,0,50.0444444444444,4.46666666666667,4.2,0,0.0330242286172437,1.98145
"sacul","0_10",0.0226285714285714,1.435,0.0919238815542511,2,50.0142857142857,41.5428571428571,30.3,1.28571428571429,0.0320545028571429,0.32055
"sacul","10_20",0.00132,1.48,0.210069553241103,1,36.82,41.44,36.78,0,0.0019536,0.01954
"sacul","20_40",0.007,1.62666666666667,0.0513160143944688,3,37.5142857142857,42.0142857142857,31.9857142857143,1.42857142857143,0.011224,0.22448
"sacul","40_100",0.004,1.64,0.0728010988928051,5,30.3095238095238,36.5,35.4904761904762,1.57142857142857,0.00645691428571429,0.38741
"saffell","0_10",1.75935,1.3509262485482,0.246635757280942,0,32.65,55.9875,11.3625,6.25,2.22820508942182,22.28205
"saffell","10_20",0.67435,1.38,0.210069553241103,1,18,65.775,16.225,11.75,0.8212571475,8.21257
"saffell","20_40",0.392571428571429,1.36,0.215883238671701,1,32.9285714285714,50.7714285714286,16.3,15.2857142857143,0.452287151020408,9.04574
"saffell","40_100",0.1024,1.21,0.19649269329816,1,47.7714285714286,31.6142857142857,20.6142857142857,19.2857142857143,0.100008228571429,6.00049
"sapelo","0_10",0.0166571428571429,1.3509262485482,0.246635757280942,0,53.2846153846154,7.10714285714286,1.12857142857143,0,0.0225025715115314,0.22503
"sapelo","10_20",0.1371,1.52,0.210069553241103,1,79.46,6.76666666666667,1.01666666666667,0,0.208392,2.08392
"sapelo","20_40",0.00173,1.50104635443921,0.215883238671701,0,55.26,6.45,1.435,0,0.00259681019317983,0.05194
"sapelo","40_100",0.0132774193548387,1.61,0.0692820323027551,6,56.3903225806452,5.73548387096774,4.24354838709677,0,0.0213766451612903,1.2826
"saucier","0_10",0.03205,1.42,0.127279220613579,2,40.75,29.55,12.525,2.5,0.044373225,0.44373
"saucier","10_20",0.058,1.59,0.210069553241103,1,44.3,39.5,16.2,1,0.0912978,0.91298
"saucier","20_40",0.00665,1.67,0.014142135623731,2,53.65,25.925,14.175,1,0.010994445,0.21989
"saucier","40_100",0.00876,1.685,0.0404145188432738,4,45.32,27.27,27.61,0.5,0.014686797,0.88121
"saunook","0_10",0.238,1.3,0.246635757280942,1,43.1,32.2,24.7,16,0.259896,2.59896
"saunook","10_20",0.212333333333333,1.29,0.175214154679352,3,40.8666666666667,37.9,21.2333333333333,7.66666666666667,0.252910233333333,2.5291
"saunook","20_40",0.105866666666667,1.43,0.229128784747792,3,43.4333333333333,34.8,21.7666666666667,10.6666666666667,0.135241137777778,2.70482
"saunook","40_100",0.06395,1.26,0.208885933785244,7,44.8,33.8375,21.3625,29.875,0.05650462125,3.39028
"sharkey","0_10",4.48420476190476,1.54,0.346121365997536,7,5.41904761904762,31.7333333333333,62.847619047619,0.19047619047619,6.89252166603175,68.92522
"sharkey","10_20",1.72854545454545,1.852,0.055703295619354,15,1.27272727272727,32.0136363636364,66.7136363636364,0.0454545454545455,3.19981106082645,31.99811
"sharkey","20_40",5.17857948717949,1.80785714285714,0.0867515082048962,14,3.63076923076923,31.5384615384615,64.8307692307692,0,9.3621319157509,187.24264
"sharkey","40_100",6.0369375,1.81230769230769,0.104280686315643,26,3.2125,30.6825,66.105,0.0125,10.9394206706971,656.36524
"smithdale","0_10",1.89303333333333,1.57,0.0264575131106459,3,74.7,19.7083333333333,5.59166666666667,2.5,2.897760775,28.97761
"smithdale","10_20",0.05,1.5096443452381,0.210069553241103,0,74.72,19.94,5.34,4.2,0.072311964136905,0.72312
"smithdale","20_40",0.076,1.5575,0.0903234926989282,4,68.1714285714286,20.7285714285714,11.1,3.42857142857143,0.1143116,2.28623
"smithdale","40_100",0.05892,1.7,0.05,5,62.636,16.14,21.224,1.04,0.0991222944,5.94734
"smithton","0_10",0,1.3509262485482,0.246635757280942,0,48.6,45.5,5.9,0,0,NA
"smithton","10_20",0,1.5096443452381,0.210069553241103,0,46.7895312870223,30.4653139464118,15.1362533561418,2.95214027796427,0,NA
"smithton","20_40",0,1.50104635443921,0.215883238671701,0,51.7,41.6,6.7,0,0,NA
"smithton","40_100",0,1.59451747615447,0.19649269329816,0,51.8,40.05,8.15,0,0,NA
"susquehanna","0_10",0.216933333333333,1.36,0.226274169979695,2,59.6333333333333,36.2666666666667,4.1,0.333333333333333,0.294045902222222,2.94046
"susquehanna","10_20",0.048,1.475,0.162634559672906,2,29.7,44.95,25.35,0.5,0.070446,0.70446
"susquehanna","20_40",1.60865,1.77,0.0761577310586392,4,30.8,19.95,49.25,0,2.8473105,56.94621
"susquehanna","40_100",3.3114,1.88333333333333,0.0553774924194538,6,32.9857142857143,18.0571428571429,48.9571428571429,0,6.23646999999999,374.1882
"tate","0_10",0.0486,1.55,0.246635757280942,1,72.6666666666667,37,14.3,10.3333333333333,0.0675459,0.67546
"tate","10_20",0.0025,1.345,0.205060966544099,2,57.8,24.25,17.95,12,0.002959,0.02959
"tate","20_40",0.0019,1.505,0.0919238815542513,2,51.95,24.5,23.55,9,0.002602145,0.05204
"tate","40_100",0.0032,1.526,0.0998999499499374,5,58.04,21.62,20.34,16,0.004101888,0.24611
"tippah","0_10",0.0382,1.29,0.246635757280942,1,9.8,81.3,8.9,0,0.049278,0.49278
"tippah","10_20",0.02885,1.5096443452381,0.210069553241103,0,46.7895312870223,30.4653139464118,15.1362533561418,2.95214027796427,0.0422674866386109,0.42267
"tippah","20_40",0.0195,1.505,0.0919238815542513,2,6.15,70.15,23.7,0,0.0293475,0.58695
"tippah","40_100",0.112333333333333,1.76333333333333,0.187171935218219,3,4.7,58.4333333333333,36.8666666666667,0,0.198081111111111,11.88487
"toccoa","0_10",3.665,1.32,0.246635757280942,1,38.65,37.15,24.2,1,4.789422,47.89422
"toccoa","10_20",1.18,1.45,0.210069553241103,1,62.25,23.925,13.825,0.25,1.7067225,17.06723
"toccoa","20_40",0.246666666666667,1.66,0.215883238671701,1,65.5333333333333,23.9333333333333,10.5333333333333,0,0.409466666666667,8.18933
"toccoa","40_100",0.476,1.7,0.0360555127546399,3,69.48,19.92,10.6,1.1,0.8002988,48.01793
"toinette","0_10",3.3,1.3509262485482,0.246635757280942,0,80.1,15.4,4.5,0,4.45805662020906,44.58057
"toinette","10_20",1.735,1.5096443452381,0.210069553241103,0,46.7895312870223,30.4653139464118,15.1362533561418,2.95214027796427,2.54190950842253,25.4191
"toinette","20_40",0.17,1.50104635443921,0.215883238671701,0,84.3,11.8,3.9,0,0.255177880254666,5.10356
"toinette","40_100",0.716666666666667,1.59451747615447,0.19649269329816,0,78.7666666666667,5.53333333333333,15.7,0,1.14273752457737,68.56425
"townley","0_10",0,1.3509262485482,0.246635757280942,0,21,52.5,26.5,0,0,NA
"townley","10_20",0,1.5096443452381,0.210069553241103,0,46.7895312870223,30.4653139464118,15.1362533561418,2.95214027796427,0,NA
"townley","20_40",0,1.50104635443921,0.215883238671701,0,9,39.9,51.1,0,0,NA
"townley","40_100",0,1.59451747615447,0.19649269329816,0,6.83333333333333,44.4666666666667,48.7,0,0,NA
"toxaway","0_10",0.104,1.06,0.246635757280942,1,7,58.8,34.2,0,0.11024,1.1024
"toxaway","10_20",0.06865,1.5096443452381,0.210069553241103,0,46.7895312870223,30.4653139464118,15.1362533561418,2.95214027796427,0.10057757219205,1.00578
"toxaway","20_40",0.0333,1.07,0.0282842712474619,2,7.25,59.3,33.45,0,0.035631,0.71262
"toxaway","40_100",0.0144666666666667,1.23666666666667,0.0288675134594813,3,9.83333333333333,62.0333333333333,28.1333333333333,0,0.0178904444444445,1.07343
"trimont","0_10",1.31,0.95,0.246635757280942,1,50.6,28,21.4,2,1.21961,12.1961
"trimont","10_20",0.1972,1.12,0.183847763108502,2,45.2,28.15,26.65,5.5,0.20871648,2.08716
"trimont","20_40",0.3299,1.37,0.0282842712474618,2,45.75,20.8,33.45,4.5,0.431624665,8.63249
"trimont","40_100",0.0902666666666667,1.42833333333333,0.170577450639487,6,63.4833333333333,15.5333333333333,20.9833333333333,5,0.122484344444444,7.34906
"troup","0_10",0.440535714285714,1.58,0.0989949493661166,2,76.3785714285714,7.36428571428571,3.5,0,0.696046428571429,6.96046
"troup","10_20",0.0346,1.71,0.210069553241103,1,87.6285714285714,8.52857142857143,3.84285714285714,0,0.059166,0.59166
"troup","20_40",0.10275,1.5,0.215883238671701,1,73.025,8.425,3.965,0.05,0.1540479375,3.08096
"troup","40_100",0.0360754716981132,1.87,0.459238500128201,3,74.2660377358491,7.7622641509434,5.13396226415094,0.188679245283019,0.0673338469206123,4.04003
"tuckasegee","0_10",0.0244,1.3509262485482,0.246635757280942,0,48.2886660985049,31.5216808172776,14.2365984772959,2.55253239021966,0.0321212194110591,0.32121
"tuckasegee","10_20",0.0244,1.11,0.210069553241103,1,56.4,28.1,15.5,16,0.02275056,0.22751
"tuckasegee","20_40",0.006,0.97,0.215883238671701,1,58.5,31.1,10.4,16,0.0048888,0.09778
"tuckasegee","40_100",0.0132666666666667,1.17,0.09,3,57.5333333333333,22.2333333333333,20.2333333333333,28.6666666666667,0.01107236,0.66434
"tusquitee","0_10",0.3657,0.57,0.246635757280942,1,35.45,36.95,37.5,1,0.20636451,2.06365
"tusquitee","10_20",0.0056,1.2,0.210069553241103,1,52.6,28.7,18.7,10,0.006048,0.06048
"tusquitee","20_40",0.0044,1.14,0.215883238671701,1,57.7,24.2,18.1,2,0.00491568,0.09831
"tusquitee","40_100",0.0072,1.3,0.15556349186104,2,64.2,20.15,15.65,19,0.0075816,0.4549
"udorthents","0_10",5.01,1.3509262485482,0.246635757280942,0,32.2,45.2,22.6,0,6.76814050522648,67.68141
"udorthents","10_20",4.345,1.5096443452381,0.210069553241103,0,46.7895312870223,30.4653139464118,15.1362533561418,2.95214027796427,6.36576185250483,63.65762
"udorthents","20_40",3.68,1.50104635443921,0.215883238671701,0,22.3,44.8,32.9,0,5.52385058433629,110.47701
"udorthents","40_100",2.38,1.59451747615447,0.19649269329816,0,43.6,32.7,23.7,0,3.79495159324764,227.6971
"unaka","0_10",0.0806,1.3509262485482,0.246635757280942,0,40.3,35.5,24.2,10,0.0979961900696864,0.97996
"unaka","10_20",0.0068,1.5096443452381,0.210069553241103,0,40.2,39.3,20.5,10,0.00923902339285717,0.09239
"unaka","20_40",0.004,1.50104635443921,0.215883238671701,0,45.7,36,18.3,8,0.00552385058433629,0.11048
"unaka","40_100",0.0019,1.59451747615447,0.19649269329816,0,58.9,28.85,12.25,10,0.00272662488422414,0.1636
"urban land","0_10",0.77416,1.3509262485482,0.246635757280942,0,43.63,36.81,19.56,16.9,0.869087276662718,8.69087
"urban land","10_20",0.8257,1.5096443452381,0.210069553241103,0,46.7895312870223,30.4653139464118,15.1362533561418,2.95214027796427,1.20971451360489,12.09715
"urban land","20_40",0.87724,1.50104635443921,0.215883238671701,0,39.07,39.12,21.81,13.7,1.1363793311246,22.72759
"urban land","40_100",0.87724,1.59451747615447,0.19649269329816,0,47.1527031434407,24.7802985973975,23.2730709428291,3.29052854268621,1.35274743625665,81.16485
"vance","0_10",0.1766,1.3509262485482,0.246635757280942,0,24,51.7,24.3,0,0.238573575493612,2.38574
"vance","10_20",0.1606,1.5096443452381,0.210069553241103,0,26,56.5,17.5,0,0.242448881845239,2.42449
"vance","20_40",0.1442,1.50104635443921,0.215883238671701,0,27.3,55.8,16.9,0,0.216450884310134,4.32902
"vance","40_100",0.06516,1.59451747615447,0.19649269329816,0,35.84,44.48,26.56,0,0.103898758746225,6.23393
"wadley","0_10",1.20317777777778,1.3509262485482,0.246635757280942,0,62.5111111111111,10.0888888888889,3.22222222222222,0.555555555555556,1.61637441699395,16.16374
"wadley","10_20",0.01,1.5096443452381,0.210069553241103,0,46.3,6.5,1.9,0,0.015096443452381,0.15096
"wadley","20_40",0.1481,1.50104635443921,0.215883238671701,0,76.625,10.5,3.5625,0.875,0.220359796647888,4.4072
"wadley","40_100",0.0775333333333333,1.59451747615447,0.19649269329816,0,61.5944444444444,8.85,5.42222222222222,0.5,0.123010113709587,7.38061
"wagram","0_10",1.80233333333333,1.3509262485482,0.246635757280942,0,68.1333333333333,9.76666666666667,4.1,1,2.41047121454704,24.10471
"wagram","10_20",0.0074,1.57,0.169705627484771,2,61.4333333333333,10.3,3.1,0,0.011618,0.11618
"wagram","20_40",0.4881,1.63,0.215883238671701,1,67.925,10.225,5.075,1.75,0.7816799475,15.6336
"wagram","40_100",0.41795,1.6775,0.105633012516605,4,77.99,9.575,12.2,1.58333333333333,0.690010198854167,41.40061
"wahee","0_10",2.66,1.3509262485482,0.246635757280942,0,61.8,27.4666666666667,10.6,0,3.59346382113821,35.93464
"wahee","10_20",2.4463,1.5096443452381,0.210069553241103,0,46.7895312870223,30.4653139464118,15.1362533561418,2.95214027796427,3.58401915299944,35.84019
"wahee","20_40",2.2326,1.50104635443921,0.215883238671701,0,47.675,33.275,19,0.25,3.34285800069368,66.85716
"wahee","40_100",1.509,1.59451747615447,0.19649269329816,0,28.73,20.03,51.17,0.4,2.39650236403103,143.79014
"wehadkee","0_10",4.605,1.3509262485482,0.246635757280942,0,45.95,34.4,19.65,0,6.22101537456446,62.21015
"wehadkee","10_20",3.65,1.5096443452381,0.210069553241103,0,16.3,35.3,48.4,0,5.51020186011907,55.10202
"wehadkee","20_40",6.5,1.50104635443921,0.215883238671701,0,22.75,41.4,35.85,0,9.75680130385487,195.13603
"wehadkee","40_100",3.99,1.59451747615447,0.19649269329816,0,38.8666666666667,32.1333333333333,29,0,6.36212472985634,381.72748
"whiteside","0_10",0.002,1.3509262485482,0.246635757280942,0,48.2886660985049,31.5216808172776,14.2365984772959,2.55253239021966,0.00263288683697206,0.02633
"whiteside","10_20",0.002,1.5096443452381,0.210069553241103,0,46.7895312870223,30.4653139464118,15.1362533561418,2.95214027796427,0.00293015505293663,0.0293
"whiteside","20_40",0.002,1.21,0.215883238671701,1,47,26.9,26.1,0,0.00242,0.0484
"whiteside","40_100",0.00146666666666667,1.30666666666667,0.0550757054728611,3,54.5,24.0666666666667,21.4333333333333,0.333333333333333,0.0019100562962963,0.1146
"wickham","0_10",0.01568,1.41,0.246635757280942,1,56.8578947368421,36.7315789473684,20.335,0,0.0221088,0.22109
"wickham","10_20",0.02444,1.5096443452381,0.210069553241103,0,65.4666666666667,36.62,23.2333333333333,0.0666666666666667,0.0368711106590874,0.36871
"wickham","20_40",0.0427777777777778,1.71,0.215883238671701,1,53.3888888888889,26.2555555555556,20.3555555555556,0.111111111111111,0.0730687222222222,1.46137
"wickham","40_100",0.0565052631578947,1.69,0.19649269329816,1,52.3052631578947,24.1552631578947,23.5394736842105,0.157894736842105,0.0953431149030471,5.72059
"wilkes","0_10",0,1.3509262485482,0.246635757280942,0,70.8,23.9,5.3,0,0,NA
"wilkes","10_20",0,1.5096443452381,0.210069553241103,0,72.4,23.4,4.2,0,0,NA
"wilkes","20_40",0,1.50104635443921,0.215883238671701,0,48.7,22.9,28.4,0,0,NA
"wilkes","40_100",0.1522,1.59451747615447,0.19649269329816,0,81.2,9.9,8.9,5,0.230551281877175,13.83308
"woden","0_10",0.0165,1.3509262485482,0.246635757280942,0,73.35,23.625,3.025,0,0.0222902831010453,0.2229
"woden","10_20",0.014,1.5096443452381,0.210069553241103,0,67.55,28.2,4.25,0,0.0211350208333334,0.21135
"woden","20_40",0.0185,1.50104635443921,0.215883238671701,0,65.1,28.75,6.15,0,0.0277693575571254,0.55539
"woden","40_100",0.042,1.59451747615447,0.19649269329816,0,59.85,25.3125,14.8375,0,0.0669697339984877,4.01818
"wrightsville","0_10",0.4094,1.42666666666667,0.11060440015358,3,18.3555555555556,59.0555555555556,22.5888888888889,1.44444444444444,0.575640660740742,5.75641
"wrightsville","10_20",0.0581714285714286,1.67,0.210069553241103,1,15.5428571428571,58,26.4571428571429,0.142857142857143,0.0970075053061224,0.97008
"wrightsville","20_40",0.258955555555556,1.598,0.0807465169527454,5,17.7111111111111,56.0666666666667,26.2222222222222,0.222222222222222,0.412891397827161,8.25783
"wrightsville","40_100",0.55577037037037,1.78454545454545,0.0951171526448975,11,11.9222222222222,45.3555555555556,42.7222222222222,0,0.991797488215486,59.50785
